order_id,customer_id,order_date,store_location,category,item,quantity,unit_price,payment_method,satisfaction_rating,total_amount,month,day_of_week
ORD10000,C1109,2025-02-17,University Ave,Tea,Chai Latte,1,4.47,Card,,4.47,February,Monday
ORD10001,C1267,2025-09-24,Downtown,Espresso Drinks,Latte,1,5.02,Cash,4.0,5.02,September,Wednesday
ORD10002,C1318,2025-01-09,Riverside,Espresso Drinks,Cappuccino,3,4.69,Mobile Pay,,14.07,January,Thursday
ORD10003,C1109,2025-05-15,Downtown,Brewed Coffee,Cold Brew,2,3.8,Card,4.0,7.6,May,Thursday
ORD10004,C1490,2025-12-20,Downtown,Brewed Coffee,Drip Coffee,2,3.41,Mobile Pay,3.0,6.82,December,Saturday
ORD10005,C1316,2025-03-05,Riverside,Brewed Coffee,Cold Brew,1,2.79,Mobile Pay,3.0,2.79,March,Wednesday
ORD10006,C1153,2025-05-18,University Ave,Espresso Drinks,Latte,2,5.28,Card,5.0,10.56,May,Sunday
ORD10007,C1574,2025-03-21,Downtown,Pastries,Cinnamon Roll,1,3.62,Cash,,3.62,March,Friday
ORD10008,C1036,2025-09-23,Riverside,Tea,Green Tea,2,3.7,Mobile Pay,3.0,7.4,September,Tuesday
ORD10009,C1036,2025-06-18,Downtown,Espresso Drinks,Cappuccino,2,4.34,Card,,8.68,June,Wednesday
ORD10010,C1308,2025-08-04,Downtown,Pastries,Croissant,3,4.37,Cash,,13.11,August,Monday
ORD10011,C1113,2025-12-10,University Ave,Espresso Drinks,Flat White,1,5.27,Mobile Pay,3.0,5.27,December,Wednesday
ORD10012,C1394,2025-07-09,University Ave,Brewed Coffee,Pour Over,2,3.67,Card,,7.34,July,Wednesday
ORD10013,C1191,2025-09-25,University Ave,Espresso Drinks,Americano,2,5.26,Mobile Pay,,10.52,September,Thursday
ORD10014,C1264,2025-02-05,Riverside,Espresso Drinks,Americano,1,4.86,Cash,5.0,4.86,February,Wednesday
ORD10015,C1280,2025-03-20,Downtown,Espresso Drinks,Espresso Shot,1,4.71,Card,4.0,4.71,March,Thursday
ORD10016,C1463,2025-12-11,Riverside,Espresso Drinks,Espresso Shot,2,4.41,Card,3.0,8.82,December,Thursday
ORD10017,C1604,2025-11-09,Downtown,Brewed Coffee,Cold Brew,1,2.76,Card,5.0,2.76,November,Sunday
ORD10018,C1315,2025-08-28,Downtown,Brewed Coffee,Pour Over,2,3.3,Mobile Pay,3.0,6.6,August,Thursday
ORD10019,C1421,2025-05-18,University Ave,Espresso Drinks,Espresso Shot,1,3.85,Mobile Pay,,3.85,May,Sunday
ORD10020,C1382,2025-03-14,Riverside,Espresso Drinks,Latte,1,3.8,Mobile Pay,,3.8,March,Friday
ORD10021,C1563,2025-11-07,Riverside,Food,Breakfast Sandwich,3,6.27,Card,,18.81,November,Friday
ORD10022,C1193,2025-10-13,Downtown,Espresso Drinks,Americano,3,5.61,Gift Card,5.0,16.83,October,Monday
ORD10023,C1033,2025-03-29,Downtown,Brewed Coffee,Drip Coffee,1,3.19,Card,,3.19,March,Saturday
ORD10024,C1278,2025-08-03,Riverside,Espresso Drinks,Americano,1,4.14,Card,4.0,4.14,August,Sunday
ORD10025,C1002,2025-08-14,Riverside,Espresso Drinks,Cappuccino,1,4.63,Card,,4.63,August,Thursday
ORD10026,C1560,2025-06-23,Riverside,Espresso Drinks,Espresso Shot,2,5.39,Mobile Pay,4.0,10.78,June,Monday
ORD10027,C1066,2025-12-04,Riverside,Brewed Coffee,Pour Over,1,3.73,Card,,3.73,December,Thursday
ORD10028,C1475,2025-02-15,University Ave,Food,Breakfast Sandwich,1,6.65,Mobile Pay,2.0,6.65,February,Saturday
ORD10029,C1318,2025-04-04,Riverside,Espresso Drinks,Americano,2,5.67,Card,4.0,11.34,April,Friday
ORD10030,C1394,2025-02-04,Downtown,Tea,Green Tea,2,4.25,Gift Card,,8.5,February,Tuesday
ORD10031,C1215,2025-09-10,Downtown,Espresso Drinks,Espresso Shot,2,4.98,Gift Card,,9.96,September,Wednesday
ORD10032,C1625,2025-08-23,Downtown,Brewed Coffee,Drip Coffee,3,3.71,Cash,,11.13,August,Saturday
ORD10033,C1163,2025-12-26,Downtown,Espresso Drinks,Espresso Shot,2,5.48,Cash,,10.96,December,Friday
ORD10034,C1095,2025-07-17,University Ave,Pastries,Muffin,1,3.89,Cash,,3.89,July,Thursday
ORD10035,C1160,2025-02-24,Downtown,Espresso Drinks,Espresso Shot,3,4.91,Mobile Pay,,14.73,February,Monday
ORD10036,C1309,2025-06-14,University Ave,Tea,Herbal Tea,2,4.14,Cash,3.0,8.28,June,Saturday
ORD10037,C1423,2025-02-02,Downtown,Espresso Drinks,Espresso Shot,3,5.52,Card,,16.56,February,Sunday
ORD10038,C1318,2025-09-02,Downtown,Tea,Herbal Tea,1,4.33,Card,3.0,4.33,September,Tuesday
ORD10039,C1422,2025-09-03,University Ave,Espresso Drinks,Cappuccino,1,5.31,Mobile Pay,,5.31,September,Wednesday
ORD10040,C1536,2025-11-09,Riverside,Brewed Coffee,Pour Over,2,3.24,Card,,6.48,November,Sunday
ORD10041,C1267,2025-05-04,Downtown,Brewed Coffee,Cold Brew,2,3.0,Mobile Pay,,6.0,May,Sunday
ORD10042,C1385,2025-04-23,Riverside,Brewed Coffee,Drip Coffee,1,2.97,Cash,,2.97,April,Wednesday
ORD10043,C1020,2025-01-26,University Ave,Tea,Herbal Tea,3,4.15,Mobile Pay,,12.45,January,Sunday
ORD10044,C1238,2025-06-01,Downtown,Pastries,Scone,1,4.12,Mobile Pay,5.0,4.12,June,Sunday
ORD10045,C1132,2025-06-23,Downtown,Pastries,Muffin,1,3.65,Card,5.0,3.65,June,Monday
ORD10046,C1400,2025-10-02,Downtown,Tea,Green Tea,1,3.42,Card,4.0,3.42,October,Thursday
ORD10047,C1124,2025-10-02,University Ave,Espresso Drinks,Flat White,2,3.94,Mobile Pay,,7.88,October,Thursday
ORD10048,C1598,2025-02-21,Riverside,Brewed Coffee,Drip Coffee,2,2.75,Cash,5.0,5.5,February,Friday
ORD10049,C1649,2025-04-14,Downtown,Brewed Coffee,Cold Brew,2,3.74,Card,5.0,7.48,April,Monday
ORD10050,C1202,2025-07-06,Downtown,Espresso Drinks,Cappuccino,3,4.76,Card,,14.28,July,Sunday
ORD10051,C1111,2025-05-02,University Ave,Tea,Green Tea,1,3.74,Card,,3.74,May,Friday
ORD10052,C1287,2025-01-10,Riverside,Brewed Coffee,Drip Coffee,1,3.76,Card,5.0,3.76,January,Friday
ORD10053,C1162,2025-11-04,University Ave,Espresso Drinks,Americano,3,4.79,Mobile Pay,,14.37,November,Tuesday
ORD10054,C1483,2025-09-24,University Ave,Brewed Coffee,Drip Coffee,1,3.58,Mobile Pay,,3.58,September,Wednesday
ORD10055,C1388,2025-07-09,Downtown,Espresso Drinks,Cappuccino,1,4.1,Mobile Pay,,4.1,July,Wednesday
ORD10056,C1168,2025-04-26,Downtown,Espresso Drinks,Flat White,1,5.62,Cash,,5.62,April,Saturday
ORD10057,C1113,2025-11-03,Downtown,Brewed Coffee,Cold Brew,3,2.94,Mobile Pay,3.0,8.82,November,Monday
ORD10058,C1353,2025-01-13,Downtown,Pastries,Muffin,2,3.48,Card,4.0,6.96,January,Monday
ORD10059,C1465,2025-06-12,Riverside,Espresso Drinks,Flat White,2,5.02,Mobile Pay,,10.04,June,Thursday
ORD10060,C1188,2025-10-19,University Ave,Brewed Coffee,Pour Over,1,3.65,Mobile Pay,,3.65,October,Sunday
ORD10061,C1361,2025-12-13,Riverside,Tea,Herbal Tea,1,4.16,Card,3.0,4.16,December,Saturday
ORD10062,C1106,2025-04-02,Downtown,Tea,Green Tea,1,3.71,Card,,3.71,April,Wednesday
ORD10063,C1477,2025-08-25,Downtown,Tea,Green Tea,1,4.09,Cash,,4.09,August,Monday
ORD10064,C1173,2025-03-11,Downtown,Tea,Green Tea,2,4.58,Card,,9.16,March,Tuesday
ORD10065,C1052,2025-02-12,Downtown,Food,Bagel,2,7.09,Card,,14.18,February,Wednesday
ORD10066,C1645,2025-05-09,Downtown,Food,Bagel,1,7.15,Mobile Pay,5.0,7.15,May,Friday
ORD10067,C1427,2025-11-19,Downtown,Brewed Coffee,Drip Coffee,2,4.05,Card,,8.1,November,Wednesday
ORD10068,C1492,2025-09-08,Downtown,Pastries,Croissant,1,4.21,Card,,4.21,September,Monday
ORD10069,C1579,2025-06-28,University Ave,Pastries,Scone,1,4.02,Card,5.0,4.02,June,Saturday
ORD10070,C1290,2025-04-13,Downtown,Tea,Herbal Tea,2,4.28,Cash,5.0,8.56,April,Sunday
ORD10071,C1501,2025-02-21,Downtown,Espresso Drinks,Espresso Shot,2,3.88,Mobile Pay,,7.76,February,Friday
ORD10072,C1268,2025-04-09,Downtown,Espresso Drinks,Flat White,2,5.11,Mobile Pay,5.0,10.22,April,Wednesday
ORD10073,C1576,2025-02-25,Downtown,Pastries,Croissant,2,2.64,Gift Card,5.0,5.28,February,Tuesday
ORD10074,C1032,2025-03-10,Downtown,Brewed Coffee,Pour Over,1,2.88,Card,,2.88,March,Monday
ORD10075,C1493,2025-09-08,Downtown,Food,Avocado Toast,2,7.35,Card,4.0,14.7,September,Monday
ORD10076,C1529,2025-02-18,University Ave,Espresso Drinks,Flat White,3,4.2,Card,5.0,12.6,February,Tuesday
ORD10077,C1342,2025-01-18,University Ave,Brewed Coffee,Drip Coffee,3,3.86,Card,4.0,11.58,January,Saturday
ORD10078,C1075,2025-07-17,Downtown,Espresso Drinks,Espresso Shot,3,5.0,Card,3.0,15.0,July,Thursday
ORD10079,C1501,2025-04-15,University Ave,Brewed Coffee,Cold Brew,2,3.81,Mobile Pay,,7.62,April,Tuesday
ORD10080,C1418,2025-06-15,Riverside,Brewed Coffee,Pour Over,2,3.05,Cash,4.0,6.1,June,Sunday
ORD10081,C1515,2025-02-20,Downtown,Espresso Drinks,Americano,1,5.12,Card,,5.12,February,Thursday
ORD10082,C1217,2025-03-18,Riverside,Espresso Drinks,Espresso Shot,3,4.78,Card,2.0,14.34,March,Tuesday
ORD10083,C1568,2025-06-10,Riverside,Food,Bagel,3,8.09,Card,,24.27,June,Tuesday
ORD10084,C1277,2025-09-09,University Ave,Tea,Chai Latte,2,4.15,Mobile Pay,3.0,8.3,September,Tuesday
ORD10085,C1333,2025-05-31,Downtown,Pastries,Muffin,2,3.08,Card,,6.16,May,Saturday
ORD10086,C1072,2025-07-17,Riverside,Espresso Drinks,Americano,1,4.31,Mobile Pay,,4.31,July,Thursday
ORD10087,C1463,2025-07-09,Downtown,Espresso Drinks,Espresso Shot,3,3.92,Card,4.0,11.76,July,Wednesday
ORD10088,C1193,2025-04-08,University Ave,Brewed Coffee,Drip Coffee,3,2.79,Cash,3.0,8.37,April,Tuesday
ORD10089,C1039,2025-04-12,Riverside,Espresso Drinks,Espresso Shot,1,5.67,Mobile Pay,4.0,5.67,April,Saturday
ORD10090,C1573,2025-06-04,University Ave,Espresso Drinks,Espresso Shot,2,3.77,Cash,4.0,7.54,June,Wednesday
ORD10091,C1302,2025-01-12,University Ave,Espresso Drinks,Latte,3,4.25,Card,,12.75,January,Sunday
ORD10092,C1413,2025-09-07,University Ave,Pastries,Scone,2,3.03,Mobile Pay,,6.06,September,Sunday
ORD10093,C1386,2025-08-12,Riverside,Espresso Drinks,Cappuccino,1,4.67,Card,3.0,4.67,August,Tuesday
ORD10094,C1203,2025-04-22,Downtown,Espresso Drinks,Cappuccino,3,4.37,Mobile Pay,4.0,13.11,April,Tuesday
ORD10095,C1323,2025-05-17,Downtown,Espresso Drinks,Espresso Shot,2,5.74,Card,3.0,11.48,May,Saturday
ORD10096,C1589,2025-04-30,Riverside,Pastries,Scone,2,3.26,Mobile Pay,,6.52,April,Wednesday
ORD10097,C1218,2025-08-26,Riverside,Food,Avocado Toast,3,8.08,Cash,,24.24,August,Tuesday
ORD10098,C1047,2025-10-04,Riverside,Espresso Drinks,Latte,2,4.75,Mobile Pay,4.0,9.5,October,Saturday
ORD10099,C1039,2025-02-09,Downtown,Tea,Green Tea,1,4.48,Gift Card,5.0,4.48,February,Sunday
ORD10100,C1476,2025-05-31,University Ave,Pastries,Croissant,1,2.85,Card,,2.85,May,Saturday
ORD10101,C1566,2025-01-06,Downtown,Food,Avocado Toast,3,6.86,Card,4.0,20.58,January,Monday
ORD10102,C1533,2025-06-14,Riverside,Brewed Coffee,Pour Over,2,3.15,Cash,,6.3,June,Saturday
ORD10103,C1255,2025-04-01,Downtown,Espresso Drinks,Flat White,1,4.89,Card,,4.89,April,Tuesday
ORD10104,C1539,2025-05-03,University Ave,Brewed Coffee,Drip Coffee,2,2.95,Card,4.0,5.9,May,Saturday
ORD10105,C1147,2025-06-16,Riverside,Tea,Green Tea,1,3.54,Card,,3.54,June,Monday
ORD10106,C1446,2025-04-28,Riverside,Espresso Drinks,Flat White,3,5.21,Gift Card,,15.63,April,Monday
ORD10107,C1226,2025-05-24,Downtown,Brewed Coffee,Drip Coffee,2,3.58,Card,5.0,7.16,May,Saturday
ORD10108,C1153,2025-10-06,Downtown,Espresso Drinks,Flat White,3,3.92,Mobile Pay,,11.76,October,Monday
ORD10109,C1390,2025-10-22,Downtown,Pastries,Muffin,1,3.18,Card,,3.18,October,Wednesday
ORD10110,C1630,2025-01-03,Riverside,Espresso Drinks,Latte,1,5.03,Gift Card,,5.03,January,Friday
ORD10111,C1186,2025-05-18,Downtown,Brewed Coffee,Pour Over,1,2.89,Mobile Pay,,2.89,May,Sunday
ORD10112,C1476,2025-11-05,University Ave,Pastries,Cinnamon Roll,1,2.69,Card,,2.69,November,Wednesday
ORD10113,C1468,2025-07-13,University Ave,Pastries,Croissant,2,3.8,Card,,7.6,July,Sunday
ORD10114,C1005,2025-03-16,University Ave,Brewed Coffee,Pour Over,2,3.39,Card,,6.78,March,Sunday
ORD10115,C1254,2025-08-05,Downtown,Brewed Coffee,Cold Brew,2,3.05,Mobile Pay,3.0,6.1,August,Tuesday
ORD10116,C1031,2025-02-22,Downtown,Espresso Drinks,Flat White,2,3.84,Gift Card,,7.68,February,Saturday
ORD10117,C1315,2025-01-08,Riverside,Brewed Coffee,Cold Brew,1,3.77,Cash,,3.77,January,Wednesday
ORD10118,C1318,2025-08-19,Downtown,Tea,Herbal Tea,3,4.29,Card,,12.87,August,Tuesday
ORD10119,C1160,2025-07-07,Riverside,Espresso Drinks,Americano,2,3.98,Cash,,7.96,July,Monday
ORD10120,C1625,2025-10-03,Downtown,Espresso Drinks,Flat White,1,4.59,Card,,4.59,October,Friday
ORD10121,C1048,2025-05-06,University Ave,Espresso Drinks,Americano,1,5.63,Card,,5.63,May,Tuesday
ORD10122,C1203,2025-11-07,University Ave,Food,Avocado Toast,3,5.92,Card,4.0,17.76,November,Friday
ORD10123,C1423,2025-06-03,Riverside,Pastries,Croissant,1,3.42,Mobile Pay,,3.42,June,Tuesday
ORD10124,C1045,2025-09-26,Riverside,Espresso Drinks,Latte,2,5.25,Card,4.0,10.5,September,Friday
ORD10125,C1426,2025-02-06,Riverside,Brewed Coffee,Drip Coffee,3,4.09,Gift Card,,12.27,February,Thursday
ORD10126,C1073,2025-02-05,University Ave,Tea,Herbal Tea,2,4.0,Mobile Pay,,8.0,February,Wednesday
ORD10127,C1181,2025-10-12,Riverside,Pastries,Croissant,1,4.4,Mobile Pay,,4.4,October,Sunday
ORD10128,C1042,2025-10-31,Riverside,Brewed Coffee,Cold Brew,2,3.32,Card,4.0,6.64,October,Friday
ORD10129,C1390,2025-12-10,Riverside,Brewed Coffee,Drip Coffee,1,4.19,Card,,4.19,December,Wednesday
ORD10130,C1364,2025-04-29,Downtown,Pastries,Muffin,2,3.07,Gift Card,4.0,6.14,April,Tuesday
ORD10131,C1567,2025-01-09,Riverside,Pastries,Cinnamon Roll,2,3.05,Card,5.0,6.1,January,Thursday
ORD10132,C1066,2025-12-23,Riverside,Espresso Drinks,Americano,1,4.79,Card,1.0,4.79,December,Tuesday
ORD10133,C1415,2025-08-07,Riverside,Food,Breakfast Sandwich,1,6.39,Cash,,6.39,August,Thursday
ORD10134,C1533,2025-03-31,Riverside,Pastries,Muffin,1,3.05,Gift Card,,3.05,March,Monday
ORD10135,C1428,2025-10-06,Downtown,Tea,Herbal Tea,1,4.39,Mobile Pay,4.0,4.39,October,Monday
ORD10136,C1570,2025-11-26,Downtown,Espresso Drinks,Latte,1,4.14,Card,,4.14,November,Wednesday
ORD10137,C1341,2025-04-14,University Ave,Brewed Coffee,Cold Brew,3,2.99,Mobile Pay,,8.97,April,Monday
ORD10138,C1403,2025-10-08,Riverside,Pastries,Scone,1,3.43,Card,,3.43,October,Wednesday
ORD10139,C1052,2025-10-14,Downtown,Food,Avocado Toast,2,7.23,Mobile Pay,5.0,14.46,October,Tuesday
ORD10140,C1407,2025-07-02,University Ave,Espresso Drinks,Flat White,1,5.13,Card,,5.13,July,Wednesday
ORD10141,C1099,2025-08-19,Downtown,Tea,Herbal Tea,2,4.02,Mobile Pay,4.0,8.04,August,Tuesday
ORD10142,C1457,2025-04-09,Riverside,Pastries,Muffin,1,3.3,Gift Card,2.0,3.3,April,Wednesday
ORD10143,C1162,2025-12-05,Downtown,Espresso Drinks,Flat White,2,4.6,Cash,4.0,9.2,December,Friday
ORD10144,C1002,2025-12-24,University Ave,Espresso Drinks,Flat White,1,3.79,Card,4.0,3.79,December,Wednesday
ORD10145,C1428,2025-12-24,Downtown,Brewed Coffee,Drip Coffee,1,3.63,Cash,4.0,3.63,December,Wednesday
ORD10146,C1129,2025-09-26,University Ave,Espresso Drinks,Latte,2,4.9,Card,,9.8,September,Friday
ORD10147,C1382,2025-01-16,University Ave,Tea,Herbal Tea,1,3.92,Card,5.0,3.92,January,Thursday
ORD10148,C1122,2025-05-14,Downtown,Brewed Coffee,Drip Coffee,1,4.24,Card,,4.24,May,Wednesday
ORD10149,C1054,2025-06-11,Riverside,Brewed Coffee,Pour Over,2,3.12,Cash,,6.24,June,Wednesday
ORD10150,C1033,2025-12-16,Riverside,Espresso Drinks,Americano,1,4.23,Cash,,4.23,December,Tuesday
ORD10151,C1561,2025-07-19,University Ave,Espresso Drinks,Latte,1,4.46,Mobile Pay,,4.46,July,Saturday
ORD10152,C1404,2025-07-15,University Ave,Pastries,Scone,1,3.75,Mobile Pay,5.0,3.75,July,Tuesday
ORD10153,C1346,2025-02-23,University Ave,Pastries,Cinnamon Roll,2,3.01,Gift Card,4.0,6.02,February,Sunday
ORD10154,C1213,2025-10-16,Downtown,Pastries,Scone,1,2.99,Card,,2.99,October,Thursday
ORD10155,C1282,2025-05-03,Downtown,Espresso Drinks,Flat White,1,4.07,Card,,4.07,May,Saturday
ORD10156,C1324,2025-02-03,Downtown,Brewed Coffee,Pour Over,1,2.94,Card,4.0,2.94,February,Monday
ORD10157,C1072,2025-12-26,Downtown,Espresso Drinks,Latte,1,3.78,Mobile Pay,3.0,3.78,December,Friday
ORD10158,C1395,2025-03-11,University Ave,Brewed Coffee,Drip Coffee,1,2.93,Card,4.0,2.93,March,Tuesday
ORD10159,C1515,2025-01-06,Downtown,Espresso Drinks,Espresso Shot,2,3.95,Mobile Pay,5.0,7.9,January,Monday
ORD10160,C1409,2025-01-29,Riverside,Brewed Coffee,Pour Over,3,4.19,Cash,,12.57,January,Wednesday
ORD10161,C1244,2025-06-14,University Ave,Espresso Drinks,Espresso Shot,2,5.36,Card,,10.72,June,Saturday
ORD10162,C1312,2025-02-07,Riverside,Espresso Drinks,Americano,1,5.53,Mobile Pay,4.0,5.53,February,Friday
ORD10163,C1283,2025-11-03,Downtown,Espresso Drinks,Latte,3,5.52,Cash,4.0,16.56,November,Monday
ORD10164,C1239,2025-07-06,Downtown,Espresso Drinks,Americano,1,5.19,Card,,5.19,July,Sunday
ORD10165,C1080,2025-04-28,Riverside,Espresso Drinks,Americano,2,4.96,Mobile Pay,3.0,9.92,April,Monday
ORD10166,C1249,2025-01-02,University Ave,Pastries,Cinnamon Roll,2,3.34,Card,,6.68,January,Thursday
ORD10167,C1406,2025-06-24,Downtown,Espresso Drinks,Latte,2,4.91,Card,5.0,9.82,June,Tuesday
ORD10168,C1091,2025-02-25,Riverside,Pastries,Croissant,1,2.52,Card,3.0,2.52,February,Tuesday
ORD10169,C1215,2025-12-23,Riverside,Brewed Coffee,Drip Coffee,2,3.16,Card,4.0,6.32,December,Tuesday
ORD10170,C1190,2025-04-16,Downtown,Espresso Drinks,Flat White,3,4.93,Cash,,14.79,April,Wednesday
ORD10171,C1028,2025-06-22,University Ave,Brewed Coffee,Drip Coffee,1,3.45,Card,,3.45,June,Sunday
ORD10172,C1131,2025-01-07,Riverside,Brewed Coffee,Cold Brew,1,2.84,Mobile Pay,4.0,2.84,January,Tuesday
ORD10173,C1249,2025-02-17,University Ave,Espresso Drinks,Espresso Shot,1,5.18,Card,1.0,5.18,February,Monday
ORD10174,C1618,2025-03-17,Downtown,Tea,Chai Latte,1,4.41,Card,4.0,4.41,March,Monday
ORD10175,C1320,2025-01-19,Downtown,Espresso Drinks,Latte,1,3.96,Card,5.0,3.96,January,Sunday
ORD10176,C1239,2025-09-22,University Ave,Brewed Coffee,Cold Brew,1,3.59,Mobile Pay,,3.59,September,Monday
ORD10177,C1021,2025-12-11,Riverside,Espresso Drinks,Espresso Shot,3,4.55,Cash,4.0,13.65,December,Thursday
ORD10178,C1331,2025-12-25,Riverside,Espresso Drinks,Flat White,1,3.91,Gift Card,,3.91,December,Thursday
ORD10179,C1390,2025-04-07,Riverside,Brewed Coffee,Drip Coffee,1,3.1,Card,5.0,3.1,April,Monday
ORD10180,C1240,2025-10-15,Downtown,Brewed Coffee,Drip Coffee,1,2.82,Mobile Pay,,2.82,October,Wednesday
ORD10181,C1230,2025-07-03,Downtown,Espresso Drinks,Americano,2,3.8,Mobile Pay,,7.6,July,Thursday
ORD10182,C1060,2025-01-17,University Ave,Food,Bagel,3,6.47,Card,,19.41,January,Friday
ORD10183,C1276,2025-02-03,Downtown,Espresso Drinks,Flat White,3,3.78,Mobile Pay,,11.34,February,Monday
ORD10184,C1046,2025-07-19,University Ave,Pastries,Muffin,2,3.71,Mobile Pay,4.0,7.42,July,Saturday
ORD10185,C1525,2025-06-04,University Ave,Espresso Drinks,Latte,2,4.31,Mobile Pay,,8.62,June,Wednesday
ORD10186,C1144,2025-01-04,Downtown,Food,Breakfast Sandwich,1,7.59,Mobile Pay,4.0,7.59,January,Saturday
ORD10187,C1200,2025-12-05,University Ave,Brewed Coffee,Cold Brew,1,3.81,Card,4.0,3.81,December,Friday
ORD10188,C1553,2025-09-23,Riverside,Pastries,Scone,3,3.76,Card,,11.28,September,Tuesday
ORD10189,C1578,2025-07-02,Riverside,Espresso Drinks,Cappuccino,3,4.46,Mobile Pay,,13.38,July,Wednesday
ORD10190,C1553,2025-12-26,Riverside,Brewed Coffee,Drip Coffee,2,3.12,Cash,,6.24,December,Friday
ORD10191,C1502,2025-12-20,University Ave,Pastries,Scone,3,3.13,Mobile Pay,,9.39,December,Saturday
ORD10192,C1051,2025-12-21,Downtown,Espresso Drinks,Latte,1,5.56,Card,4.0,5.56,December,Sunday
ORD10193,C1167,2025-04-05,University Ave,Pastries,Croissant,3,3.41,Card,,10.23,April,Saturday
ORD10194,C1372,2025-11-17,Downtown,Food,Avocado Toast,2,5.58,Card,1.0,11.16,November,Monday
ORD10195,C1003,2025-07-03,University Ave,Food,Bagel,1,6.25,Mobile Pay,5.0,6.25,July,Thursday
ORD10196,C1526,2025-09-22,Downtown,Espresso Drinks,Latte,1,4.08,Cash,3.0,4.08,September,Monday
ORD10197,C1080,2025-11-09,Downtown,Espresso Drinks,Americano,1,5.67,Card,5.0,5.67,November,Sunday
ORD10198,C1215,2025-03-01,Downtown,Brewed Coffee,Drip Coffee,1,4.04,Card,,4.04,March,Saturday
ORD10199,C1081,2025-06-13,Downtown,Espresso Drinks,Cappuccino,1,5.37,Mobile Pay,,5.37,June,Friday
ORD10200,C1397,2025-02-16,Riverside,Pastries,Muffin,1,4.41,Cash,4.0,4.41,February,Sunday
ORD10201,C1300,2025-04-12,Downtown,Tea,Herbal Tea,2,3.52,Mobile Pay,4.0,7.04,April,Saturday
ORD10202,C1322,2025-05-31,Riverside,Espresso Drinks,Espresso Shot,2,4.42,Mobile Pay,,8.84,May,Saturday
ORD10203,C1311,2025-11-08,Downtown,Espresso Drinks,Flat White,2,4.89,Mobile Pay,,9.78,November,Saturday
ORD10204,C1505,2025-11-11,University Ave,Brewed Coffee,Pour Over,1,3.73,Cash,,3.73,November,Tuesday
ORD10205,C1448,2025-05-22,University Ave,Espresso Drinks,Flat White,1,5.45,Card,,5.45,May,Thursday
ORD10206,C1300,2025-04-30,Downtown,Espresso Drinks,Espresso Shot,1,4.06,Cash,4.0,4.06,April,Wednesday
ORD10207,C1462,2025-07-13,Downtown,Pastries,Muffin,2,4.5,Cash,4.0,9.0,July,Sunday
ORD10208,C1245,2025-11-28,University Ave,Espresso Drinks,Flat White,1,4.92,Card,4.0,4.92,November,Friday
ORD10209,C1107,2025-12-22,Downtown,Brewed Coffee,Cold Brew,1,3.57,Card,,3.57,December,Monday
ORD10210,C1573,2025-03-24,University Ave,Espresso Drinks,Flat White,1,4.62,Card,,4.62,March,Monday
ORD10211,C1168,2025-03-09,Downtown,Tea,Green Tea,2,3.99,Card,5.0,7.98,March,Sunday
ORD10212,C1165,2025-09-15,Riverside,Espresso Drinks,Espresso Shot,1,3.76,Card,,3.76,September,Monday
ORD10213,C1223,2025-04-20,Riverside,Brewed Coffee,Pour Over,2,3.65,Mobile Pay,,7.3,April,Sunday
ORD10214,C1121,2025-03-14,Downtown,Espresso Drinks,Latte,1,4.02,Card,5.0,4.02,March,Friday
ORD10215,C1340,2025-01-12,Downtown,Espresso Drinks,Espresso Shot,1,4.5,Mobile Pay,4.0,4.5,January,Sunday
ORD10216,C1619,2025-05-27,Downtown,Pastries,Scone,2,2.89,Mobile Pay,,5.78,May,Tuesday
ORD10217,C1533,2025-05-23,Riverside,Pastries,Muffin,2,4.32,Card,5.0,8.64,May,Friday
ORD10218,C1318,2025-07-24,Riverside,Espresso Drinks,Flat White,2,3.86,Cash,5.0,7.72,July,Thursday
ORD10219,C1365,2025-03-14,Downtown,Espresso Drinks,Flat White,2,5.26,Mobile Pay,,10.52,March,Friday
ORD10220,C1470,2025-09-18,Downtown,Food,Breakfast Sandwich,1,6.61,Card,4.0,6.61,September,Thursday
ORD10221,C1593,2025-09-05,Downtown,Tea,Green Tea,3,4.61,Mobile Pay,4.0,13.83,September,Friday
ORD10222,C1602,2025-06-18,Riverside,Brewed Coffee,Cold Brew,1,2.94,Card,3.0,2.94,June,Wednesday
ORD10223,C1047,2025-03-08,Downtown,Espresso Drinks,Flat White,3,5.69,Card,5.0,17.07,March,Saturday
ORD10224,C1531,2025-07-04,Downtown,Food,Bagel,1,6.58,Mobile Pay,,6.58,July,Friday
ORD10225,C1278,2025-09-03,University Ave,Tea,Herbal Tea,1,4.07,Card,,4.07,September,Wednesday
ORD10226,C1472,2025-05-16,Downtown,Brewed Coffee,Cold Brew,2,2.81,Mobile Pay,,5.62,May,Friday
ORD10227,C1171,2025-04-06,Riverside,Espresso Drinks,Latte,1,5.06,Card,,5.06,April,Sunday
ORD10228,C1621,2025-07-04,University Ave,Food,Breakfast Sandwich,3,7.15,Card,,21.45,July,Friday
ORD10229,C1601,2025-05-10,University Ave,Brewed Coffee,Cold Brew,1,3.32,Cash,,3.32,May,Saturday
ORD10230,C1504,2025-05-26,Downtown,Espresso Drinks,Latte,3,3.78,Card,,11.34,May,Monday
ORD10231,C1169,2025-05-07,University Ave,Pastries,Cinnamon Roll,2,3.58,Gift Card,2.0,7.16,May,Wednesday
ORD10232,C1588,2025-04-21,Downtown,Pastries,Scone,1,4.17,Cash,,4.17,April,Monday
ORD10233,C1479,2025-09-18,Downtown,Espresso Drinks,Americano,1,4.32,Card,3.0,4.32,September,Thursday
ORD10234,C1649,2025-06-17,University Ave,Tea,Herbal Tea,2,3.9,Card,5.0,7.8,June,Tuesday
ORD10235,C1465,2025-06-19,University Ave,Pastries,Cinnamon Roll,2,3.78,Card,,7.56,June,Thursday
ORD10236,C1348,2025-08-26,Downtown,Brewed Coffee,Drip Coffee,1,3.56,Mobile Pay,,3.56,August,Tuesday
ORD10237,C1392,2025-05-12,Riverside,Espresso Drinks,Americano,3,5.66,Mobile Pay,,16.98,May,Monday
ORD10238,C1642,2025-02-06,Downtown,Brewed Coffee,Pour Over,1,3.47,Mobile Pay,5.0,3.47,February,Thursday
ORD10239,C1251,2025-11-07,Riverside,Pastries,Muffin,1,2.82,Gift Card,5.0,2.82,November,Friday
ORD10240,C1173,2025-01-21,Downtown,Food,Bagel,2,7.0,Mobile Pay,,14.0,January,Tuesday
ORD10241,C1483,2025-07-28,Riverside,Brewed Coffee,Cold Brew,2,4.02,Mobile Pay,,8.04,July,Monday
ORD10242,C1436,2025-04-07,Riverside,Brewed Coffee,Pour Over,1,3.29,Card,,3.29,April,Monday
ORD10243,C1565,2025-03-19,Downtown,Espresso Drinks,Americano,2,5.29,Card,,10.58,March,Wednesday
ORD10244,C1167,2025-01-16,University Ave,Brewed Coffee,Cold Brew,1,3.15,Gift Card,1.0,3.15,January,Thursday
ORD10245,C1534,2025-11-24,Downtown,Brewed Coffee,Drip Coffee,1,2.76,Card,3.0,2.76,November,Monday
ORD10246,C1569,2025-06-06,Downtown,Espresso Drinks,Flat White,2,5.54,Card,5.0,11.08,June,Friday
ORD10247,C1555,2025-05-05,Downtown,Tea,Chai Latte,3,4.67,Card,5.0,14.01,May,Monday
ORD10248,C1348,2025-09-27,Downtown,Espresso Drinks,Flat White,2,4.27,Card,,8.54,September,Saturday
ORD10249,C1238,2025-01-15,University Ave,Tea,Chai Latte,1,4.48,Cash,,4.48,January,Wednesday
ORD10250,C1338,2025-07-25,Downtown,Tea,Herbal Tea,1,4.11,Mobile Pay,,4.11,July,Friday
ORD10251,C1648,2025-06-30,Downtown,Food,Avocado Toast,2,7.93,Card,3.0,15.86,June,Monday
ORD10252,C1118,2025-07-21,University Ave,Espresso Drinks,Espresso Shot,1,3.96,Cash,,3.96,July,Monday
ORD10253,C1482,2025-02-15,University Ave,Brewed Coffee,Cold Brew,2,3.62,Gift Card,2.0,7.24,February,Saturday
ORD10254,C1316,2025-12-13,Downtown,Food,Avocado Toast,1,6.66,Card,4.0,6.66,December,Saturday
ORD10255,C1212,2025-03-28,University Ave,Espresso Drinks,Americano,2,3.83,Card,1.0,7.66,March,Friday
ORD10256,C1505,2025-09-04,University Ave,Tea,Green Tea,2,4.41,Mobile Pay,5.0,8.82,September,Thursday
ORD10257,C1607,2025-09-29,Downtown,Food,Avocado Toast,1,8.23,Gift Card,5.0,8.23,September,Monday
ORD10258,C1428,2025-05-06,Riverside,Pastries,Scone,2,3.25,Card,,6.5,May,Tuesday
ORD10259,C1015,2025-02-17,Downtown,Espresso Drinks,Cappuccino,1,4.92,Card,,4.92,February,Monday
ORD10260,C1644,2025-04-18,Riverside,Brewed Coffee,Cold Brew,2,3.44,Mobile Pay,,6.88,April,Friday
ORD10261,C1331,2025-10-21,Downtown,Espresso Drinks,Espresso Shot,1,4.83,Cash,,4.83,October,Tuesday
ORD10262,C1367,2025-11-26,University Ave,Brewed Coffee,Cold Brew,3,3.65,Card,,10.95,November,Wednesday
ORD10263,C1076,2025-12-08,University Ave,Brewed Coffee,Cold Brew,2,2.89,Cash,5.0,5.78,December,Monday
ORD10264,C1144,2025-03-24,Riverside,Brewed Coffee,Pour Over,3,3.97,Cash,,11.91,March,Monday
ORD10265,C1419,2025-08-09,University Ave,Espresso Drinks,Americano,1,4.45,Card,3.0,4.45,August,Saturday
ORD10266,C1190,2025-02-24,Riverside,Espresso Drinks,Latte,1,5.13,Mobile Pay,,5.13,February,Monday
ORD10267,C1635,2025-09-16,Downtown,Pastries,Scone,1,3.51,Card,5.0,3.51,September,Tuesday
ORD10268,C1295,2025-06-01,University Ave,Brewed Coffee,Pour Over,3,3.5,Mobile Pay,,10.5,June,Sunday
ORD10269,C1155,2025-09-17,University Ave,Espresso Drinks,Latte,1,4.14,Mobile Pay,4.0,4.14,September,Wednesday
ORD10270,C1449,2025-09-07,University Ave,Espresso Drinks,Cappuccino,2,4.93,Mobile Pay,3.0,9.86,September,Sunday
ORD10271,C1086,2025-12-28,University Ave,Brewed Coffee,Pour Over,2,3.23,Cash,,6.46,December,Sunday
ORD10272,C1261,2025-06-27,Downtown,Food,Bagel,1,6.28,Mobile Pay,4.0,6.28,June,Friday
ORD10273,C1445,2025-05-05,Downtown,Pastries,Muffin,1,3.05,Card,,3.05,May,Monday
ORD10274,C1028,2025-07-11,Riverside,Pastries,Scone,1,2.89,Cash,4.0,2.89,July,Friday
ORD10275,C1377,2025-03-01,Riverside,Espresso Drinks,Espresso Shot,1,4.75,Mobile Pay,3.0,4.75,March,Saturday
ORD10276,C1557,2025-02-10,Downtown,Espresso Drinks,Latte,3,4.83,Gift Card,,14.49,February,Monday
ORD10277,C1054,2025-07-08,Downtown,Espresso Drinks,Espresso Shot,2,3.87,Mobile Pay,,7.74,July,Tuesday
ORD10278,C1298,2025-10-28,Downtown,Espresso Drinks,Flat White,3,5.06,Card,3.0,15.18,October,Tuesday
ORD10279,C1249,2025-07-14,University Ave,Tea,Green Tea,3,4.49,Gift Card,,13.47,July,Monday
ORD10280,C1452,2025-10-12,University Ave,Food,Avocado Toast,2,7.45,Card,4.0,14.9,October,Sunday
ORD10281,C1637,2025-03-06,Riverside,Pastries,Croissant,1,3.89,Mobile Pay,,3.89,March,Thursday
ORD10282,C1517,2025-06-13,Riverside,Espresso Drinks,Latte,1,4.21,Mobile Pay,,4.21,June,Friday
ORD10283,C1139,2025-08-12,Riverside,Espresso Drinks,Espresso Shot,3,4.58,Cash,,13.74,August,Tuesday
ORD10284,C1391,2025-05-07,Riverside,Espresso Drinks,Flat White,1,3.96,Mobile Pay,,3.96,May,Wednesday
ORD10285,C1166,2025-01-06,University Ave,Brewed Coffee,Cold Brew,3,2.81,Card,4.0,8.43,January,Monday
ORD10286,C1443,2025-01-27,University Ave,Food,Bagel,1,8.42,Mobile Pay,,8.42,January,Monday
ORD10287,C1587,2025-12-04,University Ave,Food,Bagel,2,8.09,Card,,16.18,December,Thursday
ORD10288,C1222,2025-08-09,Riverside,Espresso Drinks,Latte,2,4.87,Mobile Pay,,9.74,August,Saturday
ORD10289,C1618,2025-04-07,University Ave,Pastries,Croissant,2,3.22,Card,4.0,6.44,April,Monday
ORD10290,C1115,2025-04-05,Downtown,Tea,Herbal Tea,2,3.87,Card,4.0,7.74,April,Saturday
ORD10291,C1126,2025-01-15,University Ave,Tea,Chai Latte,2,3.73,Card,,7.46,January,Wednesday
ORD10292,C1611,2025-12-10,University Ave,Espresso Drinks,Latte,1,5.43,Gift Card,,5.43,December,Wednesday
ORD10293,C1266,2025-02-09,Riverside,Brewed Coffee,Cold Brew,2,3.8,Card,4.0,7.6,February,Sunday
ORD10294,C1368,2025-10-04,Riverside,Espresso Drinks,Flat White,1,5.26,Card,5.0,5.26,October,Saturday
ORD10295,C1353,2025-03-29,Riverside,Brewed Coffee,Pour Over,1,4.23,Gift Card,5.0,4.23,March,Saturday
ORD10296,C1392,2025-05-03,Riverside,Espresso Drinks,Cappuccino,2,4.0,Card,,8.0,May,Saturday
ORD10297,C1375,2025-04-10,Downtown,Espresso Drinks,Flat White,3,3.84,Gift Card,,11.52,April,Thursday
ORD10298,C1477,2025-10-28,University Ave,Pastries,Croissant,1,3.7,Card,,3.7,October,Tuesday
ORD10299,C1454,2025-01-12,University Ave,Pastries,Cinnamon Roll,1,3.29,Card,2.0,3.29,January,Sunday
ORD10300,C1604,2025-05-09,Downtown,Food,Bagel,1,7.45,Cash,4.0,7.45,May,Friday
ORD10301,C1231,2025-04-12,University Ave,Espresso Drinks,Latte,1,4.86,Card,,4.86,April,Saturday
ORD10302,C1442,2025-04-10,Riverside,Tea,Green Tea,3,3.39,Mobile Pay,5.0,10.17,April,Thursday
ORD10303,C1166,2025-03-12,Riverside,Food,Breakfast Sandwich,3,7.16,Card,,21.48,March,Wednesday
ORD10304,C1597,2025-11-29,Riverside,Pastries,Muffin,2,3.88,Mobile Pay,,7.76,November,Saturday
ORD10305,C1634,2025-05-18,University Ave,Tea,Chai Latte,2,3.63,Card,,7.26,May,Sunday
ORD10306,C1073,2025-06-02,Downtown,Brewed Coffee,Pour Over,1,3.75,Cash,,3.75,June,Monday
ORD10307,C1405,2025-05-21,Riverside,Espresso Drinks,Americano,1,4.16,Card,,4.16,May,Wednesday
ORD10308,C1465,2025-12-23,Downtown,Tea,Green Tea,1,4.25,Card,4.0,4.25,December,Tuesday
ORD10309,C1624,2025-05-04,Riverside,Brewed Coffee,Pour Over,2,3.93,Card,3.0,7.86,May,Sunday
ORD10310,C1101,2025-05-05,University Ave,Tea,Chai Latte,1,4.16,Cash,,4.16,May,Monday
ORD10311,C1150,2025-04-30,Riverside,Espresso Drinks,Flat White,1,5.67,Card,,5.67,April,Wednesday
ORD10312,C1324,2025-04-30,Downtown,Brewed Coffee,Cold Brew,1,4.0,Card,4.0,4.0,April,Wednesday
ORD10313,C1089,2025-02-02,Riverside,Espresso Drinks,Latte,1,5.41,Card,4.0,5.41,February,Sunday
ORD10314,C1533,2025-08-08,Riverside,Espresso Drinks,Cappuccino,1,5.2,Cash,,5.2,August,Friday
ORD10315,C1633,2025-01-10,Riverside,Tea,Green Tea,1,3.5,Card,,3.5,January,Friday
ORD10316,C1638,2025-03-24,University Ave,Brewed Coffee,Pour Over,2,3.37,Card,4.0,6.74,March,Monday
ORD10317,C1005,2025-03-15,Downtown,Espresso Drinks,Americano,1,5.25,Gift Card,5.0,5.25,March,Saturday
ORD10318,C1194,2025-04-17,Downtown,Espresso Drinks,Cappuccino,3,4.84,Card,,14.52,April,Thursday
ORD10319,C1133,2025-10-03,Downtown,Food,Avocado Toast,3,6.93,Card,3.0,20.79,October,Friday
ORD10320,C1623,2025-08-07,Riverside,Espresso Drinks,Latte,1,5.41,Mobile Pay,3.0,5.41,August,Thursday
ORD10321,C1445,2025-12-27,Downtown,Pastries,Croissant,2,2.6,Cash,4.0,5.2,December,Saturday
ORD10322,C1480,2025-05-08,Riverside,Pastries,Croissant,1,2.84,Mobile Pay,,2.84,May,Thursday
ORD10323,C1438,2025-12-04,Riverside,Food,Bagel,1,7.15,Card,,7.15,December,Thursday
ORD10324,C1165,2025-01-17,Riverside,Pastries,Scone,1,3.63,Card,,3.63,January,Friday
ORD10325,C1543,2025-07-03,Downtown,Food,Breakfast Sandwich,2,6.84,Mobile Pay,,13.68,July,Thursday
ORD10326,C1002,2025-10-18,Riverside,Pastries,Scone,3,3.68,Gift Card,4.0,11.04,October,Saturday
ORD10327,C1638,2025-07-13,Downtown,Pastries,Cinnamon Roll,3,3.77,Card,4.0,11.31,July,Sunday
ORD10328,C1425,2025-12-06,University Ave,Espresso Drinks,Flat White,1,4.31,Mobile Pay,4.0,4.31,December,Saturday
ORD10329,C1060,2025-04-25,Downtown,Food,Avocado Toast,2,7.79,Cash,,15.58,April,Friday
ORD10330,C1259,2025-01-13,University Ave,Espresso Drinks,Espresso Shot,2,4.37,Card,3.0,8.74,January,Monday
ORD10331,C1496,2025-10-09,Downtown,Pastries,Cinnamon Roll,3,2.9,Gift Card,5.0,8.7,October,Thursday
ORD10332,C1352,2025-01-25,Riverside,Food,Avocado Toast,1,6.67,Mobile Pay,,6.67,January,Saturday
ORD10333,C1426,2025-10-06,Downtown,Brewed Coffee,Drip Coffee,2,2.79,Card,,5.58,October,Monday
ORD10334,C1524,2025-09-24,Downtown,Espresso Drinks,Flat White,2,4.85,Cash,4.0,9.7,September,Wednesday
ORD10335,C1537,2025-11-04,Downtown,Food,Bagel,1,8.24,Mobile Pay,,8.24,November,Tuesday
ORD10336,C1597,2025-06-24,University Ave,Espresso Drinks,Latte,3,5.11,Cash,,15.33,June,Tuesday
ORD10337,C1389,2025-11-22,Riverside,Brewed Coffee,Drip Coffee,3,3.59,Card,3.0,10.77,November,Saturday
ORD10338,C1158,2025-03-03,University Ave,Brewed Coffee,Cold Brew,1,3.98,Mobile Pay,,3.98,March,Monday
ORD10339,C1088,2025-06-08,Downtown,Food,Breakfast Sandwich,2,6.27,Card,,12.54,June,Sunday
ORD10340,C1186,2025-02-14,University Ave,Espresso Drinks,Cappuccino,2,5.24,Mobile Pay,4.0,10.48,February,Friday
ORD10341,C1327,2025-10-07,Riverside,Pastries,Cinnamon Roll,1,4.25,Card,4.0,4.25,October,Tuesday
ORD10342,C1112,2025-09-17,Downtown,Espresso Drinks,Cappuccino,2,4.66,Cash,,9.32,September,Wednesday
ORD10343,C1583,2025-10-21,University Ave,Brewed Coffee,Pour Over,1,3.68,Mobile Pay,,3.68,October,Tuesday
ORD10344,C1344,2025-10-06,Downtown,Espresso Drinks,Flat White,1,4.72,Card,,4.72,October,Monday
ORD10345,C1284,2025-04-23,University Ave,Tea,Herbal Tea,2,4.05,Gift Card,3.0,8.1,April,Wednesday
ORD10346,C1418,2025-01-25,Downtown,Pastries,Muffin,2,3.79,Card,3.0,7.58,January,Saturday
ORD10347,C1169,2025-12-05,Riverside,Pastries,Cinnamon Roll,1,2.89,Card,,2.89,December,Friday
ORD10348,C1555,2025-06-29,University Ave,Brewed Coffee,Drip Coffee,2,3.53,Card,,7.06,June,Sunday
ORD10349,C1562,2025-02-04,Downtown,Brewed Coffee,Drip Coffee,1,4.23,Card,3.0,4.23,February,Tuesday
ORD10350,C1084,2025-12-04,Riverside,Tea,Chai Latte,1,3.43,Card,,3.43,December,Thursday
ORD10351,C1209,2025-12-28,Riverside,Brewed Coffee,Drip Coffee,1,4.24,Card,3.0,4.24,December,Sunday
ORD10352,C1190,2025-06-12,University Ave,Espresso Drinks,Americano,1,5.72,Mobile Pay,4.0,5.72,June,Thursday
ORD10353,C1227,2025-10-08,Riverside,Espresso Drinks,Cappuccino,2,5.3,Card,,10.6,October,Wednesday
ORD10354,C1058,2025-01-14,Riverside,Espresso Drinks,Flat White,1,3.82,Card,,3.82,January,Tuesday
ORD10355,C1007,2025-02-03,Downtown,Brewed Coffee,Cold Brew,1,3.47,Card,,3.47,February,Monday
ORD10356,C1399,2025-04-11,Downtown,Pastries,Scone,1,2.61,Card,4.0,2.61,April,Friday
ORD10357,C1465,2025-08-27,Riverside,Pastries,Muffin,2,3.22,Card,,6.44,August,Wednesday
ORD10358,C1013,2025-02-18,Downtown,Brewed Coffee,Cold Brew,3,3.56,Card,3.0,10.68,February,Tuesday
ORD10359,C1496,2025-01-13,Downtown,Pastries,Cinnamon Roll,2,4.06,Mobile Pay,,8.12,January,Monday
ORD10360,C1522,2025-09-01,University Ave,Espresso Drinks,Espresso Shot,3,4.29,Card,,12.87,September,Monday
ORD10361,C1154,2025-10-08,Riverside,Brewed Coffee,Pour Over,1,4.23,Gift Card,3.0,4.23,October,Wednesday
ORD10362,C1320,2025-09-27,Riverside,Espresso Drinks,Espresso Shot,2,5.35,Gift Card,,10.7,September,Saturday
ORD10363,C1291,2025-10-18,Riverside,Espresso Drinks,Cappuccino,2,5.07,Card,4.0,10.14,October,Saturday
ORD10364,C1375,2025-10-20,Riverside,Brewed Coffee,Cold Brew,2,3.36,Card,4.0,6.72,October,Monday
ORD10365,C1390,2025-08-08,Riverside,Espresso Drinks,Latte,2,5.57,Gift Card,5.0,11.14,August,Friday
ORD10366,C1229,2025-07-09,University Ave,Pastries,Muffin,1,3.78,Cash,4.0,3.78,July,Wednesday
ORD10367,C1504,2025-11-08,Riverside,Food,Avocado Toast,1,7.2,Card,,7.2,November,Saturday
ORD10368,C1368,2025-05-07,University Ave,Espresso Drinks,Espresso Shot,2,4.11,Mobile Pay,4.0,8.22,May,Wednesday
ORD10369,C1451,2025-02-05,Riverside,Pastries,Croissant,3,3.69,Card,5.0,11.07,February,Wednesday
ORD10370,C1007,2025-10-01,Downtown,Espresso Drinks,Flat White,2,4.52,Card,,9.04,October,Wednesday
ORD10371,C1139,2025-04-11,Downtown,Tea,Herbal Tea,2,4.41,Cash,3.0,8.82,April,Friday
ORD10372,C1392,2025-12-23,Riverside,Pastries,Croissant,1,2.81,Mobile Pay,4.0,2.81,December,Tuesday
ORD10373,C1609,2025-05-31,Downtown,Pastries,Croissant,2,2.74,Card,,5.48,May,Saturday
ORD10374,C1566,2025-11-07,Downtown,Food,Breakfast Sandwich,1,7.94,Card,,7.94,November,Friday
ORD10375,C1509,2025-01-16,Downtown,Brewed Coffee,Drip Coffee,2,3.4,Cash,4.0,6.8,January,Thursday
ORD10376,C1308,2025-08-28,University Ave,Espresso Drinks,Americano,1,4.63,Card,3.0,4.63,August,Thursday
ORD10377,C1223,2025-06-13,Downtown,Espresso Drinks,Americano,3,5.37,Gift Card,,16.11,June,Friday
ORD10378,C1090,2025-06-18,Downtown,Pastries,Croissant,3,3.4,Card,,10.2,June,Wednesday
ORD10379,C1510,2025-04-07,Downtown,Food,Bagel,1,7.36,Card,,7.36,April,Monday
ORD10380,C1176,2025-12-20,Riverside,Espresso Drinks,Espresso Shot,1,4.76,Card,4.0,4.76,December,Saturday
ORD10381,C1108,2025-05-23,Downtown,Espresso Drinks,Espresso Shot,1,3.81,Mobile Pay,3.0,3.81,May,Friday
ORD10382,C1613,2025-11-06,Riverside,Pastries,Cinnamon Roll,2,4.26,Card,,8.52,November,Thursday
ORD10383,C1182,2025-06-04,Riverside,Food,Breakfast Sandwich,3,6.24,Mobile Pay,,18.72,June,Wednesday
ORD10384,C1430,2025-01-18,Riverside,Espresso Drinks,Latte,3,5.14,Card,5.0,15.42,January,Saturday
ORD10385,C1356,2025-11-17,University Ave,Tea,Chai Latte,1,3.7,Mobile Pay,4.0,3.7,November,Monday
ORD10386,C1130,2025-03-09,University Ave,Pastries,Scone,3,3.3,Card,,9.9,March,Sunday
ORD10387,C1015,2025-04-09,University Ave,Brewed Coffee,Pour Over,1,2.92,Card,,2.92,April,Wednesday
ORD10388,C1307,2025-11-10,Downtown,Food,Breakfast Sandwich,2,8.01,Cash,3.0,16.02,November,Monday
ORD10389,C1255,2025-11-22,University Ave,Espresso Drinks,Americano,3,5.46,Mobile Pay,,16.38,November,Saturday
ORD10390,C1214,2025-11-30,Riverside,Espresso Drinks,Americano,2,4.39,Cash,3.0,8.78,November,Sunday
ORD10391,C1140,2025-06-05,Downtown,Espresso Drinks,Espresso Shot,1,4.47,Card,4.0,4.47,June,Thursday
ORD10392,C1017,2025-10-03,Riverside,Tea,Green Tea,1,3.58,Card,1.0,3.58,October,Friday
ORD10393,C1351,2025-04-30,University Ave,Espresso Drinks,Flat White,2,4.71,Card,4.0,9.42,April,Wednesday
ORD10394,C1591,2025-09-27,University Ave,Espresso Drinks,Cappuccino,2,4.7,Mobile Pay,4.0,9.4,September,Saturday
ORD10395,C1323,2025-07-02,Riverside,Food,Bagel,3,7.33,Card,3.0,21.99,July,Wednesday
ORD10396,C1022,2025-01-19,University Ave,Brewed Coffee,Drip Coffee,1,3.79,Card,,3.79,January,Sunday
ORD10397,C1381,2025-06-02,University Ave,Espresso Drinks,Latte,2,3.85,Card,,7.7,June,Monday
ORD10398,C1248,2025-06-20,Riverside,Food,Avocado Toast,2,6.72,Card,4.0,13.44,June,Friday
ORD10399,C1305,2025-04-04,Riverside,Brewed Coffee,Cold Brew,1,3.67,Card,3.0,3.67,April,Friday
ORD10400,C1270,2025-05-17,Downtown,Food,Breakfast Sandwich,3,6.78,Card,,20.34,May,Saturday
ORD10401,C1648,2025-07-02,University Ave,Pastries,Croissant,3,3.82,Card,,11.46,July,Wednesday
ORD10402,C1413,2025-01-19,Riverside,Espresso Drinks,Cappuccino,1,4.24,Card,,4.24,January,Sunday
ORD10403,C1367,2025-02-25,Downtown,Pastries,Cinnamon Roll,2,4.39,Card,,8.78,February,Tuesday
ORD10404,C1072,2025-10-07,University Ave,Food,Breakfast Sandwich,3,6.5,Mobile Pay,,19.5,October,Tuesday
ORD10405,C1645,2025-05-09,University Ave,Food,Breakfast Sandwich,2,7.29,Cash,,14.58,May,Friday
ORD10406,C1158,2025-08-10,Downtown,Pastries,Muffin,1,2.56,Card,3.0,2.56,August,Sunday
ORD10407,C1512,2025-07-25,Riverside,Espresso Drinks,Cappuccino,2,5.41,Cash,,10.82,July,Friday
ORD10408,C1232,2025-07-20,University Ave,Brewed Coffee,Cold Brew,2,2.92,Mobile Pay,,5.84,July,Sunday
ORD10409,C1279,2025-05-31,University Ave,Food,Breakfast Sandwich,3,7.3,Card,4.0,21.9,May,Saturday
ORD10410,C1116,2025-06-25,Downtown,Food,Breakfast Sandwich,2,5.81,Cash,2.0,11.62,June,Wednesday
ORD10411,C1617,2025-10-27,Downtown,Espresso Drinks,Flat White,1,5.48,Card,5.0,5.48,October,Monday
ORD10412,C1084,2025-12-18,Downtown,Pastries,Scone,3,3.43,Cash,,10.29,December,Thursday
ORD10413,C1239,2025-04-04,Riverside,Espresso Drinks,Espresso Shot,2,4.26,Card,4.0,8.52,April,Friday
ORD10414,C1082,2025-09-01,University Ave,Espresso Drinks,Latte,1,5.11,Card,3.0,5.11,September,Monday
ORD10415,C1088,2025-12-19,Riverside,Espresso Drinks,Flat White,1,4.98,Mobile Pay,,4.98,December,Friday
ORD10416,C1117,2025-01-03,Downtown,Pastries,Croissant,1,4.17,Card,4.0,4.17,January,Friday
ORD10417,C1130,2025-10-13,Riverside,Espresso Drinks,Espresso Shot,2,5.12,Card,,10.24,October,Monday
ORD10418,C1100,2025-06-30,Riverside,Brewed Coffee,Cold Brew,1,3.8,Cash,,3.8,June,Monday
ORD10419,C1495,2025-12-19,Riverside,Food,Avocado Toast,2,6.02,Card,,12.04,December,Friday
ORD10420,C1630,2025-07-30,University Ave,Brewed Coffee,Cold Brew,2,3.98,Cash,1.0,7.96,July,Wednesday
ORD10421,C1334,2025-11-02,Downtown,Pastries,Croissant,2,3.84,Mobile Pay,,7.68,November,Sunday
ORD10422,C1423,2025-03-02,Riverside,Tea,Green Tea,2,4.22,Card,5.0,8.44,March,Sunday
ORD10423,C1318,2025-02-21,University Ave,Brewed Coffee,Pour Over,1,3.54,Mobile Pay,,3.54,February,Friday
ORD10424,C1185,2025-12-04,University Ave,Espresso Drinks,Espresso Shot,1,5.13,Card,4.0,5.13,December,Thursday
ORD10425,C1286,2025-07-11,Riverside,Espresso Drinks,Americano,2,4.79,Card,4.0,9.58,July,Friday
ORD10426,C1258,2025-07-23,Riverside,Brewed Coffee,Drip Coffee,1,4.16,Mobile Pay,,4.16,July,Wednesday
ORD10427,C1160,2025-03-03,Downtown,Espresso Drinks,Espresso Shot,2,5.7,Gift Card,,11.4,March,Monday
ORD10428,C1646,2025-03-24,Riverside,Brewed Coffee,Drip Coffee,2,2.9,Gift Card,,5.8,March,Monday
ORD10429,C1146,2025-10-25,University Ave,Espresso Drinks,Flat White,2,5.68,Card,3.0,11.36,October,Saturday
ORD10430,C1053,2025-04-21,University Ave,Food,Avocado Toast,2,5.98,Card,,11.96,April,Monday
ORD10431,C1257,2025-08-01,University Ave,Espresso Drinks,Americano,2,5.02,Mobile Pay,,10.04,August,Friday
ORD10432,C1300,2025-04-26,Downtown,Tea,Herbal Tea,1,3.51,Card,,3.51,April,Saturday
ORD10433,C1283,2025-04-06,Downtown,Food,Bagel,2,7.03,Card,4.0,14.06,April,Sunday
ORD10434,C1070,2025-03-02,Riverside,Tea,Chai Latte,1,3.78,Mobile Pay,,3.78,March,Sunday
ORD10435,C1625,2025-12-05,University Ave,Food,Breakfast Sandwich,1,7.6,Mobile Pay,,7.6,December,Friday
ORD10436,C1622,2025-12-09,Downtown,Tea,Herbal Tea,1,3.8,Mobile Pay,3.0,3.8,December,Tuesday
ORD10437,C1067,2025-02-11,Downtown,Espresso Drinks,Americano,2,5.06,Mobile Pay,,10.12,February,Tuesday
ORD10438,C1014,2025-05-09,Downtown,Pastries,Scone,2,2.74,Mobile Pay,,5.48,May,Friday
ORD10439,C1033,2025-07-25,Downtown,Pastries,Cinnamon Roll,2,4.05,Mobile Pay,,8.1,July,Friday
ORD10440,C1067,2025-05-20,Riverside,Brewed Coffee,Pour Over,1,3.27,Card,3.0,3.27,May,Tuesday
ORD10441,C1315,2025-09-20,Downtown,Espresso Drinks,Americano,3,4.76,Mobile Pay,3.0,14.28,September,Saturday
ORD10442,C1277,2025-04-05,Downtown,Brewed Coffee,Drip Coffee,1,3.64,Gift Card,4.0,3.64,April,Saturday
ORD10443,C1006,2025-01-22,University Ave,Pastries,Cinnamon Roll,1,4.08,Card,,4.08,January,Wednesday
ORD10444,C1215,2025-05-03,Downtown,Brewed Coffee,Cold Brew,2,3.19,Card,4.0,6.38,May,Saturday
ORD10445,C1525,2025-08-06,Riverside,Brewed Coffee,Drip Coffee,2,3.44,Mobile Pay,4.0,6.88,August,Wednesday
ORD10446,C1285,2025-03-07,Riverside,Espresso Drinks,Flat White,2,4.54,Card,4.0,9.08,March,Friday
ORD10447,C1605,2025-10-24,University Ave,Food,Avocado Toast,3,7.1,Card,,21.3,October,Friday
ORD10448,C1105,2025-01-05,Riverside,Brewed Coffee,Cold Brew,1,2.79,Card,4.0,2.79,January,Sunday
ORD10449,C1263,2025-01-25,University Ave,Espresso Drinks,Latte,1,4.65,Card,,4.65,January,Saturday
ORD10450,C1159,2025-07-05,Downtown,Espresso Drinks,Americano,1,3.98,Mobile Pay,5.0,3.98,July,Saturday
ORD10451,C1042,2025-07-06,University Ave,Tea,Green Tea,2,4.45,Card,,8.9,July,Sunday
ORD10452,C1394,2025-04-18,Downtown,Pastries,Cinnamon Roll,3,4.11,Card,3.0,12.33,April,Friday
ORD10453,C1642,2025-04-05,University Ave,Espresso Drinks,Latte,1,5.74,Card,3.0,5.74,April,Saturday
ORD10454,C1179,2025-01-26,Riverside,Brewed Coffee,Cold Brew,1,3.96,Cash,,3.96,January,Sunday
ORD10455,C1374,2025-08-30,University Ave,Food,Avocado Toast,1,7.07,Card,,7.07,August,Saturday
ORD10456,C1329,2025-05-18,Downtown,Pastries,Cinnamon Roll,3,3.8,Card,,11.4,May,Sunday
ORD10457,C1189,2025-02-13,University Ave,Pastries,Muffin,2,3.81,Cash,,7.62,February,Thursday
ORD10458,C1491,2025-05-26,Riverside,Espresso Drinks,Americano,1,5.03,Card,,5.03,May,Monday
ORD10459,C1336,2025-12-08,Downtown,Espresso Drinks,Americano,1,4.97,Card,3.0,4.97,December,Monday
ORD10460,C1115,2025-04-06,University Ave,Espresso Drinks,Espresso Shot,1,5.13,Card,3.0,5.13,April,Sunday
ORD10461,C1564,2025-11-22,Downtown,Food,Avocado Toast,1,7.96,Cash,,7.96,November,Saturday
ORD10462,C1453,2025-04-05,Downtown,Espresso Drinks,Americano,3,4.74,Mobile Pay,4.0,14.22,April,Saturday
ORD10463,C1591,2025-03-09,University Ave,Espresso Drinks,Americano,1,4.69,Card,3.0,4.69,March,Sunday
ORD10464,C1337,2025-04-05,Riverside,Pastries,Croissant,1,3.9,Card,,3.9,April,Saturday
ORD10465,C1253,2025-04-28,Downtown,Tea,Chai Latte,2,3.48,Cash,,6.96,April,Monday
ORD10466,C1609,2025-02-13,Downtown,Pastries,Muffin,1,3.81,Card,,3.81,February,Thursday
ORD10467,C1108,2025-08-02,University Ave,Pastries,Scone,1,3.79,Card,4.0,3.79,August,Saturday
ORD10468,C1156,2025-05-02,University Ave,Espresso Drinks,Espresso Shot,1,4.9,Cash,3.0,4.9,May,Friday
ORD10469,C1594,2025-09-19,University Ave,Pastries,Muffin,3,3.5,Mobile Pay,,10.5,September,Friday
ORD10470,C1649,2025-06-28,Downtown,Pastries,Cinnamon Roll,1,3.15,Mobile Pay,,3.15,June,Saturday
ORD10471,C1069,2025-06-11,Downtown,Food,Avocado Toast,1,8.42,Mobile Pay,,8.42,June,Wednesday
ORD10472,C1138,2025-06-21,Riverside,Espresso Drinks,Espresso Shot,2,4.75,Card,4.0,9.5,June,Saturday
ORD10473,C1442,2025-02-26,Riverside,Food,Bagel,1,7.96,Card,3.0,7.96,February,Wednesday
ORD10474,C1129,2025-09-17,Downtown,Food,Avocado Toast,1,5.9,Card,,5.9,September,Wednesday
ORD10475,C1529,2025-02-07,Riverside,Brewed Coffee,Cold Brew,1,2.77,Card,,2.77,February,Friday
ORD10476,C1564,2025-09-20,Downtown,Food,Bagel,2,5.82,Card,,11.64,September,Saturday
ORD10477,C1218,2025-12-30,Downtown,Food,Avocado Toast,2,6.52,Card,,13.04,December,Tuesday
ORD10478,C1319,2025-10-06,Downtown,Espresso Drinks,Cappuccino,1,4.64,Mobile Pay,4.0,4.64,October,Monday
ORD10479,C1231,2025-06-15,Downtown,Espresso Drinks,Espresso Shot,1,4.06,Mobile Pay,,4.06,June,Sunday
ORD10480,C1014,2025-04-25,Downtown,Food,Breakfast Sandwich,3,6.01,Card,,18.03,April,Friday
ORD10481,C1067,2025-11-14,University Ave,Espresso Drinks,Latte,1,5.6,Mobile Pay,4.0,5.6,November,Friday
ORD10482,C1587,2025-04-04,University Ave,Food,Breakfast Sandwich,1,7.0,Mobile Pay,3.0,7.0,April,Friday
ORD10483,C1582,2025-06-25,Downtown,Brewed Coffee,Pour Over,2,4.19,Mobile Pay,,8.38,June,Wednesday
ORD10484,C1525,2025-10-08,Downtown,Espresso Drinks,Flat White,3,5.22,Card,2.0,15.66,October,Wednesday
ORD10485,C1252,2025-12-02,University Ave,Brewed Coffee,Drip Coffee,3,2.91,Cash,,8.73,December,Tuesday
ORD10486,C1448,2025-12-02,Riverside,Espresso Drinks,Espresso Shot,1,5.18,Mobile Pay,4.0,5.18,December,Tuesday
ORD10487,C1466,2025-02-01,Riverside,Pastries,Scone,1,2.8,Cash,3.0,2.8,February,Saturday
ORD10488,C1488,2025-11-23,University Ave,Espresso Drinks,Latte,1,5.7,Card,,5.7,November,Sunday
ORD10489,C1151,2025-02-11,University Ave,Pastries,Muffin,1,4.22,Card,5.0,4.22,February,Tuesday
ORD10490,C1085,2025-08-01,Riverside,Espresso Drinks,Americano,1,4.2,Card,5.0,4.2,August,Friday
ORD10491,C1048,2025-12-05,Downtown,Brewed Coffee,Pour Over,3,3.48,Mobile Pay,3.0,10.44,December,Friday
ORD10492,C1449,2025-08-27,Downtown,Espresso Drinks,Cappuccino,1,4.39,Card,,4.39,August,Wednesday
ORD10493,C1536,2025-12-11,Riverside,Brewed Coffee,Pour Over,3,3.26,Cash,,9.78,December,Thursday
ORD10494,C1589,2025-05-06,Downtown,Brewed Coffee,Pour Over,1,2.91,Cash,,2.91,May,Tuesday
ORD10495,C1243,2025-04-25,Riverside,Espresso Drinks,Flat White,3,4.13,Card,3.0,12.39,April,Friday
ORD10496,C1384,2025-04-29,Riverside,Espresso Drinks,Flat White,1,3.84,Card,5.0,3.84,April,Tuesday
ORD10497,C1031,2025-05-10,Downtown,Espresso Drinks,Latte,1,3.75,Cash,3.0,3.75,May,Saturday
ORD10498,C1582,2025-09-06,Riverside,Brewed Coffee,Pour Over,2,3.52,Card,,7.04,September,Saturday
ORD10499,C1456,2025-06-14,Downtown,Brewed Coffee,Drip Coffee,2,3.79,Cash,4.0,7.58,June,Saturday
ORD10500,C1399,2025-09-26,Riverside,Pastries,Scone,1,3.22,Mobile Pay,,3.22,September,Friday
ORD10501,C1470,2025-06-01,Downtown,Pastries,Scone,1,3.3,Card,,3.3,June,Sunday
ORD10502,C1495,2025-04-23,Downtown,Pastries,Muffin,3,4.08,Cash,,12.24,April,Wednesday
ORD10503,C1030,2025-03-11,Riverside,Espresso Drinks,Latte,3,4.57,Card,,13.71,March,Tuesday
ORD10504,C1544,2025-07-20,Riverside,Brewed Coffee,Drip Coffee,1,3.08,Card,,3.08,July,Sunday
ORD10505,C1189,2025-11-24,Downtown,Pastries,Croissant,1,4.19,Gift Card,,4.19,November,Monday
ORD10506,C1214,2025-11-09,University Ave,Food,Breakfast Sandwich,1,6.54,Card,3.0,6.54,November,Sunday
ORD10507,C1324,2025-04-03,University Ave,Brewed Coffee,Drip Coffee,2,3.12,Cash,3.0,6.24,April,Thursday
ORD10508,C1087,2025-06-23,Downtown,Pastries,Scone,1,4.5,Cash,,4.5,June,Monday
ORD10509,C1085,2025-09-14,Riverside,Food,Breakfast Sandwich,1,6.15,Card,,6.15,September,Sunday
ORD10510,C1252,2025-08-11,Downtown,Food,Breakfast Sandwich,2,8.29,Mobile Pay,5.0,16.58,August,Monday
ORD10511,C1252,2025-01-25,Downtown,Pastries,Muffin,2,3.28,Mobile Pay,2.0,6.56,January,Saturday
ORD10512,C1433,2025-08-04,University Ave,Espresso Drinks,Cappuccino,1,4.87,Mobile Pay,3.0,4.87,August,Monday
ORD10513,C1319,2025-01-15,Riverside,Pastries,Scone,2,2.94,Card,,5.88,January,Wednesday
ORD10514,C1037,2025-02-12,Downtown,Espresso Drinks,Flat White,2,4.24,Mobile Pay,,8.48,February,Wednesday
ORD10515,C1072,2025-08-26,Riverside,Tea,Herbal Tea,1,3.71,Card,,3.71,August,Tuesday
ORD10516,C1342,2025-02-07,University Ave,Brewed Coffee,Pour Over,1,3.41,Cash,5.0,3.41,February,Friday
ORD10517,C1369,2025-05-04,Downtown,Brewed Coffee,Pour Over,2,3.05,Card,,6.1,May,Sunday
ORD10518,C1491,2025-08-03,Downtown,Brewed Coffee,Drip Coffee,1,3.46,Card,,3.46,August,Sunday
ORD10519,C1201,2025-08-27,Riverside,Espresso Drinks,Flat White,2,4.72,Card,3.0,9.44,August,Wednesday
ORD10520,C1406,2025-06-12,Riverside,Espresso Drinks,Cappuccino,2,4.21,Card,5.0,8.42,June,Thursday
ORD10521,C1647,2025-02-04,Riverside,Brewed Coffee,Pour Over,1,2.88,Cash,4.0,2.88,February,Tuesday
ORD10522,C1189,2025-10-18,Downtown,Pastries,Croissant,3,4.45,Card,4.0,13.35,October,Saturday
ORD10523,C1342,2025-12-12,Downtown,Pastries,Croissant,1,2.97,Mobile Pay,4.0,2.97,December,Friday
ORD10524,C1178,2025-11-20,Downtown,Brewed Coffee,Cold Brew,1,4.09,Mobile Pay,,4.09,November,Thursday
ORD10525,C1281,2025-09-30,Riverside,Espresso Drinks,Cappuccino,1,5.74,Card,5.0,5.74,September,Tuesday
ORD10526,C1507,2025-05-27,Downtown,Pastries,Cinnamon Roll,2,2.84,Mobile Pay,4.0,5.68,May,Tuesday
ORD10527,C1429,2025-11-15,Riverside,Espresso Drinks,Cappuccino,1,5.31,Cash,,5.31,November,Saturday
ORD10528,C1454,2025-06-27,Riverside,Tea,Chai Latte,1,3.28,Card,5.0,3.28,June,Friday
ORD10529,C1618,2025-02-19,Riverside,Espresso Drinks,Espresso Shot,2,5.14,Card,3.0,10.28,February,Wednesday
ORD10530,C1140,2025-11-06,Riverside,Food,Bagel,2,8.03,Mobile Pay,,16.06,November,Thursday
ORD10531,C1601,2025-04-27,Riverside,Brewed Coffee,Pour Over,3,4.14,Card,,12.42,April,Sunday
ORD10532,C1597,2025-12-08,University Ave,Espresso Drinks,Flat White,3,5.37,Cash,,16.11,December,Monday
ORD10533,C1337,2025-05-15,University Ave,Brewed Coffee,Cold Brew,2,3.35,Card,,6.7,May,Thursday
ORD10534,C1479,2025-11-13,University Ave,Brewed Coffee,Drip Coffee,1,3.4,Card,2.0,3.4,November,Thursday
ORD10535,C1330,2025-07-15,Downtown,Pastries,Muffin,2,2.96,Card,5.0,5.92,July,Tuesday
ORD10536,C1144,2025-06-20,University Ave,Pastries,Scone,1,4.37,Mobile Pay,,4.37,June,Friday
ORD10537,C1514,2025-04-19,Downtown,Pastries,Croissant,1,3.85,Mobile Pay,,3.85,April,Saturday
ORD10538,C1454,2025-11-01,University Ave,Brewed Coffee,Cold Brew,3,3.11,Card,,9.33,November,Saturday
ORD10539,C1322,2025-01-23,University Ave,Tea,Chai Latte,2,4.59,Mobile Pay,4.0,9.18,January,Thursday
ORD10540,C1569,2025-06-20,University Ave,Tea,Herbal Tea,1,3.65,Card,4.0,3.65,June,Friday
ORD10541,C1208,2025-05-15,Downtown,Espresso Drinks,Flat White,1,5.15,Mobile Pay,5.0,5.15,May,Thursday
ORD10542,C1140,2025-07-17,Downtown,Tea,Herbal Tea,2,3.4,Card,4.0,6.8,July,Thursday
ORD10543,C1191,2025-04-03,University Ave,Brewed Coffee,Drip Coffee,1,2.9,Cash,4.0,2.9,April,Thursday
ORD10544,C1621,2025-08-30,Riverside,Pastries,Scone,2,3.52,Card,4.0,7.04,August,Saturday
ORD10545,C1567,2025-05-21,Downtown,Brewed Coffee,Drip Coffee,2,4.02,Mobile Pay,,8.04,May,Wednesday
ORD10546,C1007,2025-03-10,University Ave,Brewed Coffee,Cold Brew,2,4.0,Mobile Pay,,8.0,March,Monday
ORD10547,C1419,2025-03-13,Riverside,Pastries,Croissant,1,2.57,Gift Card,5.0,2.57,March,Thursday
ORD10548,C1012,2025-09-11,Riverside,Pastries,Scone,1,4.47,Card,,4.47,September,Thursday
ORD10549,C1582,2025-04-06,Downtown,Pastries,Scone,1,4.14,Mobile Pay,,4.14,April,Sunday
ORD10550,C1207,2025-04-22,Riverside,Espresso Drinks,Flat White,1,4.28,Cash,,4.28,April,Tuesday
ORD10551,C1203,2025-08-17,University Ave,Food,Avocado Toast,1,6.38,Card,,6.38,August,Sunday
ORD10552,C1377,2025-05-01,University Ave,Espresso Drinks,Flat White,1,4.6,Card,4.0,4.6,May,Thursday
ORD10553,C1196,2025-05-22,Riverside,Brewed Coffee,Pour Over,2,3.12,Card,,6.24,May,Thursday
ORD10554,C1543,2025-03-30,University Ave,Pastries,Croissant,3,2.87,Gift Card,4.0,8.61,March,Sunday
ORD10555,C1339,2025-05-06,Downtown,Espresso Drinks,Latte,2,3.87,Card,5.0,7.74,May,Tuesday
ORD10556,C1429,2025-09-10,Riverside,Espresso Drinks,Cappuccino,1,3.95,Card,5.0,3.95,September,Wednesday
ORD10557,C1456,2025-07-14,Downtown,Espresso Drinks,Americano,1,4.31,Card,4.0,4.31,July,Monday
ORD10558,C1299,2025-12-30,Downtown,Pastries,Croissant,2,2.74,Mobile Pay,3.0,5.48,December,Tuesday
ORD10559,C1214,2025-10-08,Downtown,Pastries,Croissant,1,4.1,Card,,4.1,October,Wednesday
ORD10560,C1087,2025-01-07,Riverside,Food,Avocado Toast,1,6.67,Mobile Pay,,6.67,January,Tuesday
ORD10561,C1177,2025-05-18,Downtown,Brewed Coffee,Pour Over,1,2.83,Card,4.0,2.83,May,Sunday
ORD10562,C1326,2025-04-16,University Ave,Brewed Coffee,Drip Coffee,1,3.25,Mobile Pay,4.0,3.25,April,Wednesday
ORD10563,C1151,2025-08-02,University Ave,Espresso Drinks,Latte,2,5.45,Cash,,10.9,August,Saturday
ORD10564,C1130,2025-04-07,University Ave,Espresso Drinks,Espresso Shot,1,3.8,Card,,3.8,April,Monday
ORD10565,C1494,2025-12-18,Downtown,Tea,Green Tea,1,4.32,Mobile Pay,5.0,4.32,December,Thursday
ORD10566,C1077,2025-04-19,Riverside,Tea,Herbal Tea,2,4.23,Card,,8.46,April,Saturday
ORD10567,C1521,2025-07-10,Riverside,Food,Breakfast Sandwich,3,7.02,Card,,21.06,July,Thursday
ORD10568,C1636,2025-02-14,Riverside,Espresso Drinks,Espresso Shot,1,5.07,Gift Card,5.0,5.07,February,Friday
ORD10569,C1597,2025-11-28,University Ave,Brewed Coffee,Drip Coffee,1,4.16,Gift Card,5.0,4.16,November,Friday
ORD10570,C1398,2025-11-28,Riverside,Food,Avocado Toast,1,5.9,Mobile Pay,5.0,5.9,November,Friday
ORD10571,C1141,2025-10-16,Riverside,Brewed Coffee,Drip Coffee,2,4.12,Card,,8.24,October,Thursday
ORD10572,C1288,2025-05-08,Riverside,Espresso Drinks,Americano,3,4.05,Gift Card,,12.15,May,Thursday
ORD10573,C1176,2025-01-22,University Ave,Tea,Herbal Tea,2,4.52,Mobile Pay,,9.04,January,Wednesday
ORD10574,C1105,2025-09-16,University Ave,Espresso Drinks,Flat White,2,5.69,Card,5.0,11.38,September,Tuesday
ORD10575,C1571,2025-06-06,Riverside,Pastries,Cinnamon Roll,2,3.53,Card,3.0,7.06,June,Friday
ORD10576,C1375,2025-12-27,University Ave,Food,Avocado Toast,2,6.98,Gift Card,,13.96,December,Saturday
ORD10577,C1498,2025-09-12,Downtown,Food,Bagel,2,7.16,Cash,5.0,14.32,September,Friday
ORD10578,C1192,2025-07-16,University Ave,Espresso Drinks,Cappuccino,3,5.36,Card,,16.08,July,Wednesday
ORD10579,C1397,2025-12-26,University Ave,Brewed Coffee,Cold Brew,1,3.07,Card,2.0,3.07,December,Friday
ORD10580,C1076,2025-10-19,Downtown,Espresso Drinks,Cappuccino,1,5.55,Card,4.0,5.55,October,Sunday
ORD10581,C1224,2025-06-16,Downtown,Food,Avocado Toast,1,7.47,Mobile Pay,,7.47,June,Monday
ORD10582,C1414,2025-01-07,Downtown,Food,Bagel,1,6.21,Mobile Pay,,6.21,January,Tuesday
ORD10583,C1475,2025-02-03,Downtown,Pastries,Muffin,1,4.22,Mobile Pay,3.0,4.22,February,Monday
ORD10584,C1589,2025-06-11,Downtown,Pastries,Cinnamon Roll,1,3.54,Card,3.0,3.54,June,Wednesday
ORD10585,C1292,2025-07-24,Riverside,Espresso Drinks,Flat White,1,4.64,Card,5.0,4.64,July,Thursday
ORD10586,C1319,2025-01-11,Downtown,Espresso Drinks,Cappuccino,1,5.33,Cash,5.0,5.33,January,Saturday
ORD10587,C1055,2025-02-16,University Ave,Food,Avocado Toast,1,5.58,Card,3.0,5.58,February,Sunday
ORD10588,C1334,2025-09-14,Downtown,Espresso Drinks,Latte,2,4.03,Card,5.0,8.06,September,Sunday
ORD10589,C1448,2025-10-01,University Ave,Espresso Drinks,Cappuccino,1,4.13,Mobile Pay,,4.13,October,Wednesday
ORD10590,C1022,2025-01-11,Riverside,Pastries,Cinnamon Roll,2,3.66,Card,4.0,7.32,January,Saturday
ORD10591,C1046,2025-07-04,University Ave,Tea,Chai Latte,1,4.55,Gift Card,,4.55,July,Friday
ORD10592,C1347,2025-01-30,Downtown,Brewed Coffee,Drip Coffee,2,3.64,Card,,7.28,January,Thursday
ORD10593,C1076,2025-09-21,Downtown,Pastries,Croissant,1,2.83,Mobile Pay,4.0,2.83,September,Sunday
ORD10594,C1631,2025-10-31,Riverside,Pastries,Croissant,2,4.27,Mobile Pay,4.0,8.54,October,Friday
ORD10595,C1203,2025-11-13,Downtown,Tea,Herbal Tea,1,3.62,Mobile Pay,4.0,3.62,November,Thursday
ORD10596,C1160,2025-08-06,University Ave,Espresso Drinks,Latte,3,5.23,Card,4.0,15.69,August,Wednesday
ORD10597,C1536,2025-08-17,Downtown,Brewed Coffee,Cold Brew,2,3.44,Mobile Pay,,6.88,August,Sunday
ORD10598,C1058,2025-12-04,Downtown,Espresso Drinks,Espresso Shot,2,3.85,Mobile Pay,4.0,7.7,December,Thursday
ORD10599,C1308,2025-08-11,Riverside,Espresso Drinks,Espresso Shot,1,4.02,Card,,4.02,August,Monday
ORD10600,C1098,2025-06-12,Downtown,Espresso Drinks,Flat White,3,4.02,Mobile Pay,,12.06,June,Thursday
ORD10601,C1229,2025-10-02,Downtown,Pastries,Cinnamon Roll,1,2.96,Card,,2.96,October,Thursday
ORD10602,C1431,2025-08-04,Riverside,Pastries,Scone,3,3.5,Gift Card,4.0,10.5,August,Monday
ORD10603,C1474,2025-11-03,University Ave,Brewed Coffee,Cold Brew,1,2.77,Mobile Pay,,2.77,November,Monday
ORD10604,C1571,2025-07-10,Downtown,Espresso Drinks,Latte,1,5.13,Cash,,5.13,July,Thursday
ORD10605,C1009,2025-11-13,Downtown,Pastries,Muffin,1,4.41,Card,,4.41,November,Thursday
ORD10606,C1368,2025-01-17,Downtown,Brewed Coffee,Drip Coffee,2,3.67,Mobile Pay,,7.34,January,Friday
ORD10607,C1329,2025-01-14,University Ave,Espresso Drinks,Americano,1,5.68,Card,,5.68,January,Tuesday
ORD10608,C1547,2025-02-06,University Ave,Espresso Drinks,Americano,2,5.4,Cash,,10.8,February,Thursday
ORD10609,C1069,2025-07-22,University Ave,Tea,Green Tea,2,3.44,Card,5.0,6.88,July,Tuesday
ORD10610,C1081,2025-09-16,Riverside,Espresso Drinks,Cappuccino,1,4.13,Card,4.0,4.13,September,Tuesday
ORD10611,C1421,2025-03-20,Downtown,Espresso Drinks,Espresso Shot,1,4.66,Cash,4.0,4.66,March,Thursday
ORD10612,C1289,2025-02-26,University Ave,Pastries,Croissant,3,3.33,Card,,9.99,February,Wednesday
ORD10613,C1372,2025-11-10,Downtown,Espresso Drinks,Latte,1,5.39,Mobile Pay,4.0,5.39,November,Monday
ORD10614,C1246,2025-10-01,Riverside,Espresso Drinks,Flat White,2,3.99,Card,5.0,7.98,October,Wednesday
ORD10615,C1423,2025-08-25,Downtown,Espresso Drinks,Americano,2,5.45,Mobile Pay,4.0,10.9,August,Monday
ORD10616,C1215,2025-06-27,Downtown,Espresso Drinks,Cappuccino,2,4.31,Mobile Pay,4.0,8.62,June,Friday
ORD10617,C1032,2025-06-02,University Ave,Espresso Drinks,Cappuccino,1,5.25,Card,,5.25,June,Monday
ORD10618,C1442,2025-01-08,Riverside,Espresso Drinks,Americano,2,5.22,Card,,10.44,January,Wednesday
ORD10619,C1567,2025-03-10,Downtown,Espresso Drinks,Cappuccino,1,3.8,Mobile Pay,3.0,3.8,March,Monday
ORD10620,C1247,2025-11-23,Riverside,Espresso Drinks,Latte,2,5.66,Card,,11.32,November,Sunday
ORD10621,C1337,2025-05-04,Downtown,Pastries,Cinnamon Roll,1,3.29,Mobile Pay,,3.29,May,Sunday
ORD10622,C1517,2025-09-14,University Ave,Espresso Drinks,Espresso Shot,1,3.76,Mobile Pay,,3.76,September,Sunday
ORD10623,C1316,2025-09-14,Downtown,Espresso Drinks,Americano,3,4.61,Cash,,13.83,September,Sunday
ORD10624,C1336,2025-04-23,University Ave,Espresso Drinks,Flat White,1,5.29,Mobile Pay,,5.29,April,Wednesday
ORD10625,C1470,2025-03-16,Downtown,Brewed Coffee,Cold Brew,1,3.96,Cash,,3.96,March,Sunday
ORD10626,C1512,2025-09-09,Riverside,Espresso Drinks,Espresso Shot,1,5.06,Mobile Pay,,5.06,September,Tuesday
ORD10627,C1179,2025-02-04,Downtown,Food,Breakfast Sandwich,2,6.07,Card,,12.14,February,Tuesday
ORD10628,C1474,2025-06-30,University Ave,Brewed Coffee,Cold Brew,2,4.24,Card,,8.48,June,Monday
ORD10629,C1385,2025-11-20,Downtown,Tea,Green Tea,2,3.75,Gift Card,4.0,7.5,November,Thursday
ORD10630,C1376,2025-09-16,Downtown,Espresso Drinks,Cappuccino,2,4.22,Card,,8.44,September,Tuesday
ORD10631,C1274,2025-10-06,Riverside,Espresso Drinks,Latte,3,4.01,Mobile Pay,,12.03,October,Monday
ORD10632,C1518,2025-01-31,Downtown,Espresso Drinks,Latte,1,4.21,Card,,4.21,January,Friday
ORD10633,C1339,2025-03-14,Downtown,Pastries,Scone,1,3.1,Gift Card,,3.1,March,Friday
ORD10634,C1240,2025-04-11,Riverside,Brewed Coffee,Pour Over,1,3.48,Cash,5.0,3.48,April,Friday
ORD10635,C1148,2025-04-17,Riverside,Espresso Drinks,Latte,1,4.97,Card,4.0,4.97,April,Thursday
ORD10636,C1375,2025-03-12,Riverside,Brewed Coffee,Cold Brew,1,3.65,Gift Card,4.0,3.65,March,Wednesday
ORD10637,C1365,2025-12-20,Downtown,Espresso Drinks,Flat White,1,5.19,Mobile Pay,,5.19,December,Saturday
ORD10638,C1107,2025-03-02,Riverside,Pastries,Scone,1,3.51,Card,,3.51,March,Sunday
ORD10639,C1003,2025-09-15,University Ave,Food,Breakfast Sandwich,3,7.47,Card,4.0,22.41,September,Monday
ORD10640,C1118,2025-08-02,Downtown,Espresso Drinks,Latte,2,5.21,Cash,,10.42,August,Saturday
ORD10641,C1549,2025-08-11,Riverside,Espresso Drinks,Espresso Shot,1,4.79,Card,,4.79,August,Monday
ORD10642,C1404,2025-03-20,University Ave,Pastries,Muffin,2,2.69,Mobile Pay,,5.38,March,Thursday
ORD10643,C1201,2025-04-22,Downtown,Espresso Drinks,Espresso Shot,1,5.13,Gift Card,,5.13,April,Tuesday
ORD10644,C1146,2025-08-09,University Ave,Pastries,Cinnamon Roll,1,3.35,Card,,3.35,August,Saturday
ORD10645,C1525,2025-04-19,University Ave,Espresso Drinks,Latte,1,4.37,Mobile Pay,3.0,4.37,April,Saturday
ORD10646,C1495,2025-09-10,University Ave,Espresso Drinks,Espresso Shot,1,4.91,Gift Card,,4.91,September,Wednesday
ORD10647,C1194,2025-01-15,Riverside,Pastries,Scone,1,3.18,Card,,3.18,January,Wednesday
ORD10648,C1575,2025-01-27,Downtown,Espresso Drinks,Latte,1,3.84,Card,3.0,3.84,January,Monday
ORD10649,C1616,2025-09-23,Downtown,Pastries,Croissant,1,2.85,Mobile Pay,,2.85,September,Tuesday
ORD10650,C1072,2025-08-13,Downtown,Espresso Drinks,Cappuccino,1,4.57,Mobile Pay,,4.57,August,Wednesday
ORD10651,C1496,2025-01-16,Downtown,Pastries,Scone,3,3.47,Mobile Pay,,10.41,January,Thursday
ORD10652,C1592,2025-11-24,Riverside,Pastries,Croissant,1,3.07,Card,,3.07,November,Monday
ORD10653,C1211,2025-01-02,Downtown,Espresso Drinks,Flat White,1,4.91,Cash,3.0,4.91,January,Thursday
ORD10654,C1502,2025-12-14,University Ave,Pastries,Croissant,3,4.04,Card,,12.12,December,Sunday
ORD10655,C1412,2025-09-23,Downtown,Espresso Drinks,Cappuccino,1,5.53,Mobile Pay,,5.53,September,Tuesday
ORD10656,C1296,2025-12-26,University Ave,Pastries,Cinnamon Roll,3,4.07,Card,,12.21,December,Friday
ORD10657,C1523,2025-12-12,Riverside,Pastries,Muffin,1,2.58,Mobile Pay,3.0,2.58,December,Friday
ORD10658,C1525,2025-04-24,Riverside,Food,Bagel,2,5.53,Mobile Pay,,11.06,April,Thursday
ORD10659,C1204,2025-10-03,Riverside,Pastries,Cinnamon Roll,1,3.27,Card,,3.27,October,Friday
ORD10660,C1219,2025-03-18,Downtown,Espresso Drinks,Americano,1,4.99,Cash,5.0,4.99,March,Tuesday
ORD10661,C1464,2025-06-21,Downtown,Food,Bagel,2,7.72,Mobile Pay,4.0,15.44,June,Saturday
ORD10662,C1618,2025-03-29,Downtown,Espresso Drinks,Espresso Shot,2,5.25,Card,3.0,10.5,March,Saturday
ORD10663,C1254,2025-06-26,University Ave,Tea,Chai Latte,3,4.33,Card,,12.99,June,Thursday
ORD10664,C1195,2025-11-14,Riverside,Espresso Drinks,Latte,2,4.8,Gift Card,4.0,9.6,November,Friday
ORD10665,C1280,2025-06-08,Riverside,Pastries,Croissant,1,2.86,Card,,2.86,June,Sunday
ORD10666,C1265,2025-02-03,Riverside,Espresso Drinks,Latte,3,4.41,Card,,13.23,February,Monday
ORD10667,C1336,2025-04-29,Downtown,Brewed Coffee,Pour Over,1,3.53,Card,,3.53,April,Tuesday
ORD10668,C1189,2025-10-14,Downtown,Food,Breakfast Sandwich,3,5.93,Cash,,17.79,October,Tuesday
ORD10669,C1433,2025-07-09,Downtown,Pastries,Muffin,2,4.48,Card,,8.96,July,Wednesday
ORD10670,C1259,2025-07-23,University Ave,Brewed Coffee,Pour Over,2,4.09,Gift Card,5.0,8.18,July,Wednesday
ORD10671,C1621,2025-06-06,Riverside,Espresso Drinks,Flat White,1,4.65,Cash,,4.65,June,Friday
ORD10672,C1365,2025-04-17,Riverside,Espresso Drinks,Cappuccino,1,5.29,Mobile Pay,4.0,5.29,April,Thursday
ORD10673,C1406,2025-08-06,Riverside,Espresso Drinks,Espresso Shot,2,5.6,Card,,11.2,August,Wednesday
ORD10674,C1377,2025-08-19,Riverside,Espresso Drinks,Espresso Shot,1,4.63,Card,,4.63,August,Tuesday
ORD10675,C1058,2025-11-23,Downtown,Pastries,Croissant,2,2.84,Card,3.0,5.68,November,Sunday
ORD10676,C1597,2025-08-13,Downtown,Espresso Drinks,Espresso Shot,3,4.86,Card,5.0,14.58,August,Wednesday
ORD10677,C1028,2025-12-29,University Ave,Espresso Drinks,Latte,2,5.52,Mobile Pay,,11.04,December,Monday
ORD10678,C1517,2025-10-28,Downtown,Brewed Coffee,Drip Coffee,1,3.33,Card,,3.33,October,Tuesday
ORD10679,C1322,2025-01-29,Downtown,Tea,Chai Latte,2,3.41,Card,,6.82,January,Wednesday
ORD10680,C1450,2025-05-23,Downtown,Tea,Herbal Tea,3,3.36,Mobile Pay,,10.08,May,Friday
ORD10681,C1199,2025-05-21,University Ave,Food,Breakfast Sandwich,2,7.05,Card,,14.1,May,Wednesday
ORD10682,C1055,2025-01-02,University Ave,Brewed Coffee,Pour Over,2,3.99,Cash,,7.98,January,Thursday
ORD10683,C1312,2025-03-07,Downtown,Espresso Drinks,Latte,1,5.29,Cash,,5.29,March,Friday
ORD10684,C1417,2025-10-05,Downtown,Pastries,Scone,1,3.76,Mobile Pay,,3.76,October,Sunday
ORD10685,C1464,2025-05-09,Downtown,Brewed Coffee,Pour Over,3,3.67,Mobile Pay,5.0,11.01,May,Friday
ORD10686,C1596,2025-02-23,Riverside,Food,Breakfast Sandwich,2,7.39,Mobile Pay,,14.78,February,Sunday
ORD10687,C1216,2025-04-15,Downtown,Espresso Drinks,Latte,1,3.98,Card,,3.98,April,Tuesday
ORD10688,C1362,2025-04-10,Downtown,Brewed Coffee,Drip Coffee,2,3.88,Mobile Pay,,7.76,April,Thursday
ORD10689,C1492,2025-03-05,Downtown,Espresso Drinks,Cappuccino,1,5.34,Card,,5.34,March,Wednesday
ORD10690,C1322,2025-02-06,University Ave,Pastries,Muffin,1,2.63,Card,,2.63,February,Thursday
ORD10691,C1468,2025-10-06,University Ave,Tea,Chai Latte,2,3.36,Mobile Pay,,6.72,October,Monday
ORD10692,C1612,2025-10-28,University Ave,Tea,Herbal Tea,2,4.54,Mobile Pay,,9.08,October,Tuesday
ORD10693,C1144,2025-06-30,Downtown,Espresso Drinks,Flat White,1,5.27,Card,,5.27,June,Monday
ORD10694,C1449,2025-08-13,Downtown,Brewed Coffee,Pour Over,2,3.83,Card,,7.66,August,Wednesday
ORD10695,C1298,2025-12-01,University Ave,Espresso Drinks,Flat White,1,4.03,Mobile Pay,3.0,4.03,December,Monday
ORD10696,C1528,2025-11-03,University Ave,Food,Breakfast Sandwich,2,8.32,Card,3.0,16.64,November,Monday
ORD10697,C1179,2025-01-12,Riverside,Espresso Drinks,Flat White,2,5.06,Card,,10.12,January,Sunday
ORD10698,C1405,2025-12-13,University Ave,Brewed Coffee,Cold Brew,2,3.23,Cash,,6.46,December,Saturday
ORD10699,C1434,2025-01-25,Downtown,Brewed Coffee,Cold Brew,2,4.02,Card,,8.04,January,Saturday
ORD10700,C1010,2025-01-10,Downtown,Brewed Coffee,Drip Coffee,3,2.97,Mobile Pay,3.0,8.91,January,Friday
ORD10701,C1117,2025-05-27,Downtown,Espresso Drinks,Cappuccino,1,3.94,Gift Card,,3.94,May,Tuesday
ORD10702,C1401,2025-09-29,University Ave,Brewed Coffee,Pour Over,3,4.13,Card,3.0,12.39,September,Monday
ORD10703,C1099,2025-01-30,Downtown,Brewed Coffee,Cold Brew,3,4.13,Card,3.0,12.39,January,Thursday
ORD10704,C1393,2025-04-17,University Ave,Food,Bagel,2,5.96,Card,,11.92,April,Thursday
ORD10705,C1138,2025-04-06,Downtown,Espresso Drinks,Americano,3,5.31,Card,2.0,15.93,April,Sunday
ORD10706,C1326,2025-05-25,Downtown,Tea,Green Tea,2,4.03,Card,,8.06,May,Sunday
ORD10707,C1488,2025-12-25,Downtown,Espresso Drinks,Flat White,1,4.93,Gift Card,4.0,4.93,December,Thursday
ORD10708,C1350,2025-05-01,Downtown,Tea,Green Tea,2,4.62,Gift Card,5.0,9.24,May,Thursday
ORD10709,C1384,2025-03-18,Downtown,Tea,Green Tea,1,3.97,Card,3.0,3.97,March,Tuesday
ORD10710,C1146,2025-02-14,University Ave,Brewed Coffee,Pour Over,1,2.92,Card,,2.92,February,Friday
ORD10711,C1169,2025-03-14,Riverside,Brewed Coffee,Pour Over,3,3.4,Mobile Pay,3.0,10.2,March,Friday
ORD10712,C1343,2025-02-18,Riverside,Espresso Drinks,Flat White,1,5.13,Card,4.0,5.13,February,Tuesday
ORD10713,C1543,2025-07-28,Downtown,Pastries,Cinnamon Roll,1,4.06,Card,,4.06,July,Monday
ORD10714,C1491,2025-06-03,University Ave,Espresso Drinks,Cappuccino,2,3.81,Gift Card,,7.62,June,Tuesday
ORD10715,C1140,2025-07-01,University Ave,Tea,Herbal Tea,1,4.23,Cash,,4.23,July,Tuesday
ORD10716,C1319,2025-10-30,Downtown,Brewed Coffee,Drip Coffee,3,4.13,Card,4.0,12.39,October,Thursday
ORD10717,C1533,2025-07-31,Downtown,Espresso Drinks,Americano,3,4.9,Mobile Pay,,14.7,July,Thursday
ORD10718,C1601,2025-02-26,Downtown,Pastries,Croissant,1,2.71,Card,1.0,2.71,February,Wednesday
ORD10719,C1331,2025-05-18,University Ave,Espresso Drinks,Cappuccino,2,4.06,Card,1.0,8.12,May,Sunday
ORD10720,C1142,2025-04-24,Riverside,Espresso Drinks,Cappuccino,2,4.33,Mobile Pay,,8.66,April,Thursday
ORD10721,C1619,2025-10-28,Riverside,Brewed Coffee,Cold Brew,2,3.05,Card,3.0,6.1,October,Tuesday
ORD10722,C1373,2025-04-22,University Ave,Brewed Coffee,Cold Brew,3,3.66,Mobile Pay,5.0,10.98,April,Tuesday
ORD10723,C1053,2025-02-20,Downtown,Espresso Drinks,Latte,1,4.45,Mobile Pay,,4.45,February,Thursday
ORD10724,C1465,2025-09-25,Downtown,Brewed Coffee,Cold Brew,1,3.45,Mobile Pay,3.0,3.45,September,Thursday
ORD10725,C1636,2025-06-05,Downtown,Espresso Drinks,Americano,1,4.76,Card,3.0,4.76,June,Thursday
ORD10726,C1488,2025-02-04,University Ave,Brewed Coffee,Pour Over,2,3.86,Card,4.0,7.72,February,Tuesday
ORD10727,C1421,2025-09-09,Riverside,Food,Breakfast Sandwich,1,7.61,Card,4.0,7.61,September,Tuesday
ORD10728,C1071,2025-03-18,Riverside,Espresso Drinks,Americano,2,5.19,Mobile Pay,,10.38,March,Tuesday
ORD10729,C1639,2025-11-13,Downtown,Espresso Drinks,Latte,2,4.42,Mobile Pay,,8.84,November,Thursday
ORD10730,C1455,2025-10-31,Riverside,Brewed Coffee,Pour Over,2,3.24,Card,,6.48,October,Friday
ORD10731,C1370,2025-05-15,Downtown,Brewed Coffee,Drip Coffee,1,2.91,Card,4.0,2.91,May,Thursday
ORD10732,C1318,2025-07-22,Downtown,Food,Bagel,2,5.7,Mobile Pay,,11.4,July,Tuesday
ORD10733,C1211,2025-07-26,University Ave,Espresso Drinks,Americano,3,4.03,Mobile Pay,,12.09,July,Saturday
ORD10734,C1339,2025-08-26,University Ave,Espresso Drinks,Americano,3,4.04,Card,3.0,12.12,August,Tuesday
ORD10735,C1022,2025-01-26,Downtown,Brewed Coffee,Drip Coffee,3,3.52,Mobile Pay,,10.56,January,Sunday
ORD10736,C1042,2025-04-29,Riverside,Pastries,Scone,1,2.81,Card,3.0,2.81,April,Tuesday
ORD10737,C1435,2025-03-03,Downtown,Tea,Green Tea,2,4.03,Card,,8.06,March,Monday
ORD10738,C1140,2025-09-11,Downtown,Food,Breakfast Sandwich,1,7.45,Gift Card,,7.45,September,Thursday
ORD10739,C1062,2025-01-26,Downtown,Pastries,Croissant,2,3.19,Cash,,6.38,January,Sunday
ORD10740,C1110,2025-07-08,Riverside,Pastries,Croissant,2,3.18,Card,2.0,6.36,July,Tuesday
ORD10741,C1051,2025-09-22,Downtown,Food,Breakfast Sandwich,2,7.95,Mobile Pay,,15.9,September,Monday
ORD10742,C1535,2025-12-12,Riverside,Espresso Drinks,Espresso Shot,1,4.4,Mobile Pay,,4.4,December,Friday
ORD10743,C1069,2025-04-15,Riverside,Espresso Drinks,Flat White,1,3.78,Mobile Pay,,3.78,April,Tuesday
ORD10744,C1645,2025-01-03,Downtown,Pastries,Scone,3,2.8,Card,,8.4,January,Friday
ORD10745,C1506,2025-09-21,Riverside,Pastries,Croissant,1,3.81,Card,3.0,3.81,September,Sunday
ORD10746,C1046,2025-01-01,University Ave,Food,Breakfast Sandwich,2,6.3,Card,,12.6,January,Wednesday
ORD10747,C1616,2025-01-25,University Ave,Pastries,Cinnamon Roll,1,2.63,Mobile Pay,4.0,2.63,January,Saturday
ORD10748,C1285,2025-12-27,Downtown,Pastries,Cinnamon Roll,2,2.81,Card,5.0,5.62,December,Saturday
ORD10749,C1087,2025-11-10,Downtown,Brewed Coffee,Drip Coffee,3,3.37,Mobile Pay,,10.11,November,Monday
ORD10750,C1284,2025-09-15,Downtown,Tea,Herbal Tea,2,3.62,Card,,7.24,September,Monday
ORD10751,C1461,2025-11-01,University Ave,Brewed Coffee,Drip Coffee,2,3.11,Card,3.0,6.22,November,Saturday
ORD10752,C1277,2025-01-28,Downtown,Food,Breakfast Sandwich,1,7.9,Card,3.0,7.9,January,Tuesday
ORD10753,C1076,2025-02-02,Downtown,Espresso Drinks,Americano,2,4.39,Card,5.0,8.78,February,Sunday
ORD10754,C1371,2025-04-20,Riverside,Pastries,Muffin,1,3.04,Cash,,3.04,April,Sunday
ORD10755,C1180,2025-01-09,Downtown,Pastries,Muffin,2,4.03,Card,,8.06,January,Thursday
ORD10756,C1202,2025-11-20,Downtown,Espresso Drinks,Americano,3,4.06,Mobile Pay,1.0,12.18,November,Thursday
ORD10757,C1602,2025-01-21,University Ave,Espresso Drinks,Latte,1,5.65,Mobile Pay,1.0,5.65,January,Tuesday
ORD10758,C1258,2025-07-18,Riverside,Pastries,Scone,1,4.03,Mobile Pay,,4.03,July,Friday
ORD10759,C1644,2025-11-07,Riverside,Pastries,Muffin,2,3.02,Card,,6.04,November,Friday
ORD10760,C1354,2025-09-25,Riverside,Food,Breakfast Sandwich,2,5.95,Mobile Pay,4.0,11.9,September,Thursday
ORD10761,C1195,2025-03-27,University Ave,Brewed Coffee,Cold Brew,2,3.05,Card,4.0,6.1,March,Thursday
ORD10762,C1388,2025-06-21,Downtown,Espresso Drinks,Flat White,3,4.75,Mobile Pay,3.0,14.25,June,Saturday
ORD10763,C1435,2025-07-19,Downtown,Pastries,Croissant,3,3.45,Card,,10.35,July,Saturday
ORD10764,C1108,2025-10-07,Downtown,Food,Bagel,1,7.86,Mobile Pay,,7.86,October,Tuesday
ORD10765,C1230,2025-06-05,Riverside,Tea,Chai Latte,1,3.93,Card,,3.93,June,Thursday
ORD10766,C1488,2025-04-14,Riverside,Brewed Coffee,Drip Coffee,2,4.09,Card,,8.18,April,Monday
ORD10767,C1252,2025-10-17,Downtown,Brewed Coffee,Drip Coffee,1,2.76,Card,3.0,2.76,October,Friday
ORD10768,C1544,2025-11-19,Riverside,Espresso Drinks,Flat White,2,5.7,Mobile Pay,3.0,11.4,November,Wednesday
ORD10769,C1643,2025-06-27,Riverside,Food,Avocado Toast,1,6.34,Card,,6.34,June,Friday
ORD10770,C1130,2025-01-11,Downtown,Brewed Coffee,Cold Brew,1,3.64,Cash,4.0,3.64,January,Saturday
ORD10771,C1197,2025-07-02,Downtown,Tea,Chai Latte,2,3.61,Mobile Pay,4.0,7.22,July,Wednesday
ORD10772,C1604,2025-11-20,University Ave,Brewed Coffee,Pour Over,1,3.69,Card,4.0,3.69,November,Thursday
ORD10773,C1277,2025-12-27,University Ave,Espresso Drinks,Americano,2,4.73,Card,4.0,9.46,December,Saturday
ORD10774,C1139,2025-05-26,Downtown,Espresso Drinks,Cappuccino,3,5.19,Cash,,15.57,May,Monday
ORD10775,C1267,2025-02-24,Downtown,Espresso Drinks,Flat White,1,3.88,Mobile Pay,3.0,3.88,February,Monday
ORD10776,C1477,2025-07-28,Riverside,Brewed Coffee,Drip Coffee,2,3.05,Card,3.0,6.1,July,Monday
ORD10777,C1605,2025-10-30,University Ave,Espresso Drinks,Flat White,2,3.98,Cash,4.0,7.96,October,Thursday
ORD10778,C1535,2025-12-10,Downtown,Pastries,Croissant,3,3.52,Mobile Pay,4.0,10.56,December,Wednesday
ORD10779,C1262,2025-01-19,Downtown,Tea,Chai Latte,3,3.91,Card,,11.73,January,Sunday
ORD10780,C1250,2025-04-16,Downtown,Espresso Drinks,Flat White,1,4.12,Card,4.0,4.12,April,Wednesday
ORD10781,C1408,2025-06-23,Riverside,Espresso Drinks,Latte,1,4.75,Cash,,4.75,June,Monday
ORD10782,C1441,2025-02-05,Riverside,Espresso Drinks,Latte,2,3.94,Card,,7.88,February,Wednesday
ORD10783,C1120,2025-11-19,Downtown,Brewed Coffee,Pour Over,3,2.76,Mobile Pay,,8.28,November,Wednesday
ORD10784,C1527,2025-02-10,Riverside,Brewed Coffee,Cold Brew,2,4.11,Card,4.0,8.22,February,Monday
ORD10785,C1579,2025-08-31,Downtown,Food,Avocado Toast,2,7.47,Card,2.0,14.94,August,Sunday
ORD10786,C1034,2025-12-01,Riverside,Brewed Coffee,Cold Brew,1,3.44,Mobile Pay,,3.44,December,Monday
ORD10787,C1116,2025-09-07,Downtown,Tea,Chai Latte,1,3.72,Card,5.0,3.72,September,Sunday
ORD10788,C1105,2025-10-05,Downtown,Food,Bagel,2,7.61,Card,,15.22,October,Sunday
ORD10789,C1090,2025-04-06,Riverside,Espresso Drinks,Espresso Shot,3,4.47,Mobile Pay,3.0,13.41,April,Sunday
ORD10790,C1491,2025-10-29,Riverside,Pastries,Muffin,2,3.74,Mobile Pay,5.0,7.48,October,Wednesday
ORD10791,C1195,2025-06-02,Downtown,Brewed Coffee,Drip Coffee,1,4.25,Cash,5.0,4.25,June,Monday
ORD10792,C1619,2025-01-23,University Ave,Pastries,Scone,2,3.01,Card,,6.02,January,Thursday
ORD10793,C1340,2025-05-14,Riverside,Tea,Green Tea,3,4.18,Card,,12.54,May,Wednesday
ORD10794,C1368,2025-05-08,Riverside,Pastries,Muffin,1,3.14,Mobile Pay,,3.14,May,Thursday
ORD10795,C1008,2025-07-09,Downtown,Espresso Drinks,Latte,2,5.72,Card,,11.44,July,Wednesday
ORD10796,C1446,2025-04-07,Riverside,Brewed Coffee,Drip Coffee,1,3.32,Card,,3.32,April,Monday
ORD10797,C1207,2025-06-18,Downtown,Espresso Drinks,Flat White,1,4.06,Mobile Pay,4.0,4.06,June,Wednesday
ORD10798,C1574,2025-06-05,University Ave,Pastries,Cinnamon Roll,1,3.34,Card,,3.34,June,Thursday
ORD10799,C1522,2025-04-29,Downtown,Food,Avocado Toast,1,7.4,Card,,7.4,April,Tuesday
ORD10800,C1449,2025-09-11,Riverside,Food,Breakfast Sandwich,2,6.28,Card,,12.56,September,Thursday
ORD10801,C1589,2025-04-22,Downtown,Tea,Chai Latte,1,3.99,Cash,4.0,3.99,April,Tuesday
ORD10802,C1536,2025-10-06,Downtown,Food,Breakfast Sandwich,1,6.9,Card,3.0,6.9,October,Monday
ORD10803,C1089,2025-04-02,Downtown,Brewed Coffee,Cold Brew,1,2.92,Mobile Pay,,2.92,April,Wednesday
ORD10804,C1415,2025-11-11,Downtown,Food,Breakfast Sandwich,3,8.47,Mobile Pay,,25.41,November,Tuesday
ORD10805,C1258,2025-05-13,Downtown,Food,Breakfast Sandwich,1,6.54,Mobile Pay,4.0,6.54,May,Tuesday
ORD10806,C1105,2025-01-15,Downtown,Espresso Drinks,Americano,1,3.99,Card,,3.99,January,Wednesday
ORD10807,C1212,2025-02-24,University Ave,Espresso Drinks,Latte,3,3.87,Card,2.0,11.61,February,Monday
ORD10808,C1308,2025-10-21,University Ave,Tea,Chai Latte,1,4.1,Card,,4.1,October,Tuesday
ORD10809,C1313,2025-11-14,University Ave,Espresso Drinks,Flat White,1,5.05,Mobile Pay,,5.05,November,Friday
ORD10810,C1227,2025-03-19,University Ave,Food,Avocado Toast,1,8.12,Card,,8.12,March,Wednesday
ORD10811,C1227,2025-08-08,Riverside,Food,Bagel,1,6.8,Card,,6.8,August,Friday
ORD10812,C1297,2025-07-29,Riverside,Pastries,Croissant,2,3.83,Cash,,7.66,July,Tuesday
ORD10813,C1199,2025-02-18,University Ave,Espresso Drinks,Espresso Shot,1,5.25,Card,,5.25,February,Tuesday
ORD10814,C1629,2025-06-14,Riverside,Pastries,Scone,1,3.97,Mobile Pay,3.0,3.97,June,Saturday
ORD10815,C1351,2025-09-10,University Ave,Espresso Drinks,Cappuccino,1,5.57,Card,5.0,5.57,September,Wednesday
ORD10816,C1062,2025-12-19,University Ave,Espresso Drinks,Latte,1,3.94,Card,,3.94,December,Friday
ORD10817,C1173,2025-11-05,University Ave,Espresso Drinks,Cappuccino,3,5.6,Mobile Pay,,16.8,November,Wednesday
ORD10818,C1416,2025-02-05,University Ave,Espresso Drinks,Latte,1,5.23,Card,,5.23,February,Wednesday
ORD10819,C1434,2025-03-28,University Ave,Pastries,Muffin,2,4.22,Card,,8.44,March,Friday
ORD10820,C1617,2025-06-08,Riverside,Brewed Coffee,Cold Brew,3,3.93,Mobile Pay,3.0,11.79,June,Sunday
ORD10821,C1627,2025-02-24,Downtown,Pastries,Cinnamon Roll,1,3.74,Card,,3.74,February,Monday
ORD10822,C1130,2025-07-27,Downtown,Tea,Chai Latte,2,3.7,Mobile Pay,3.0,7.4,July,Sunday
ORD10823,C1007,2025-01-04,University Ave,Espresso Drinks,Flat White,1,5.74,Cash,5.0,5.74,January,Saturday
ORD10824,C1625,2025-02-11,Riverside,Pastries,Croissant,2,4.21,Card,4.0,8.42,February,Tuesday
ORD10825,C1198,2025-01-18,Downtown,Espresso Drinks,Latte,1,5.46,Card,,5.46,January,Saturday
ORD10826,C1098,2025-04-18,Riverside,Pastries,Cinnamon Roll,3,2.84,Card,,8.52,April,Friday
ORD10827,C1063,2025-10-05,University Ave,Brewed Coffee,Pour Over,2,3.67,Cash,,7.34,October,Sunday
ORD10828,C1495,2025-03-06,University Ave,Tea,Green Tea,1,3.56,Gift Card,,3.56,March,Thursday
ORD10829,C1462,2025-12-26,Downtown,Brewed Coffee,Pour Over,1,2.97,Card,,2.97,December,Friday
ORD10830,C1470,2025-04-09,Downtown,Espresso Drinks,Cappuccino,3,5.13,Card,,15.39,April,Wednesday
ORD10831,C1002,2025-01-17,Downtown,Espresso Drinks,Latte,3,4.36,Card,,13.08,January,Friday
ORD10832,C1618,2025-05-03,Downtown,Espresso Drinks,Flat White,3,5.71,Card,3.0,17.13,May,Saturday
ORD10833,C1390,2025-09-30,Downtown,Brewed Coffee,Drip Coffee,1,3.87,Mobile Pay,,3.87,September,Tuesday
ORD10834,C1054,2025-02-08,Riverside,Brewed Coffee,Pour Over,1,4.0,Gift Card,3.0,4.0,February,Saturday
ORD10835,C1282,2025-01-27,Riverside,Tea,Green Tea,2,4.56,Card,2.0,9.12,January,Monday
ORD10836,C1577,2025-11-06,Riverside,Food,Avocado Toast,2,6.08,Card,,12.16,November,Thursday
ORD10837,C1060,2025-08-04,Riverside,Espresso Drinks,Americano,1,5.06,Card,5.0,5.06,August,Monday
ORD10838,C1590,2025-05-05,Riverside,Brewed Coffee,Cold Brew,2,3.4,Card,5.0,6.8,May,Monday
ORD10839,C1569,2025-10-03,Riverside,Espresso Drinks,Cappuccino,3,5.16,Card,4.0,15.48,October,Friday
ORD10840,C1440,2025-11-04,Riverside,Espresso Drinks,Cappuccino,2,3.85,Mobile Pay,,7.7,November,Tuesday
ORD10841,C1413,2025-05-11,Riverside,Tea,Green Tea,1,4.16,Mobile Pay,3.0,4.16,May,Sunday
ORD10842,C1235,2025-07-24,Riverside,Food,Bagel,2,8.23,Card,4.0,16.46,July,Thursday
ORD10843,C1326,2025-01-04,Downtown,Tea,Chai Latte,1,3.26,Card,4.0,3.26,January,Saturday
ORD10844,C1228,2025-04-22,University Ave,Pastries,Scone,2,3.7,Mobile Pay,4.0,7.4,April,Tuesday
ORD10845,C1241,2025-08-05,Downtown,Pastries,Cinnamon Roll,1,3.47,Card,,3.47,August,Tuesday
ORD10846,C1007,2025-03-13,University Ave,Espresso Drinks,Americano,1,5.47,Card,,5.47,March,Thursday
ORD10847,C1330,2025-12-27,Riverside,Pastries,Scone,1,4.29,Mobile Pay,,4.29,December,Saturday
ORD10848,C1379,2025-12-20,Downtown,Pastries,Croissant,1,3.2,Mobile Pay,5.0,3.2,December,Saturday
ORD10849,C1210,2025-04-04,University Ave,Pastries,Cinnamon Roll,1,3.46,Mobile Pay,,3.46,April,Friday
ORD10850,C1303,2025-05-25,Downtown,Brewed Coffee,Cold Brew,2,3.72,Card,,7.44,May,Sunday
ORD10851,C1216,2025-03-10,Riverside,Espresso Drinks,Cappuccino,2,3.78,Card,2.0,7.56,March,Monday
ORD10852,C1357,2025-07-03,University Ave,Pastries,Muffin,1,3.53,Card,4.0,3.53,July,Thursday
ORD10853,C1329,2025-02-15,Riverside,Pastries,Cinnamon Roll,2,3.33,Card,3.0,6.66,February,Saturday
ORD10854,C1593,2025-05-23,University Ave,Espresso Drinks,Flat White,2,4.16,Gift Card,,8.32,May,Friday
ORD10855,C1459,2025-07-22,University Ave,Pastries,Cinnamon Roll,3,2.95,Mobile Pay,,8.85,July,Tuesday
ORD10856,C1211,2025-08-11,Downtown,Pastries,Cinnamon Roll,1,3.89,Cash,4.0,3.89,August,Monday
ORD10857,C1314,2025-08-06,Downtown,Espresso Drinks,Cappuccino,1,4.09,Cash,3.0,4.09,August,Wednesday
ORD10858,C1100,2025-03-22,University Ave,Pastries,Muffin,1,4.18,Mobile Pay,,4.18,March,Saturday
ORD10859,C1635,2025-10-16,Riverside,Espresso Drinks,Flat White,1,4.24,Mobile Pay,4.0,4.24,October,Thursday
ORD10860,C1202,2025-09-09,Downtown,Espresso Drinks,Espresso Shot,3,5.49,Card,4.0,16.47,September,Tuesday
ORD10861,C1541,2025-10-02,University Ave,Pastries,Scone,1,4.14,Card,4.0,4.14,October,Thursday
ORD10862,C1580,2025-06-20,Riverside,Espresso Drinks,Cappuccino,1,5.21,Card,,5.21,June,Friday
ORD10863,C1339,2025-11-21,Riverside,Pastries,Scone,3,3.6,Mobile Pay,4.0,10.8,November,Friday
ORD10864,C1639,2025-05-22,Downtown,Food,Bagel,2,8.35,Cash,,16.7,May,Thursday
ORD10865,C1609,2025-10-21,Downtown,Brewed Coffee,Cold Brew,1,2.91,Card,,2.91,October,Tuesday
ORD10866,C1188,2025-03-16,University Ave,Pastries,Scone,1,3.49,Card,,3.49,March,Sunday
ORD10867,C1419,2025-04-01,Downtown,Espresso Drinks,Espresso Shot,1,4.91,Mobile Pay,,4.91,April,Tuesday
ORD10868,C1486,2025-07-11,Downtown,Brewed Coffee,Drip Coffee,1,3.61,Card,4.0,3.61,July,Friday
ORD10869,C1122,2025-07-22,Downtown,Food,Avocado Toast,2,8.09,Card,4.0,16.18,July,Tuesday
ORD10870,C1333,2025-09-29,Downtown,Pastries,Croissant,3,3.31,Cash,,9.93,September,Monday
ORD10871,C1629,2025-04-19,Riverside,Espresso Drinks,Flat White,1,4.31,Card,2.0,4.31,April,Saturday
ORD10872,C1219,2025-11-14,Downtown,Pastries,Cinnamon Roll,1,3.46,Gift Card,,3.46,November,Friday
ORD10873,C1622,2025-05-01,University Ave,Brewed Coffee,Drip Coffee,1,3.94,Cash,3.0,3.94,May,Thursday
ORD10874,C1038,2025-07-14,Downtown,Brewed Coffee,Pour Over,1,3.36,Mobile Pay,5.0,3.36,July,Monday
ORD10875,C1591,2025-12-06,Riverside,Tea,Green Tea,3,3.8,Mobile Pay,4.0,11.4,December,Saturday
ORD10876,C1148,2025-07-16,Downtown,Tea,Herbal Tea,2,4.07,Card,,8.14,July,Wednesday
ORD10877,C1362,2025-09-06,University Ave,Brewed Coffee,Pour Over,1,2.98,Cash,,2.98,September,Saturday
ORD10878,C1098,2025-11-27,Riverside,Food,Bagel,2,7.29,Mobile Pay,5.0,14.58,November,Thursday
ORD10879,C1585,2025-12-21,University Ave,Pastries,Croissant,3,2.6,Cash,,7.8,December,Sunday
ORD10880,C1642,2025-07-01,Downtown,Espresso Drinks,Latte,1,5.51,Card,4.0,5.51,July,Tuesday
ORD10881,C1208,2025-06-01,University Ave,Brewed Coffee,Cold Brew,3,3.24,Card,4.0,9.72,June,Sunday
ORD10882,C1388,2025-03-13,Downtown,Brewed Coffee,Drip Coffee,2,3.7,Cash,,7.4,March,Thursday
ORD10883,C1614,2025-07-15,Downtown,Tea,Herbal Tea,2,3.92,Mobile Pay,,7.84,July,Tuesday
ORD10884,C1028,2025-12-01,University Ave,Espresso Drinks,Flat White,2,4.58,Card,3.0,9.16,December,Monday
ORD10885,C1297,2025-06-27,Riverside,Pastries,Croissant,3,4.1,Gift Card,,12.3,June,Friday
ORD10886,C1589,2025-05-07,Riverside,Espresso Drinks,Espresso Shot,3,4.61,Mobile Pay,,13.83,May,Wednesday
ORD10887,C1413,2025-02-09,Riverside,Espresso Drinks,Americano,1,4.49,Card,5.0,4.49,February,Sunday
ORD10888,C1306,2025-05-22,Downtown,Espresso Drinks,Latte,1,5.66,Card,,5.66,May,Thursday
ORD10889,C1364,2025-03-28,University Ave,Brewed Coffee,Pour Over,1,3.02,Card,3.0,3.02,March,Friday
ORD10890,C1219,2025-12-22,Riverside,Brewed Coffee,Pour Over,1,4.04,Card,,4.04,December,Monday
ORD10891,C1375,2025-07-12,University Ave,Espresso Drinks,Americano,1,4.99,Card,4.0,4.99,July,Saturday
ORD10892,C1647,2025-02-19,Riverside,Tea,Green Tea,2,3.76,Cash,5.0,7.52,February,Wednesday
ORD10893,C1196,2025-01-25,University Ave,Espresso Drinks,Latte,2,4.9,Gift Card,,9.8,January,Saturday
ORD10894,C1225,2025-11-06,Downtown,Espresso Drinks,Americano,1,4.89,Gift Card,5.0,4.89,November,Thursday
ORD10895,C1629,2025-12-06,Riverside,Espresso Drinks,Flat White,3,3.99,Cash,,11.97,December,Saturday
ORD10896,C1616,2025-10-05,Riverside,Pastries,Scone,2,3.31,Card,3.0,6.62,October,Sunday
ORD10897,C1065,2025-02-15,Riverside,Brewed Coffee,Cold Brew,3,3.08,Mobile Pay,,9.24,February,Saturday
ORD10898,C1438,2025-02-05,University Ave,Pastries,Muffin,1,3.26,Card,,3.26,February,Wednesday
ORD10899,C1604,2025-03-14,Downtown,Pastries,Cinnamon Roll,1,3.33,Cash,2.0,3.33,March,Friday
ORD10900,C1451,2025-10-01,University Ave,Espresso Drinks,Americano,2,3.97,Mobile Pay,4.0,7.94,October,Wednesday
ORD10901,C1287,2025-10-06,University Ave,Espresso Drinks,Flat White,2,4.04,Mobile Pay,,8.08,October,Monday
ORD10902,C1537,2025-11-01,Riverside,Espresso Drinks,Latte,2,5.12,Card,2.0,10.24,November,Saturday
ORD10903,C1457,2025-02-05,University Ave,Espresso Drinks,Espresso Shot,1,4.28,Mobile Pay,,4.28,February,Wednesday
ORD10904,C1030,2025-02-25,Riverside,Espresso Drinks,Espresso Shot,2,4.35,Card,,8.7,February,Tuesday
ORD10905,C1130,2025-11-24,University Ave,Brewed Coffee,Cold Brew,3,3.45,Card,,10.35,November,Monday
ORD10906,C1222,2025-12-05,Downtown,Pastries,Scone,2,4.27,Card,3.0,8.54,December,Friday
ORD10907,C1202,2025-09-22,University Ave,Espresso Drinks,Americano,1,5.57,Mobile Pay,3.0,5.57,September,Monday
ORD10908,C1427,2025-02-08,Downtown,Tea,Herbal Tea,3,4.22,Mobile Pay,3.0,12.66,February,Saturday
ORD10909,C1600,2025-01-25,Downtown,Espresso Drinks,Cappuccino,2,4.38,Mobile Pay,5.0,8.76,January,Saturday
ORD10910,C1432,2025-01-21,Downtown,Espresso Drinks,Flat White,1,3.94,Card,5.0,3.94,January,Tuesday
ORD10911,C1137,2025-09-09,University Ave,Pastries,Cinnamon Roll,2,2.63,Mobile Pay,,5.26,September,Tuesday
ORD10912,C1188,2025-11-04,Downtown,Espresso Drinks,Latte,2,4.6,Cash,,9.2,November,Tuesday
ORD10913,C1034,2025-08-18,Downtown,Brewed Coffee,Pour Over,3,3.92,Card,,11.76,August,Monday
ORD10914,C1623,2025-04-06,University Ave,Espresso Drinks,Flat White,3,4.21,Card,,12.63,April,Sunday
ORD10915,C1156,2025-10-03,University Ave,Espresso Drinks,Cappuccino,1,5.06,Mobile Pay,,5.06,October,Friday
ORD10916,C1438,2025-01-22,University Ave,Pastries,Cinnamon Roll,1,3.05,Mobile Pay,4.0,3.05,January,Wednesday
ORD10917,C1595,2025-10-29,University Ave,Brewed Coffee,Drip Coffee,3,4.02,Gift Card,,12.06,October,Wednesday
ORD10918,C1221,2025-11-21,Downtown,Espresso Drinks,Cappuccino,1,3.84,Mobile Pay,,3.84,November,Friday
ORD10919,C1531,2025-09-19,University Ave,Pastries,Cinnamon Roll,3,3.93,Card,,11.79,September,Friday
ORD10920,C1545,2025-11-17,University Ave,Espresso Drinks,Flat White,2,5.23,Mobile Pay,3.0,10.46,November,Monday
ORD10921,C1419,2025-08-02,Riverside,Espresso Drinks,Cappuccino,3,4.32,Card,,12.96,August,Saturday
ORD10922,C1549,2025-06-20,Downtown,Espresso Drinks,Espresso Shot,3,4.41,Cash,,13.23,June,Friday
ORD10923,C1645,2025-04-28,Downtown,Brewed Coffee,Drip Coffee,1,2.92,Mobile Pay,,2.92,April,Monday
ORD10924,C1383,2025-12-02,Downtown,Brewed Coffee,Pour Over,1,3.7,Mobile Pay,,3.7,December,Tuesday
ORD10925,C1468,2025-09-11,University Ave,Espresso Drinks,Flat White,2,5.28,Card,4.0,10.56,September,Thursday
ORD10926,C1193,2025-03-11,Downtown,Pastries,Scone,3,3.68,Card,,11.04,March,Tuesday
ORD10927,C1300,2025-12-15,Downtown,Espresso Drinks,Americano,2,5.13,Mobile Pay,,10.26,December,Monday
ORD10928,C1408,2025-01-22,University Ave,Espresso Drinks,Americano,2,5.51,Mobile Pay,,11.02,January,Wednesday
ORD10929,C1216,2025-08-02,Downtown,Food,Breakfast Sandwich,1,7.52,Card,4.0,7.52,August,Saturday
ORD10930,C1524,2025-03-11,Downtown,Pastries,Scone,1,4.38,Card,,4.38,March,Tuesday
ORD10931,C1400,2025-08-30,University Ave,Food,Avocado Toast,1,7.91,Card,5.0,7.91,August,Saturday
ORD10932,C1371,2025-05-31,Riverside,Espresso Drinks,Latte,3,4.87,Mobile Pay,,14.61,May,Saturday
ORD10933,C1347,2025-06-09,Downtown,Espresso Drinks,Flat White,2,4.66,Card,5.0,9.32,June,Monday
ORD10934,C1557,2025-09-02,Riverside,Tea,Chai Latte,2,3.87,Mobile Pay,1.0,7.74,September,Tuesday
ORD10935,C1375,2025-10-03,University Ave,Pastries,Scone,3,3.47,Cash,3.0,10.41,October,Friday
ORD10936,C1223,2025-05-19,Riverside,Espresso Drinks,Latte,1,4.96,Card,5.0,4.96,May,Monday
ORD10938,C1314,2025-07-01,Downtown,Food,Avocado Toast,1,8.18,Card,2.0,8.18,July,Tuesday
ORD10939,C1312,2025-02-28,University Ave,Espresso Drinks,Americano,3,4.54,Card,,13.62,February,Friday
ORD10940,C1571,2025-01-03,Riverside,Espresso Drinks,Cappuccino,1,4.17,Mobile Pay,3.0,4.17,January,Friday
ORD10941,C1108,2025-03-15,Downtown,Pastries,Scone,2,3.45,Mobile Pay,,6.9,March,Saturday
ORD10942,C1648,2025-09-09,Downtown,Espresso Drinks,Latte,2,3.76,Cash,2.0,7.52,September,Tuesday
ORD10943,C1285,2025-07-16,Downtown,Pastries,Muffin,3,2.52,Card,,7.56,July,Wednesday
ORD10944,C1492,2025-05-03,Riverside,Brewed Coffee,Pour Over,1,3.44,Cash,,3.44,May,Saturday
ORD10945,C1533,2025-06-25,University Ave,Espresso Drinks,Latte,1,3.83,Card,,3.83,June,Wednesday
ORD10946,C1491,2025-11-02,Riverside,Espresso Drinks,Espresso Shot,1,5.04,Card,,5.04,November,Sunday
ORD10947,C1273,2025-07-28,University Ave,Espresso Drinks,Americano,2,4.68,Card,3.0,9.36,July,Monday
ORD10948,C1266,2025-01-22,University Ave,Brewed Coffee,Cold Brew,2,3.05,Card,,6.1,January,Wednesday
ORD10949,C1269,2025-01-18,Downtown,Pastries,Croissant,1,2.86,Card,,2.86,January,Saturday
ORD10950,C1293,2025-06-25,University Ave,Brewed Coffee,Cold Brew,1,3.44,Card,,3.44,June,Wednesday
ORD10951,C1492,2025-05-28,University Ave,Espresso Drinks,Latte,1,4.02,Mobile Pay,,4.02,May,Wednesday
ORD10952,C1470,2025-11-06,University Ave,Pastries,Cinnamon Roll,1,4.0,Mobile Pay,5.0,4.0,November,Thursday
ORD10953,C1462,2025-08-01,Riverside,Espresso Drinks,Americano,2,5.61,Card,,11.22,August,Friday
ORD10954,C1009,2025-10-03,University Ave,Espresso Drinks,Flat White,2,4.44,Card,4.0,8.88,October,Friday
ORD10955,C1117,2025-08-02,Downtown,Espresso Drinks,Latte,1,5.36,Card,,5.36,August,Saturday
ORD10956,C1514,2025-05-06,Downtown,Pastries,Croissant,1,4.23,Card,4.0,4.23,May,Tuesday
ORD10957,C1511,2025-08-28,University Ave,Pastries,Muffin,2,3.43,Mobile Pay,5.0,6.86,August,Thursday
ORD10958,C1552,2025-08-15,Downtown,Espresso Drinks,Americano,3,3.77,Card,4.0,11.31,August,Friday
ORD10959,C1549,2025-09-20,Downtown,Brewed Coffee,Drip Coffee,2,2.89,Cash,4.0,5.78,September,Saturday
ORD10960,C1612,2025-03-10,Riverside,Pastries,Scone,2,2.73,Gift Card,,5.46,March,Monday
ORD10961,C1565,2025-08-22,Downtown,Brewed Coffee,Drip Coffee,2,3.97,Cash,,7.94,August,Friday
ORD10962,C1547,2025-04-14,Riverside,Tea,Green Tea,1,3.39,Card,4.0,3.39,April,Monday
ORD10963,C1366,2025-10-15,Downtown,Pastries,Cinnamon Roll,1,3.14,Card,4.0,3.14,October,Wednesday
ORD10964,C1362,2025-10-18,University Ave,Pastries,Scone,3,3.28,Card,,9.84,October,Saturday
ORD10965,C1394,2025-08-16,Riverside,Brewed Coffee,Pour Over,1,4.02,Cash,,4.02,August,Saturday
ORD10966,C1568,2025-12-11,Downtown,Food,Avocado Toast,2,7.9,Mobile Pay,2.0,15.8,December,Thursday
ORD10967,C1287,2025-07-15,University Ave,Espresso Drinks,Flat White,1,4.59,Mobile Pay,2.0,4.59,July,Tuesday
ORD10968,C1438,2025-01-10,Downtown,Pastries,Croissant,1,3.4,Card,5.0,3.4,January,Friday
ORD10969,C1267,2025-08-09,University Ave,Espresso Drinks,Americano,3,3.82,Cash,,11.46,August,Saturday
ORD10970,C1611,2025-10-11,Riverside,Espresso Drinks,Cappuccino,2,4.25,Card,3.0,8.5,October,Saturday
ORD10971,C1076,2025-02-06,Downtown,Tea,Chai Latte,1,4.52,Card,,4.52,February,Thursday
ORD10972,C1071,2025-02-08,Downtown,Brewed Coffee,Cold Brew,1,3.65,Cash,,3.65,February,Saturday
ORD10973,C1521,2025-04-10,Downtown,Espresso Drinks,Cappuccino,1,4.4,Card,,4.4,April,Thursday
ORD10974,C1320,2025-11-04,Downtown,Espresso Drinks,Americano,3,5.31,Card,4.0,15.93,November,Tuesday
ORD10975,C1405,2025-07-11,University Ave,Espresso Drinks,Flat White,2,5.1,Card,,10.2,July,Friday
ORD10976,C1373,2025-12-22,Riverside,Pastries,Croissant,3,3.99,Mobile Pay,3.0,11.97,December,Monday
ORD10977,C1325,2025-11-14,University Ave,Espresso Drinks,Americano,2,3.83,Card,3.0,7.66,November,Friday
ORD10978,C1546,2025-07-21,Downtown,Food,Bagel,1,5.86,Mobile Pay,,5.86,July,Monday
ORD10979,C1579,2025-09-05,University Ave,Espresso Drinks,Espresso Shot,1,3.89,Card,5.0,3.89,September,Friday
ORD10980,C1136,2025-05-01,Downtown,Espresso Drinks,Americano,1,4.48,Mobile Pay,,4.48,May,Thursday
ORD10981,C1012,2025-02-02,Riverside,Tea,Herbal Tea,3,4.55,Card,5.0,13.65,February,Sunday
ORD10982,C1189,2025-05-26,Downtown,Espresso Drinks,Flat White,1,4.06,Mobile Pay,,4.06,May,Monday
ORD10983,C1608,2025-08-04,University Ave,Espresso Drinks,Americano,1,4.14,Cash,,4.14,August,Monday
ORD10984,C1154,2025-03-08,Riverside,Brewed Coffee,Drip Coffee,1,3.18,Mobile Pay,,3.18,March,Saturday
ORD10985,C1543,2025-03-22,Riverside,Pastries,Muffin,1,3.72,Card,5.0,3.72,March,Saturday
ORD10986,C1565,2025-01-06,Downtown,Espresso Drinks,Cappuccino,1,4.28,Card,,4.28,January,Monday
ORD10987,C1375,2025-09-25,Riverside,Espresso Drinks,Latte,3,4.9,Mobile Pay,5.0,14.7,September,Thursday
ORD10988,C1062,2025-11-24,Riverside,Brewed Coffee,Cold Brew,2,3.62,Card,,7.24,November,Monday
ORD10989,C1182,2025-10-29,Downtown,Tea,Herbal Tea,1,4.25,Cash,4.0,4.25,October,Wednesday
ORD10990,C1454,2025-05-19,Downtown,Espresso Drinks,Americano,1,3.86,Gift Card,,3.86,May,Monday
ORD10991,C1568,2025-08-05,Downtown,Pastries,Cinnamon Roll,1,2.71,Card,,2.71,August,Tuesday
ORD10992,C1376,2025-12-16,Downtown,Brewed Coffee,Cold Brew,1,3.58,Card,5.0,3.58,December,Tuesday
ORD10993,C1166,2025-08-04,Downtown,Espresso Drinks,Latte,1,4.08,Card,,4.08,August,Monday
ORD10994,C1213,2025-04-18,University Ave,Pastries,Croissant,1,3.36,Card,,3.36,April,Friday
ORD10995,C1517,2025-05-04,Riverside,Espresso Drinks,Americano,2,3.78,Card,4.0,7.56,May,Sunday
ORD10996,C1156,2025-09-22,Riverside,Food,Bagel,2,8.36,Mobile Pay,,16.72,September,Monday
ORD10997,C1522,2025-06-12,University Ave,Pastries,Muffin,1,3.46,Card,,3.46,June,Thursday
ORD10998,C1360,2025-11-01,University Ave,Espresso Drinks,Espresso Shot,2,5.65,Mobile Pay,2.0,11.3,November,Saturday
ORD10999,C1136,2025-11-11,University Ave,Espresso Drinks,Latte,2,3.87,Card,,7.74,November,Tuesday
ORD11000,C1425,2025-01-14,University Ave,Brewed Coffee,Cold Brew,1,3.95,Card,2.0,3.95,January,Tuesday
ORD11001,C1346,2025-09-21,Downtown,Espresso Drinks,Americano,2,3.99,Card,5.0,7.98,September,Sunday
ORD11002,C1573,2025-05-15,Downtown,Tea,Green Tea,1,3.48,Card,5.0,3.48,May,Thursday
ORD11003,C1466,2025-07-09,Downtown,Pastries,Muffin,3,2.67,Gift Card,,8.01,July,Wednesday
ORD11004,C1452,2025-04-07,Downtown,Brewed Coffee,Drip Coffee,1,3.88,Card,3.0,3.88,April,Monday
ORD11005,C1369,2025-05-15,Riverside,Brewed Coffee,Drip Coffee,2,3.18,Gift Card,4.0,6.36,May,Thursday
ORD11006,C1320,2025-05-01,Riverside,Espresso Drinks,Latte,1,5.62,Cash,,5.62,May,Thursday
ORD11007,C1382,2025-01-19,Riverside,Espresso Drinks,Flat White,2,5.15,Mobile Pay,2.0,10.3,January,Sunday
ORD11008,C1405,2025-10-12,Downtown,Espresso Drinks,Flat White,2,3.87,Cash,4.0,7.74,October,Sunday
ORD11009,C1625,2025-02-22,Riverside,Espresso Drinks,Cappuccino,1,4.25,Card,5.0,4.25,February,Saturday
ORD11010,C1142,2025-05-17,Riverside,Brewed Coffee,Drip Coffee,3,3.79,Card,,11.37,May,Saturday
ORD11011,C1049,2025-03-12,Downtown,Pastries,Croissant,2,3.79,Card,,7.58,March,Wednesday
ORD11012,C1041,2025-02-28,Riverside,Espresso Drinks,Espresso Shot,2,5.12,Mobile Pay,,10.24,February,Friday
ORD11013,C1140,2025-05-16,Riverside,Espresso Drinks,Espresso Shot,1,4.77,Card,,4.77,May,Friday
ORD11014,C1569,2025-12-01,University Ave,Brewed Coffee,Drip Coffee,1,2.81,Mobile Pay,,2.81,December,Monday
ORD11015,C1196,2025-12-10,Riverside,Brewed Coffee,Cold Brew,1,3.88,Card,,3.88,December,Wednesday
ORD11016,C1087,2025-05-19,Downtown,Espresso Drinks,Latte,1,5.44,Card,3.0,5.44,May,Monday
ORD11017,C1002,2025-07-03,University Ave,Pastries,Cinnamon Roll,1,4.06,Mobile Pay,5.0,4.06,July,Thursday
ORD11018,C1081,2025-12-25,University Ave,Tea,Green Tea,1,4.72,Cash,,4.72,December,Thursday
ORD11019,C1118,2025-03-27,Riverside,Brewed Coffee,Drip Coffee,1,3.97,Mobile Pay,,3.97,March,Thursday
ORD11020,C1348,2025-12-10,University Ave,Espresso Drinks,Latte,2,5.64,Card,,11.28,December,Wednesday
ORD11021,C1182,2025-02-08,University Ave,Food,Avocado Toast,2,8.23,Gift Card,,16.46,February,Saturday
ORD11022,C1150,2025-03-24,Riverside,Espresso Drinks,Flat White,1,5.7,Card,4.0,5.7,March,Monday
ORD11023,C1391,2025-05-04,Riverside,Espresso Drinks,Latte,1,5.4,Cash,4.0,5.4,May,Sunday
ORD11024,C1216,2025-01-14,Downtown,Espresso Drinks,Flat White,2,5.6,Mobile Pay,4.0,11.2,January,Tuesday
ORD11025,C1429,2025-10-24,University Ave,Espresso Drinks,Flat White,3,3.99,Mobile Pay,,11.97,October,Friday
ORD11026,C1417,2025-11-08,Riverside,Pastries,Croissant,1,3.49,Card,,3.49,November,Saturday
ORD11027,C1334,2025-05-20,Downtown,Espresso Drinks,Cappuccino,2,4.29,Card,,8.58,May,Tuesday
ORD11028,C1277,2025-11-01,University Ave,Brewed Coffee,Drip Coffee,1,2.75,Cash,,2.75,November,Saturday
ORD11029,C1467,2025-10-09,University Ave,Tea,Chai Latte,1,3.99,Card,5.0,3.99,October,Thursday
ORD11030,C1218,2025-10-19,Riverside,Pastries,Muffin,1,3.28,Card,4.0,3.28,October,Sunday
ORD11031,C1463,2025-10-20,Downtown,Food,Avocado Toast,2,7.92,Cash,,15.84,October,Monday
ORD11032,C1288,2025-07-28,Downtown,Tea,Chai Latte,1,3.39,Card,,3.39,July,Monday
ORD11033,C1405,2025-02-10,Riverside,Pastries,Scone,1,3.73,Cash,4.0,3.73,February,Monday
ORD11034,C1526,2025-12-03,University Ave,Espresso Drinks,Latte,2,4.96,Gift Card,3.0,9.92,December,Wednesday
ORD11035,C1608,2025-08-10,Riverside,Tea,Chai Latte,1,3.74,Gift Card,5.0,3.74,August,Sunday
ORD11036,C1445,2025-11-25,Downtown,Pastries,Muffin,2,2.68,Gift Card,,5.36,November,Tuesday
ORD11037,C1274,2025-12-16,University Ave,Brewed Coffee,Pour Over,3,2.89,Cash,,8.67,December,Tuesday
ORD11038,C1320,2025-03-10,Downtown,Tea,Herbal Tea,3,4.74,Card,,14.22,March,Monday
ORD11039,C1627,2025-05-27,Downtown,Pastries,Scone,2,4.41,Card,3.0,8.82,May,Tuesday
ORD11040,C1632,2025-03-12,Riverside,Pastries,Muffin,1,3.48,Card,4.0,3.48,March,Wednesday
ORD11041,C1538,2025-01-19,University Ave,Pastries,Muffin,1,3.36,Mobile Pay,,3.36,January,Sunday
ORD11042,C1362,2025-12-18,University Ave,Espresso Drinks,Espresso Shot,1,4.18,Card,3.0,4.18,December,Thursday
ORD11043,C1530,2025-12-03,Riverside,Pastries,Croissant,2,3.77,Card,5.0,7.54,December,Wednesday
ORD11044,C1159,2025-12-06,Downtown,Food,Breakfast Sandwich,1,6.25,Mobile Pay,,6.25,December,Saturday
ORD11045,C1375,2025-11-18,Downtown,Espresso Drinks,Flat White,1,4.24,Card,,4.24,November,Tuesday
ORD11046,C1083,2025-08-25,Riverside,Tea,Herbal Tea,1,4.1,Card,4.0,4.1,August,Monday
ORD11047,C1182,2025-07-10,Riverside,Espresso Drinks,Cappuccino,1,4.98,Mobile Pay,3.0,4.98,July,Thursday
ORD11048,C1237,2025-12-27,University Ave,Espresso Drinks,Americano,2,3.82,Card,4.0,7.64,December,Saturday
ORD11049,C1636,2025-07-21,Riverside,Espresso Drinks,Flat White,1,4.17,Mobile Pay,5.0,4.17,July,Monday
ORD11050,C1610,2025-08-22,University Ave,Brewed Coffee,Cold Brew,2,3.09,Cash,,6.18,August,Friday
ORD11051,C1429,2025-03-19,Riverside,Pastries,Scone,1,3.55,Card,3.0,3.55,March,Wednesday
ORD11052,C1444,2025-09-29,University Ave,Espresso Drinks,Espresso Shot,3,5.65,Gift Card,3.0,16.95,September,Monday
ORD11053,C1480,2025-10-26,Riverside,Food,Avocado Toast,2,6.2,Card,,12.4,October,Sunday
ORD11054,C1015,2025-09-04,University Ave,Brewed Coffee,Drip Coffee,2,3.95,Cash,4.0,7.9,September,Thursday
ORD11055,C1123,2025-07-01,Riverside,Brewed Coffee,Cold Brew,3,3.39,Mobile Pay,,10.17,July,Tuesday
ORD11056,C1455,2025-03-14,Downtown,Tea,Green Tea,1,3.5,Card,,3.5,March,Friday
ORD11057,C1240,2025-01-13,Riverside,Brewed Coffee,Drip Coffee,1,3.48,Card,,3.48,January,Monday
ORD11058,C1044,2025-08-17,Riverside,Pastries,Scone,1,3.79,Card,5.0,3.79,August,Sunday
ORD11059,C1491,2025-09-06,Downtown,Espresso Drinks,Americano,3,4.36,Mobile Pay,,13.08,September,Saturday
ORD11060,C1045,2025-10-09,Downtown,Tea,Chai Latte,1,4.55,Mobile Pay,4.0,4.55,October,Thursday
ORD11061,C1165,2025-12-12,University Ave,Espresso Drinks,Espresso Shot,1,4.16,Gift Card,,4.16,December,Friday
ORD11062,C1547,2025-07-01,Riverside,Pastries,Croissant,3,2.55,Card,,7.65,July,Tuesday
ORD11063,C1574,2025-10-29,Downtown,Pastries,Croissant,3,3.6,Card,5.0,10.8,October,Wednesday
ORD11064,C1555,2025-09-18,Downtown,Espresso Drinks,Espresso Shot,1,4.25,Mobile Pay,,4.25,September,Thursday
ORD11065,C1129,2025-04-11,University Ave,Espresso Drinks,Latte,3,5.57,Card,,16.71,April,Friday
ORD11066,C1312,2025-11-04,Riverside,Pastries,Croissant,2,3.31,Cash,4.0,6.62,November,Tuesday
ORD11067,C1168,2025-01-20,Riverside,Pastries,Croissant,1,3.44,Card,,3.44,January,Monday
ORD11068,C1340,2025-08-06,University Ave,Food,Avocado Toast,1,6.94,Mobile Pay,2.0,6.94,August,Wednesday
ORD11069,C1113,2025-12-09,Downtown,Espresso Drinks,Americano,1,4.24,Mobile Pay,5.0,4.24,December,Tuesday
ORD11070,C1245,2025-08-28,Riverside,Espresso Drinks,Cappuccino,2,4.76,Mobile Pay,,9.52,August,Thursday
ORD11071,C1479,2025-12-08,Riverside,Brewed Coffee,Pour Over,1,3.52,Gift Card,5.0,3.52,December,Monday
ORD11072,C1335,2025-01-21,University Ave,Espresso Drinks,Cappuccino,3,4.12,Mobile Pay,,12.36,January,Tuesday
ORD11073,C1554,2025-07-13,University Ave,Brewed Coffee,Pour Over,3,2.77,Card,,8.31,July,Sunday
ORD11074,C1023,2025-10-12,Downtown,Pastries,Cinnamon Roll,2,3.74,Cash,4.0,7.48,October,Sunday
ORD11075,C1299,2025-08-22,Downtown,Food,Bagel,3,6.02,Cash,4.0,18.06,August,Friday
ORD11076,C1417,2025-11-17,University Ave,Espresso Drinks,Flat White,1,4.3,Card,5.0,4.3,November,Monday
ORD11077,C1427,2025-06-18,University Ave,Espresso Drinks,Flat White,1,5.2,Mobile Pay,,5.2,June,Wednesday
ORD11078,C1471,2025-09-06,Downtown,Tea,Chai Latte,2,4.69,Card,4.0,9.38,September,Saturday
ORD11079,C1279,2025-06-02,Riverside,Brewed Coffee,Cold Brew,3,3.53,Mobile Pay,4.0,10.59,June,Monday
ORD11080,C1381,2025-11-14,University Ave,Espresso Drinks,Flat White,1,5.16,Mobile Pay,,5.16,November,Friday
ORD11081,C1648,2025-02-13,Riverside,Espresso Drinks,Latte,1,4.92,Mobile Pay,5.0,4.92,February,Thursday
ORD11082,C1494,2025-04-03,University Ave,Espresso Drinks,Espresso Shot,3,5.53,Card,,16.59,April,Thursday
ORD11083,C1072,2025-02-05,Riverside,Espresso Drinks,Cappuccino,1,5.4,Card,5.0,5.4,February,Wednesday
ORD11084,C1427,2025-09-13,Downtown,Pastries,Scone,1,3.13,Card,,3.13,September,Saturday
ORD11085,C1221,2025-03-26,Downtown,Brewed Coffee,Pour Over,2,3.17,Mobile Pay,3.0,6.34,March,Wednesday
ORD11086,C1086,2025-04-26,Downtown,Espresso Drinks,Flat White,1,4.45,Card,,4.45,April,Saturday
ORD11087,C1032,2025-11-01,Downtown,Espresso Drinks,Latte,2,4.73,Card,,9.46,November,Saturday
ORD11088,C1181,2025-05-12,Riverside,Brewed Coffee,Cold Brew,1,3.17,Card,,3.17,May,Monday
ORD11089,C1369,2025-02-23,Downtown,Pastries,Croissant,1,4.4,Mobile Pay,,4.4,February,Sunday
ORD11090,C1206,2025-01-08,Riverside,Espresso Drinks,Espresso Shot,1,5.19,Card,,5.19,January,Wednesday
ORD11091,C1641,2025-03-24,Downtown,Espresso Drinks,Cappuccino,2,4.2,Card,5.0,8.4,March,Monday
ORD11092,C1648,2025-11-29,Downtown,Espresso Drinks,Americano,2,4.2,Card,,8.4,November,Saturday
ORD11093,C1587,2025-07-19,Downtown,Pastries,Muffin,2,3.93,Cash,5.0,7.86,July,Saturday
ORD11094,C1495,2025-12-29,Downtown,Food,Avocado Toast,3,8.46,Card,,25.38,December,Monday
ORD11095,C1094,2025-03-20,Downtown,Pastries,Scone,1,4.15,Mobile Pay,,4.15,March,Thursday
ORD11096,C1463,2025-05-08,University Ave,Brewed Coffee,Pour Over,3,4.17,Card,,12.51,May,Thursday
ORD11097,C1141,2025-03-01,Downtown,Brewed Coffee,Pour Over,2,3.13,Card,4.0,6.26,March,Saturday
ORD11098,C1461,2025-05-26,Downtown,Pastries,Croissant,2,3.6,Card,,7.2,May,Monday
ORD11099,C1289,2025-07-25,Downtown,Pastries,Scone,1,3.47,Cash,,3.47,July,Friday
ORD11100,C1152,2025-10-22,Downtown,Brewed Coffee,Pour Over,1,2.88,Card,4.0,2.88,October,Wednesday
ORD11101,C1332,2025-05-14,University Ave,Espresso Drinks,Latte,1,4.57,Mobile Pay,,4.57,May,Wednesday
ORD11102,C1264,2025-10-08,University Ave,Brewed Coffee,Pour Over,1,3.08,Mobile Pay,5.0,3.08,October,Wednesday
ORD11103,C1199,2025-08-16,University Ave,Espresso Drinks,Espresso Shot,1,4.81,Card,,4.81,August,Saturday
ORD11104,C1220,2025-04-17,Riverside,Espresso Drinks,Flat White,1,5.55,Card,5.0,5.55,April,Thursday
ORD11105,C1334,2025-11-29,Downtown,Espresso Drinks,Flat White,1,4.67,Cash,5.0,4.67,November,Saturday
ORD11106,C1512,2025-06-08,Riverside,Food,Breakfast Sandwich,1,6.17,Mobile Pay,,6.17,June,Sunday
ORD11107,C1518,2025-02-24,Downtown,Espresso Drinks,Cappuccino,3,5.16,Mobile Pay,,15.48,February,Monday
ORD11108,C1121,2025-12-17,Downtown,Espresso Drinks,Flat White,1,4.49,Cash,3.0,4.49,December,Wednesday
ORD11109,C1555,2025-11-29,University Ave,Tea,Chai Latte,2,4.28,Mobile Pay,,8.56,November,Saturday
ORD11110,C1465,2025-01-19,Downtown,Espresso Drinks,Americano,2,4.07,Gift Card,4.0,8.14,January,Sunday
ORD11111,C1009,2025-11-25,Downtown,Brewed Coffee,Pour Over,1,3.49,Mobile Pay,,3.49,November,Tuesday
ORD11112,C1527,2025-12-11,University Ave,Espresso Drinks,Flat White,2,5.38,Card,3.0,10.76,December,Thursday
ORD11113,C1510,2025-10-29,Riverside,Espresso Drinks,Espresso Shot,3,4.24,Mobile Pay,,12.72,October,Wednesday
ORD11114,C1463,2025-04-03,University Ave,Food,Avocado Toast,2,6.66,Cash,,13.32,April,Thursday
ORD11115,C1072,2025-08-18,Downtown,Tea,Green Tea,1,4.44,Mobile Pay,4.0,4.44,August,Monday
ORD11116,C1459,2025-07-15,University Ave,Tea,Chai Latte,1,3.51,Gift Card,,3.51,July,Tuesday
ORD11117,C1097,2025-08-14,Downtown,Espresso Drinks,Flat White,2,4.49,Mobile Pay,,8.98,August,Thursday
ORD11118,C1646,2025-08-13,Riverside,Brewed Coffee,Cold Brew,3,3.55,Card,3.0,10.65,August,Wednesday
ORD11119,C1071,2025-08-21,Downtown,Espresso Drinks,Espresso Shot,2,4.61,Card,,9.22,August,Thursday
ORD11120,C1185,2025-07-07,Riverside,Brewed Coffee,Cold Brew,2,4.2,Mobile Pay,5.0,8.4,July,Monday
ORD11121,C1613,2025-09-09,Riverside,Espresso Drinks,Flat White,2,3.96,Mobile Pay,,7.92,September,Tuesday
ORD11122,C1499,2025-07-11,Riverside,Brewed Coffee,Pour Over,2,3.44,Card,,6.88,July,Friday
ORD11123,C1164,2025-01-06,University Ave,Food,Breakfast Sandwich,1,8.3,Gift Card,,8.3,January,Monday
ORD11124,C1235,2025-01-13,University Ave,Tea,Green Tea,3,4.17,Card,,12.51,January,Monday
ORD11125,C1282,2025-12-15,Riverside,Espresso Drinks,Latte,1,5.24,Mobile Pay,3.0,5.24,December,Monday
ORD11126,C1584,2025-11-27,Riverside,Brewed Coffee,Cold Brew,1,3.43,Card,5.0,3.43,November,Thursday
ORD11127,C1279,2025-08-02,Riverside,Espresso Drinks,Americano,2,4.47,Cash,3.0,8.94,August,Saturday
ORD11128,C1018,2025-03-05,Downtown,Food,Bagel,1,5.52,Mobile Pay,4.0,5.52,March,Wednesday
ORD11129,C1430,2025-10-12,Downtown,Pastries,Scone,2,4.15,Mobile Pay,,8.3,October,Sunday
ORD11130,C1087,2025-02-22,Downtown,Pastries,Muffin,1,4.13,Card,,4.13,February,Saturday
ORD11131,C1198,2025-05-18,Downtown,Brewed Coffee,Drip Coffee,2,2.83,Card,4.0,5.66,May,Sunday
ORD11132,C1329,2025-05-01,University Ave,Pastries,Croissant,2,3.45,Mobile Pay,,6.9,May,Thursday
ORD11133,C1577,2025-01-05,Riverside,Food,Bagel,2,7.51,Card,,15.02,January,Sunday
ORD11134,C1011,2025-10-21,Downtown,Espresso Drinks,Espresso Shot,2,4.32,Card,4.0,8.64,October,Tuesday
ORD11135,C1401,2025-07-05,Downtown,Espresso Drinks,Cappuccino,1,4.16,Gift Card,,4.16,July,Saturday
ORD11136,C1087,2025-04-26,Downtown,Brewed Coffee,Drip Coffee,2,3.05,Mobile Pay,,6.1,April,Saturday
ORD11137,C1559,2025-07-04,Downtown,Brewed Coffee,Drip Coffee,2,3.4,Card,,6.8,July,Friday
ORD11138,C1349,2025-01-01,University Ave,Pastries,Scone,2,2.79,Cash,,5.58,January,Wednesday
ORD11139,C1470,2025-06-09,Downtown,Brewed Coffee,Drip Coffee,2,3.93,Cash,3.0,7.86,June,Monday
ORD11140,C1351,2025-07-09,University Ave,Food,Breakfast Sandwich,1,8.12,Cash,5.0,8.12,July,Wednesday
ORD11141,C1549,2025-05-04,University Ave,Tea,Herbal Tea,1,4.4,Mobile Pay,,4.4,May,Sunday
ORD11142,C1291,2025-10-30,Riverside,Pastries,Cinnamon Roll,1,4.02,Cash,,4.02,October,Thursday
ORD11143,C1250,2025-04-01,University Ave,Espresso Drinks,Flat White,1,5.25,Card,,5.25,April,Tuesday
ORD11144,C1278,2025-02-20,Riverside,Espresso Drinks,Americano,3,4.88,Mobile Pay,,14.64,February,Thursday
ORD11145,C1302,2025-07-12,Downtown,Food,Bagel,2,6.07,Gift Card,,12.14,July,Saturday
ORD11146,C1239,2025-11-19,University Ave,Brewed Coffee,Drip Coffee,1,2.84,Cash,,2.84,November,Wednesday
ORD11147,C1414,2025-05-17,University Ave,Brewed Coffee,Pour Over,2,3.68,Card,,7.36,May,Saturday
ORD11148,C1008,2025-01-17,Downtown,Tea,Herbal Tea,2,4.09,Mobile Pay,5.0,8.18,January,Friday
ORD11149,C1545,2025-12-20,Downtown,Espresso Drinks,Espresso Shot,2,4.66,Gift Card,,9.32,December,Saturday
ORD11150,C1574,2025-06-11,Downtown,Espresso Drinks,Flat White,1,4.31,Cash,5.0,4.31,June,Wednesday
ORD11151,C1331,2025-03-04,Downtown,Brewed Coffee,Pour Over,3,3.96,Card,,11.88,March,Tuesday
ORD11152,C1438,2025-08-13,Downtown,Food,Breakfast Sandwich,2,5.71,Cash,4.0,11.42,August,Wednesday
ORD11153,C1161,2025-04-27,Downtown,Pastries,Muffin,1,3.25,Card,,3.25,April,Sunday
ORD11154,C1364,2025-12-08,Downtown,Food,Bagel,1,7.06,Cash,5.0,7.06,December,Monday
ORD11155,C1467,2025-04-18,Downtown,Tea,Chai Latte,3,4.01,Card,2.0,12.03,April,Friday
ORD11156,C1592,2025-07-20,University Ave,Espresso Drinks,Americano,2,4.32,Cash,,8.64,July,Sunday
ORD11157,C1510,2025-07-17,Downtown,Tea,Green Tea,3,3.75,Card,5.0,11.25,July,Thursday
ORD11158,C1134,2025-03-30,University Ave,Espresso Drinks,Latte,3,5.59,Cash,,16.77,March,Sunday
ORD11159,C1173,2025-07-01,Riverside,Espresso Drinks,Flat White,2,5.62,Cash,,11.24,July,Tuesday
ORD11160,C1387,2025-02-09,Downtown,Food,Avocado Toast,1,7.89,Mobile Pay,,7.89,February,Sunday
ORD11161,C1330,2025-08-23,Downtown,Pastries,Cinnamon Roll,2,2.8,Mobile Pay,,5.6,August,Saturday
ORD11162,C1145,2025-10-04,Downtown,Espresso Drinks,Cappuccino,2,5.24,Cash,,10.48,October,Saturday
ORD11163,C1394,2025-12-12,Riverside,Brewed Coffee,Pour Over,1,2.91,Card,,2.91,December,Friday
ORD11164,C1399,2025-04-29,University Ave,Brewed Coffee,Drip Coffee,2,4.11,Card,,8.22,April,Tuesday
ORD11165,C1159,2025-04-14,University Ave,Food,Avocado Toast,1,7.02,Gift Card,,7.02,April,Monday
ORD11166,C1265,2025-07-19,Downtown,Pastries,Scone,3,2.98,Mobile Pay,,8.94,July,Saturday
ORD11167,C1053,2025-09-10,Downtown,Brewed Coffee,Cold Brew,3,3.03,Mobile Pay,,9.09,September,Wednesday
ORD11168,C1454,2025-12-28,Riverside,Espresso Drinks,Espresso Shot,1,4.21,Card,,4.21,December,Sunday
ORD11169,C1006,2025-01-10,Downtown,Espresso Drinks,Latte,2,5.02,Card,,10.04,January,Friday
ORD11170,C1311,2025-03-28,Downtown,Tea,Chai Latte,2,4.12,Card,,8.24,March,Friday
ORD11171,C1403,2025-04-06,University Ave,Pastries,Croissant,1,2.75,Gift Card,,2.75,April,Sunday
ORD11172,C1613,2025-04-03,Downtown,Espresso Drinks,Cappuccino,1,5.7,Mobile Pay,,5.7,April,Thursday
ORD11173,C1605,2025-06-18,Riverside,Tea,Herbal Tea,1,3.27,Card,,3.27,June,Wednesday
ORD11174,C1494,2025-11-14,Downtown,Brewed Coffee,Drip Coffee,1,4.07,Cash,5.0,4.07,November,Friday
ORD11175,C1338,2025-01-12,Riverside,Espresso Drinks,Espresso Shot,1,5.57,Card,5.0,5.57,January,Sunday
ORD11176,C1627,2025-10-24,Riverside,Food,Breakfast Sandwich,2,5.68,Card,,11.36,October,Friday
ORD11177,C1067,2025-08-13,Downtown,Espresso Drinks,Cappuccino,3,3.8,Card,2.0,11.4,August,Wednesday
ORD11178,C1169,2025-08-12,Downtown,Tea,Green Tea,1,3.93,Card,,3.93,August,Tuesday
ORD11179,C1000,2025-09-04,Riverside,Espresso Drinks,Flat White,2,5.75,Gift Card,,11.5,September,Thursday
ORD11180,C1262,2025-02-12,Downtown,Pastries,Croissant,1,3.05,Card,4.0,3.05,February,Wednesday
ORD11181,C1029,2025-09-29,Riverside,Brewed Coffee,Cold Brew,2,3.94,Mobile Pay,5.0,7.88,September,Monday
ORD11182,C1215,2025-04-01,Downtown,Espresso Drinks,Flat White,1,5.12,Mobile Pay,,5.12,April,Tuesday
ORD11183,C1481,2025-07-08,Riverside,Food,Bagel,1,7.79,Mobile Pay,,7.79,July,Tuesday
ORD11184,C1019,2025-09-04,Riverside,Espresso Drinks,Cappuccino,2,5.61,Card,3.0,11.22,September,Thursday
ORD11185,C1211,2025-08-08,Riverside,Espresso Drinks,Cappuccino,2,3.84,Card,5.0,7.68,August,Friday
ORD11186,C1048,2025-04-28,Riverside,Espresso Drinks,Flat White,1,4.38,Card,4.0,4.38,April,Monday
ORD11187,C1377,2025-05-25,Riverside,Brewed Coffee,Cold Brew,1,2.83,Cash,,2.83,May,Sunday
ORD11188,C1219,2025-06-23,Downtown,Brewed Coffee,Cold Brew,1,2.78,Cash,4.0,2.78,June,Monday
ORD11189,C1226,2025-01-16,Riverside,Tea,Green Tea,1,4.68,Mobile Pay,,4.68,January,Thursday
ORD11190,C1392,2025-09-22,University Ave,Espresso Drinks,Cappuccino,3,4.34,Mobile Pay,3.0,13.02,September,Monday
ORD11191,C1625,2025-02-06,Riverside,Tea,Green Tea,1,4.16,Mobile Pay,,4.16,February,Thursday
ORD11192,C1594,2025-06-16,University Ave,Pastries,Scone,3,3.02,Cash,,9.06,June,Monday
ORD11193,C1471,2025-08-27,Downtown,Brewed Coffee,Pour Over,3,3.6,Card,4.0,10.8,August,Wednesday
ORD11194,C1477,2025-01-30,University Ave,Espresso Drinks,Latte,1,4.44,Card,4.0,4.44,January,Thursday
ORD11195,C1383,2025-12-29,Riverside,Brewed Coffee,Pour Over,2,4.05,Card,,8.1,December,Monday
ORD11196,C1476,2025-05-18,University Ave,Espresso Drinks,Espresso Shot,2,4.04,Mobile Pay,5.0,8.08,May,Sunday
ORD11197,C1156,2025-01-06,Downtown,Espresso Drinks,Espresso Shot,1,5.0,Card,,5.0,January,Monday
ORD11198,C1293,2025-08-28,Downtown,Brewed Coffee,Drip Coffee,1,4.07,Card,4.0,4.07,August,Thursday
ORD11199,C1072,2025-07-22,University Ave,Tea,Chai Latte,2,4.0,Card,,8.0,July,Tuesday
ORD11200,C1325,2025-08-22,University Ave,Tea,Green Tea,1,4.18,Gift Card,,4.18,August,Friday
ORD11201,C1344,2025-10-01,Downtown,Espresso Drinks,Espresso Shot,3,5.46,Mobile Pay,,16.38,October,Wednesday
ORD11202,C1377,2025-06-23,University Ave,Espresso Drinks,Americano,3,5.64,Card,,16.92,June,Monday
ORD11203,C1033,2025-10-28,Downtown,Brewed Coffee,Drip Coffee,3,3.8,Card,3.0,11.4,October,Tuesday
ORD11204,C1190,2025-05-15,Riverside,Food,Avocado Toast,2,7.94,Mobile Pay,5.0,15.88,May,Thursday
ORD11205,C1158,2025-07-18,Riverside,Brewed Coffee,Pour Over,3,3.94,Cash,5.0,11.82,July,Friday
ORD11206,C1118,2025-02-27,Downtown,Espresso Drinks,Espresso Shot,1,5.49,Card,,5.49,February,Thursday
ORD11207,C1623,2025-08-14,Riverside,Espresso Drinks,Latte,1,5.35,Card,4.0,5.35,August,Thursday
ORD11208,C1538,2025-04-06,Downtown,Espresso Drinks,Americano,1,4.46,Card,,4.46,April,Sunday
ORD11209,C1037,2025-09-11,Riverside,Brewed Coffee,Cold Brew,2,3.47,Card,4.0,6.94,September,Thursday
ORD11210,C1118,2025-10-19,Riverside,Brewed Coffee,Cold Brew,1,3.39,Card,,3.39,October,Sunday
ORD11211,C1603,2025-11-09,University Ave,Espresso Drinks,Cappuccino,1,3.79,Card,4.0,3.79,November,Sunday
ORD11212,C1534,2025-12-05,Riverside,Pastries,Scone,3,3.31,Card,4.0,9.93,December,Friday
ORD11213,C1627,2025-02-14,Riverside,Food,Bagel,1,6.97,Mobile Pay,,6.97,February,Friday
ORD11214,C1623,2025-02-20,Riverside,Espresso Drinks,Cappuccino,3,4.36,Gift Card,,13.08,February,Thursday
ORD11215,C1455,2025-12-04,Downtown,Espresso Drinks,Latte,2,4.08,Card,,8.16,December,Thursday
ORD11216,C1199,2025-05-19,Riverside,Espresso Drinks,Latte,2,4.66,Card,,9.32,May,Monday
ORD11217,C1575,2025-01-10,Downtown,Food,Breakfast Sandwich,1,6.23,Card,3.0,6.23,January,Friday
ORD11218,C1033,2025-04-15,University Ave,Brewed Coffee,Cold Brew,2,3.34,Cash,,6.68,April,Tuesday
ORD11219,C1088,2025-11-01,Riverside,Espresso Drinks,Flat White,2,4.29,Card,5.0,8.58,November,Saturday
ORD11220,C1523,2025-05-10,University Ave,Brewed Coffee,Drip Coffee,2,3.03,Card,,6.06,May,Saturday
ORD11221,C1143,2025-01-28,Downtown,Pastries,Scone,2,4.02,Cash,,8.04,January,Tuesday
ORD11222,C1357,2025-09-20,Downtown,Food,Bagel,1,8.13,Card,,8.13,September,Saturday
ORD11223,C1112,2025-03-12,University Ave,Brewed Coffee,Drip Coffee,2,3.42,Card,4.0,6.84,March,Wednesday
ORD11224,C1088,2025-05-09,University Ave,Espresso Drinks,Americano,1,4.75,Card,3.0,4.75,May,Friday
ORD11225,C1285,2025-01-02,University Ave,Espresso Drinks,Americano,1,4.74,Mobile Pay,4.0,4.74,January,Thursday
ORD11226,C1449,2025-08-08,University Ave,Espresso Drinks,Cappuccino,1,4.81,Mobile Pay,,4.81,August,Friday
ORD11227,C1059,2025-06-12,Riverside,Tea,Green Tea,1,4.47,Cash,3.0,4.47,June,Thursday
ORD11228,C1410,2025-11-12,Downtown,Pastries,Muffin,2,3.71,Card,,7.42,November,Wednesday
ORD11229,C1501,2025-05-02,University Ave,Espresso Drinks,Americano,1,4.62,Card,4.0,4.62,May,Friday
ORD11230,C1352,2025-03-16,University Ave,Espresso Drinks,Espresso Shot,2,4.55,Gift Card,,9.1,March,Sunday
ORD11231,C1091,2025-03-02,University Ave,Brewed Coffee,Pour Over,1,4.2,Mobile Pay,3.0,4.2,March,Sunday
ORD11232,C1248,2025-03-14,University Ave,Pastries,Cinnamon Roll,1,3.33,Card,3.0,3.33,March,Friday
ORD11233,C1475,2025-06-14,Downtown,Espresso Drinks,Latte,3,5.61,Cash,3.0,16.83,June,Saturday
ORD11234,C1499,2025-02-01,Downtown,Brewed Coffee,Pour Over,1,3.09,Card,4.0,3.09,February,Saturday
ORD11235,C1054,2025-05-27,Riverside,Espresso Drinks,Latte,1,4.17,Card,5.0,4.17,May,Tuesday
ORD11236,C1354,2025-11-08,University Ave,Espresso Drinks,Flat White,1,5.73,Mobile Pay,,5.73,November,Saturday
ORD11237,C1284,2025-10-07,University Ave,Brewed Coffee,Cold Brew,3,3.88,Card,4.0,11.64,October,Tuesday
ORD11238,C1107,2025-08-20,Downtown,Pastries,Scone,3,4.25,Gift Card,,12.75,August,Wednesday
ORD11239,C1598,2025-11-22,University Ave,Pastries,Scone,2,3.87,Card,,7.74,November,Saturday
ORD11240,C1419,2025-10-11,Downtown,Espresso Drinks,Espresso Shot,1,5.03,Cash,5.0,5.03,October,Saturday
ORD11241,C1053,2025-08-26,Downtown,Pastries,Scone,2,2.74,Cash,,5.48,August,Tuesday
ORD11242,C1043,2025-11-11,Downtown,Tea,Chai Latte,1,4.06,Card,3.0,4.06,November,Tuesday
ORD11243,C1597,2025-02-15,University Ave,Food,Avocado Toast,2,8.42,Card,5.0,16.84,February,Saturday
ORD11244,C1296,2025-10-25,Downtown,Brewed Coffee,Cold Brew,2,3.56,Card,5.0,7.12,October,Saturday
ORD11245,C1408,2025-04-18,Downtown,Espresso Drinks,Flat White,2,5.0,Card,,10.0,April,Friday
ORD11246,C1019,2025-09-24,Downtown,Brewed Coffee,Drip Coffee,2,3.87,Mobile Pay,4.0,7.74,September,Wednesday
ORD11247,C1562,2025-11-29,Downtown,Brewed Coffee,Pour Over,3,3.82,Card,4.0,11.46,November,Saturday
ORD11248,C1318,2025-06-30,Riverside,Espresso Drinks,Americano,3,5.53,Card,,16.59,June,Monday
ORD11249,C1642,2025-02-02,University Ave,Brewed Coffee,Pour Over,1,3.7,Card,,3.7,February,Sunday
ORD11250,C1060,2025-05-15,University Ave,Brewed Coffee,Cold Brew,1,2.99,Card,,2.99,May,Thursday
ORD11251,C1249,2025-05-29,Riverside,Pastries,Scone,2,2.96,Card,,5.92,May,Thursday
ORD11252,C1177,2025-12-07,Riverside,Pastries,Muffin,2,3.52,Card,5.0,7.04,December,Sunday
ORD11253,C1206,2025-12-10,Riverside,Brewed Coffee,Drip Coffee,1,3.28,Gift Card,,3.28,December,Wednesday
ORD11254,C1283,2025-07-26,Riverside,Brewed Coffee,Drip Coffee,1,3.94,Cash,4.0,3.94,July,Saturday
ORD11255,C1622,2025-12-13,Riverside,Espresso Drinks,Espresso Shot,1,4.43,Gift Card,,4.43,December,Saturday
ORD11256,C1481,2025-06-08,University Ave,Food,Bagel,2,7.94,Cash,4.0,15.88,June,Sunday
ORD11257,C1502,2025-05-30,University Ave,Food,Bagel,3,8.0,Cash,,24.0,May,Friday
ORD11258,C1625,2025-11-01,Riverside,Pastries,Muffin,1,3.58,Gift Card,,3.58,November,Saturday
ORD11259,C1413,2025-08-31,Downtown,Brewed Coffee,Cold Brew,1,2.81,Cash,,2.81,August,Sunday
ORD11260,C1540,2025-07-10,Downtown,Espresso Drinks,Cappuccino,3,5.42,Mobile Pay,,16.26,July,Thursday
ORD11261,C1230,2025-06-16,Downtown,Food,Breakfast Sandwich,3,7.52,Mobile Pay,,22.56,June,Monday
ORD11262,C1382,2025-09-14,Riverside,Pastries,Cinnamon Roll,3,2.66,Cash,4.0,7.98,September,Sunday
ORD11263,C1033,2025-10-02,Riverside,Pastries,Muffin,2,3.38,Card,,6.76,October,Thursday
ORD11264,C1415,2025-06-28,University Ave,Pastries,Croissant,1,2.87,Card,4.0,2.87,June,Saturday
ORD11265,C1363,2025-01-12,Downtown,Brewed Coffee,Drip Coffee,2,3.86,Card,,7.72,January,Sunday
ORD11266,C1393,2025-02-07,Downtown,Brewed Coffee,Pour Over,1,2.87,Card,,2.87,February,Friday
ORD11267,C1106,2025-02-22,Downtown,Pastries,Cinnamon Roll,1,4.38,Mobile Pay,,4.38,February,Saturday
ORD11268,C1267,2025-06-18,University Ave,Espresso Drinks,Americano,3,4.72,Gift Card,,14.16,June,Wednesday
ORD11269,C1562,2025-08-12,Downtown,Pastries,Croissant,1,3.5,Mobile Pay,3.0,3.5,August,Tuesday
ORD11270,C1136,2025-10-20,Downtown,Espresso Drinks,Cappuccino,3,4.4,Card,5.0,13.2,October,Monday
ORD11271,C1180,2025-03-26,Downtown,Espresso Drinks,Latte,3,4.95,Card,1.0,14.85,March,Wednesday
ORD11272,C1379,2025-10-14,Downtown,Espresso Drinks,Cappuccino,3,4.45,Mobile Pay,4.0,13.35,October,Tuesday
ORD11273,C1507,2025-08-31,Riverside,Espresso Drinks,Latte,2,4.13,Mobile Pay,,8.26,August,Sunday
ORD11274,C1108,2025-01-19,Downtown,Pastries,Muffin,1,2.54,Card,,2.54,January,Sunday
ORD11275,C1368,2025-05-08,Riverside,Tea,Herbal Tea,1,3.82,Card,,3.82,May,Thursday
ORD11276,C1097,2025-04-21,Downtown,Food,Bagel,2,8.28,Cash,,16.56,April,Monday
ORD11277,C1276,2025-11-19,Downtown,Espresso Drinks,Latte,2,4.95,Cash,,9.9,November,Wednesday
ORD11278,C1264,2025-12-02,Downtown,Food,Breakfast Sandwich,2,6.82,Mobile Pay,,13.64,December,Tuesday
ORD11279,C1228,2025-10-26,Downtown,Espresso Drinks,Flat White,1,5.19,Cash,3.0,5.19,October,Sunday
ORD11280,C1403,2025-07-12,Downtown,Espresso Drinks,Flat White,1,4.28,Card,3.0,4.28,July,Saturday
ORD11281,C1325,2025-06-29,Downtown,Tea,Chai Latte,1,4.03,Mobile Pay,,4.03,June,Sunday
ORD11282,C1362,2025-04-24,University Ave,Tea,Green Tea,1,3.5,Card,2.0,3.5,April,Thursday
ORD11283,C1127,2025-10-09,University Ave,Espresso Drinks,Latte,1,3.89,Mobile Pay,4.0,3.89,October,Thursday
ORD11284,C1536,2025-02-01,University Ave,Pastries,Cinnamon Roll,1,3.27,Card,4.0,3.27,February,Saturday
ORD11285,C1199,2025-04-09,Riverside,Espresso Drinks,Cappuccino,1,5.46,Mobile Pay,3.0,5.46,April,Wednesday
ORD11286,C1282,2025-02-19,University Ave,Brewed Coffee,Drip Coffee,2,3.71,Cash,,7.42,February,Wednesday
ORD11287,C1467,2025-06-29,University Ave,Espresso Drinks,Flat White,2,4.05,Card,3.0,8.1,June,Sunday
ORD11288,C1025,2025-04-20,Riverside,Food,Breakfast Sandwich,1,7.5,Mobile Pay,4.0,7.5,April,Sunday
ORD11289,C1360,2025-03-13,Downtown,Brewed Coffee,Pour Over,3,3.51,Mobile Pay,4.0,10.53,March,Thursday
ORD11290,C1021,2025-05-18,Riverside,Espresso Drinks,Flat White,2,3.93,Card,,7.86,May,Sunday
ORD11291,C1258,2025-11-10,Riverside,Espresso Drinks,Latte,3,5.57,Card,4.0,16.71,November,Monday
ORD11292,C1461,2025-07-23,Downtown,Pastries,Scone,1,3.78,Cash,,3.78,July,Wednesday
ORD11293,C1460,2025-10-27,Riverside,Tea,Chai Latte,1,4.52,Card,,4.52,October,Monday
ORD11294,C1189,2025-11-29,Downtown,Pastries,Cinnamon Roll,3,3.76,Cash,,11.28,November,Saturday
ORD11295,C1201,2025-11-25,University Ave,Tea,Green Tea,1,4.02,Cash,,4.02,November,Tuesday
ORD11296,C1160,2025-05-08,University Ave,Espresso Drinks,Cappuccino,3,4.59,Card,,13.77,May,Thursday
ORD11297,C1647,2025-11-16,Downtown,Brewed Coffee,Pour Over,1,2.86,Card,5.0,2.86,November,Sunday
ORD11298,C1302,2025-11-28,Downtown,Tea,Chai Latte,1,4.32,Mobile Pay,3.0,4.32,November,Friday
ORD11299,C1319,2025-12-16,Downtown,Food,Breakfast Sandwich,2,7.94,Card,4.0,15.88,December,Tuesday
ORD11300,C1138,2025-05-08,Riverside,Brewed Coffee,Drip Coffee,1,3.09,Mobile Pay,4.0,3.09,May,Thursday
ORD11301,C1215,2025-03-25,Downtown,Food,Bagel,2,6.04,Card,4.0,12.08,March,Tuesday
ORD11302,C1449,2025-08-01,Riverside,Brewed Coffee,Drip Coffee,1,2.96,Cash,,2.96,August,Friday
ORD11303,C1216,2025-12-06,University Ave,Tea,Herbal Tea,2,4.04,Mobile Pay,3.0,8.08,December,Saturday
ORD11304,C1489,2025-11-24,Riverside,Espresso Drinks,Cappuccino,3,4.95,Mobile Pay,5.0,14.85,November,Monday
ORD11305,C1565,2025-07-27,Downtown,Tea,Herbal Tea,1,4.66,Mobile Pay,5.0,4.66,July,Sunday
ORD11306,C1440,2025-02-24,Downtown,Pastries,Croissant,3,3.84,Mobile Pay,4.0,11.52,February,Monday
ORD11307,C1326,2025-06-03,Downtown,Tea,Green Tea,1,4.29,Card,,4.29,June,Tuesday
ORD11308,C1079,2025-09-17,Downtown,Food,Avocado Toast,2,7.29,Cash,,14.58,September,Wednesday
ORD11309,C1519,2025-07-23,Downtown,Espresso Drinks,Cappuccino,1,5.63,Mobile Pay,4.0,5.63,July,Wednesday
ORD11310,C1645,2025-05-06,Riverside,Tea,Chai Latte,1,4.63,Card,3.0,4.63,May,Tuesday
ORD11311,C1583,2025-05-05,Downtown,Espresso Drinks,Espresso Shot,2,3.81,Card,,7.62,May,Monday
ORD11312,C1205,2025-01-22,Downtown,Espresso Drinks,Latte,1,5.59,Card,,5.59,January,Wednesday
ORD11313,C1550,2025-04-16,Downtown,Brewed Coffee,Cold Brew,1,3.2,Cash,3.0,3.2,April,Wednesday
ORD11314,C1011,2025-09-01,Riverside,Brewed Coffee,Pour Over,1,3.64,Card,,3.64,September,Monday
ORD11315,C1154,2025-03-29,Riverside,Food,Avocado Toast,1,5.52,Gift Card,4.0,5.52,March,Saturday
ORD11316,C1047,2025-12-28,University Ave,Tea,Green Tea,1,3.52,Card,,3.52,December,Sunday
ORD11317,C1645,2025-01-31,Downtown,Espresso Drinks,Flat White,1,4.59,Mobile Pay,4.0,4.59,January,Friday
ORD11318,C1448,2025-08-03,University Ave,Espresso Drinks,Espresso Shot,2,5.57,Card,3.0,11.14,August,Sunday
ORD11319,C1371,2025-06-30,University Ave,Brewed Coffee,Pour Over,1,3.63,Cash,4.0,3.63,June,Monday
ORD11320,C1365,2025-10-31,Riverside,Espresso Drinks,Flat White,2,3.89,Card,,7.78,October,Friday
ORD11321,C1470,2025-11-20,Downtown,Espresso Drinks,Cappuccino,1,5.48,Card,3.0,5.48,November,Thursday
ORD11322,C1330,2025-07-17,University Ave,Brewed Coffee,Pour Over,2,3.11,Cash,4.0,6.22,July,Thursday
ORD11323,C1361,2025-08-18,University Ave,Espresso Drinks,Cappuccino,1,5.12,Mobile Pay,,5.12,August,Monday
ORD11324,C1175,2025-09-12,Riverside,Espresso Drinks,Latte,1,4.72,Mobile Pay,,4.72,September,Friday
ORD11325,C1045,2025-07-09,Riverside,Brewed Coffee,Cold Brew,1,3.93,Card,5.0,3.93,July,Wednesday
ORD11326,C1244,2025-03-09,University Ave,Food,Avocado Toast,3,8.05,Card,4.0,24.15,March,Sunday
ORD11327,C1643,2025-06-06,Downtown,Espresso Drinks,Cappuccino,1,4.8,Mobile Pay,,4.8,June,Friday
ORD11328,C1148,2025-03-29,Riverside,Espresso Drinks,Cappuccino,3,5.61,Card,5.0,16.83,March,Saturday
ORD11329,C1282,2025-06-19,Riverside,Pastries,Croissant,1,4.0,Mobile Pay,,4.0,June,Thursday
ORD11330,C1235,2025-08-12,Downtown,Food,Bagel,1,7.99,Mobile Pay,,7.99,August,Tuesday
ORD11331,C1250,2025-03-18,Riverside,Pastries,Croissant,3,3.85,Card,,11.55,March,Tuesday
ORD11332,C1363,2025-04-01,Downtown,Espresso Drinks,Espresso Shot,1,5.29,Mobile Pay,,5.29,April,Tuesday
ORD11333,C1102,2025-10-27,Downtown,Brewed Coffee,Pour Over,1,2.91,Cash,,2.91,October,Monday
ORD11334,C1095,2025-05-18,Downtown,Brewed Coffee,Pour Over,1,3.98,Mobile Pay,,3.98,May,Sunday
ORD11335,C1015,2025-03-14,Riverside,Brewed Coffee,Drip Coffee,2,3.37,Mobile Pay,3.0,6.74,March,Friday
ORD11336,C1000,2025-09-17,University Ave,Food,Breakfast Sandwich,3,5.56,Mobile Pay,,16.68,September,Wednesday
ORD11337,C1182,2025-09-18,Riverside,Tea,Green Tea,2,4.18,Card,4.0,8.36,September,Thursday
ORD11338,C1153,2025-10-28,Riverside,Brewed Coffee,Cold Brew,2,2.89,Mobile Pay,4.0,5.78,October,Tuesday
ORD11339,C1542,2025-10-04,Riverside,Pastries,Croissant,3,3.68,Mobile Pay,,11.04,October,Saturday
ORD11340,C1355,2025-12-28,Riverside,Espresso Drinks,Espresso Shot,1,4.9,Card,3.0,4.9,December,Sunday
ORD11341,C1546,2025-07-29,Riverside,Espresso Drinks,Flat White,2,4.9,Cash,,9.8,July,Tuesday
ORD11342,C1590,2025-04-15,Downtown,Pastries,Cinnamon Roll,1,3.49,Gift Card,5.0,3.49,April,Tuesday
ORD11343,C1356,2025-11-11,Downtown,Espresso Drinks,Espresso Shot,1,5.22,Mobile Pay,,5.22,November,Tuesday
ORD11344,C1003,2025-04-07,Downtown,Tea,Herbal Tea,1,4.52,Mobile Pay,,4.52,April,Monday
ORD11345,C1353,2025-04-16,Riverside,Brewed Coffee,Drip Coffee,1,3.16,Mobile Pay,,3.16,April,Wednesday
ORD11346,C1438,2025-10-29,Riverside,Brewed Coffee,Drip Coffee,1,2.93,Card,,2.93,October,Wednesday
ORD11347,C1541,2025-11-17,Riverside,Espresso Drinks,Cappuccino,2,4.34,Card,4.0,8.68,November,Monday
ORD11348,C1226,2025-05-04,Downtown,Espresso Drinks,Latte,2,4.57,Cash,4.0,9.14,May,Sunday
ORD11349,C1453,2025-09-23,University Ave,Espresso Drinks,Flat White,2,5.16,Cash,3.0,10.32,September,Tuesday
ORD11350,C1388,2025-12-02,Downtown,Espresso Drinks,Flat White,2,5.38,Mobile Pay,4.0,10.76,December,Tuesday
ORD11351,C1236,2025-10-18,Downtown,Brewed Coffee,Drip Coffee,2,3.17,Cash,,6.34,October,Saturday
ORD11352,C1113,2025-01-02,Riverside,Pastries,Cinnamon Roll,1,2.96,Card,4.0,2.96,January,Thursday
ORD11353,C1468,2025-08-30,Downtown,Tea,Herbal Tea,2,4.57,Cash,3.0,9.14,August,Saturday
ORD11354,C1381,2025-03-03,University Ave,Brewed Coffee,Cold Brew,3,4.16,Mobile Pay,,12.48,March,Monday
ORD11355,C1261,2025-11-05,University Ave,Brewed Coffee,Cold Brew,1,3.33,Card,5.0,3.33,November,Wednesday
ORD11356,C1467,2025-01-25,Downtown,Food,Bagel,1,8.44,Card,,8.44,January,Saturday
ORD11357,C1324,2025-12-28,Downtown,Espresso Drinks,Latte,2,4.36,Card,4.0,8.72,December,Sunday
ORD11358,C1031,2025-03-06,Riverside,Food,Bagel,3,7.37,Mobile Pay,4.0,22.11,March,Thursday
ORD11359,C1620,2025-06-02,Riverside,Pastries,Croissant,2,3.93,Card,,7.86,June,Monday
ORD11360,C1082,2025-03-27,Downtown,Espresso Drinks,Americano,3,4.39,Mobile Pay,3.0,13.17,March,Thursday
ORD11361,C1002,2025-10-24,Downtown,Espresso Drinks,Americano,3,5.66,Card,4.0,16.98,October,Friday
ORD11362,C1488,2025-05-24,Downtown,Espresso Drinks,Cappuccino,2,4.56,Mobile Pay,,9.12,May,Saturday
ORD11363,C1014,2025-09-29,Downtown,Pastries,Muffin,2,2.57,Mobile Pay,,5.14,September,Monday
ORD11364,C1335,2025-01-25,Downtown,Espresso Drinks,Latte,1,4.55,Cash,5.0,4.55,January,Saturday
ORD11365,C1356,2025-06-14,Downtown,Espresso Drinks,Americano,1,5.01,Mobile Pay,,5.01,June,Saturday
ORD11366,C1238,2025-11-28,Riverside,Espresso Drinks,Latte,2,4.37,Gift Card,,8.74,November,Friday
ORD11367,C1393,2025-12-04,University Ave,Espresso Drinks,Cappuccino,1,5.74,Cash,,5.74,December,Thursday
ORD11368,C1264,2025-03-17,University Ave,Pastries,Cinnamon Roll,2,4.23,Card,4.0,8.46,March,Monday
ORD11369,C1480,2025-05-24,Downtown,Pastries,Scone,2,2.9,Card,,5.8,May,Saturday
ORD11370,C1439,2025-05-29,University Ave,Brewed Coffee,Drip Coffee,2,3.67,Card,5.0,7.34,May,Thursday
ORD11371,C1551,2025-07-25,University Ave,Tea,Chai Latte,2,4.27,Card,5.0,8.54,July,Friday
ORD11372,C1399,2025-07-15,University Ave,Espresso Drinks,Espresso Shot,3,4.59,Card,,13.77,July,Tuesday
ORD11373,C1554,2025-02-08,Downtown,Espresso Drinks,Americano,1,4.68,Card,4.0,4.68,February,Saturday
ORD11374,C1200,2025-10-05,Riverside,Food,Avocado Toast,1,6.04,Mobile Pay,4.0,6.04,October,Sunday
ORD11375,C1498,2025-03-24,University Ave,Espresso Drinks,Latte,1,4.79,Card,4.0,4.79,March,Monday
ORD11376,C1231,2025-04-25,University Ave,Food,Bagel,2,6.64,Gift Card,,13.28,April,Friday
ORD11377,C1618,2025-11-03,University Ave,Tea,Chai Latte,1,4.21,Card,,4.21,November,Monday
ORD11378,C1587,2025-09-09,Downtown,Brewed Coffee,Drip Coffee,1,3.14,Cash,,3.14,September,Tuesday
ORD11379,C1085,2025-05-25,Riverside,Espresso Drinks,Espresso Shot,2,5.54,Card,4.0,11.08,May,Sunday
ORD11380,C1066,2025-11-29,Downtown,Espresso Drinks,Americano,2,4.24,Mobile Pay,,8.48,November,Saturday
ORD11381,C1628,2025-05-24,Downtown,Espresso Drinks,Cappuccino,3,5.14,Card,5.0,15.42,May,Saturday
ORD11382,C1129,2025-07-25,Downtown,Pastries,Cinnamon Roll,1,3.4,Card,,3.4,July,Friday
ORD11383,C1443,2025-03-31,University Ave,Brewed Coffee,Drip Coffee,1,3.09,Mobile Pay,5.0,3.09,March,Monday
ORD11384,C1070,2025-03-08,Riverside,Pastries,Cinnamon Roll,1,3.18,Cash,,3.18,March,Saturday
ORD11385,C1392,2025-06-28,Downtown,Espresso Drinks,Espresso Shot,1,5.71,Mobile Pay,4.0,5.71,June,Saturday
ORD11386,C1221,2025-07-24,Downtown,Pastries,Cinnamon Roll,2,3.62,Gift Card,4.0,7.24,July,Thursday
ORD11387,C1404,2025-10-21,University Ave,Espresso Drinks,Latte,1,4.9,Card,4.0,4.9,October,Tuesday
ORD11388,C1294,2025-05-23,Riverside,Brewed Coffee,Cold Brew,1,2.84,Card,,2.84,May,Friday
ORD11389,C1053,2025-11-22,University Ave,Pastries,Scone,1,3.44,Mobile Pay,5.0,3.44,November,Saturday
ORD11390,C1298,2025-08-10,University Ave,Pastries,Croissant,2,4.23,Mobile Pay,3.0,8.46,August,Sunday
ORD11391,C1640,2025-01-26,Downtown,Espresso Drinks,Latte,1,4.56,Card,,4.56,January,Sunday
ORD11392,C1584,2025-09-27,Riverside,Espresso Drinks,Cappuccino,1,4.35,Card,2.0,4.35,September,Saturday
ORD11393,C1649,2025-07-29,Riverside,Brewed Coffee,Pour Over,3,3.59,Cash,,10.77,July,Tuesday
ORD11394,C1424,2025-05-22,Downtown,Pastries,Croissant,1,4.27,Card,4.0,4.27,May,Thursday
ORD11395,C1318,2025-06-20,Riverside,Pastries,Scone,2,3.91,Card,4.0,7.82,June,Friday
ORD11396,C1604,2025-04-20,University Ave,Brewed Coffee,Pour Over,1,3.98,Mobile Pay,,3.98,April,Sunday
ORD11397,C1107,2025-08-12,Riverside,Espresso Drinks,Latte,1,3.82,Card,,3.82,August,Tuesday
ORD11398,C1597,2025-07-26,Riverside,Food,Breakfast Sandwich,1,5.84,Card,5.0,5.84,July,Saturday
ORD11399,C1328,2025-06-12,Riverside,Brewed Coffee,Cold Brew,1,4.15,Card,,4.15,June,Thursday
ORD11400,C1308,2025-04-14,Downtown,Pastries,Cinnamon Roll,2,3.07,Cash,2.0,6.14,April,Monday
ORD11401,C1108,2025-05-26,Downtown,Brewed Coffee,Pour Over,1,3.39,Cash,4.0,3.39,May,Monday
ORD11402,C1204,2025-07-01,University Ave,Espresso Drinks,Americano,1,3.76,Mobile Pay,,3.76,July,Tuesday
ORD11403,C1434,2025-06-21,Downtown,Tea,Herbal Tea,2,4.51,Mobile Pay,,9.02,June,Saturday
ORD11404,C1192,2025-04-23,Downtown,Pastries,Croissant,1,4.11,Card,,4.11,April,Wednesday
ORD11405,C1594,2025-07-31,Riverside,Tea,Green Tea,1,4.17,Gift Card,3.0,4.17,July,Thursday
ORD11406,C1127,2025-03-24,Riverside,Food,Avocado Toast,3,6.12,Card,3.0,18.36,March,Monday
ORD11407,C1220,2025-07-02,Riverside,Espresso Drinks,Latte,1,5.26,Card,3.0,5.26,July,Wednesday
ORD11408,C1177,2025-02-14,Downtown,Pastries,Croissant,1,4.22,Cash,,4.22,February,Friday
ORD11409,C1357,2025-06-21,Downtown,Pastries,Croissant,1,3.76,Card,,3.76,June,Saturday
ORD11410,C1278,2025-10-13,Downtown,Espresso Drinks,Cappuccino,1,5.15,Card,5.0,5.15,October,Monday
ORD11411,C1550,2025-10-25,University Ave,Brewed Coffee,Drip Coffee,1,4.15,Mobile Pay,,4.15,October,Saturday
ORD11412,C1258,2025-09-10,Downtown,Brewed Coffee,Cold Brew,1,3.77,Mobile Pay,,3.77,September,Wednesday
ORD11413,C1390,2025-09-29,Riverside,Brewed Coffee,Pour Over,3,2.88,Card,4.0,8.64,September,Monday
ORD11414,C1561,2025-01-25,University Ave,Espresso Drinks,Flat White,2,5.41,Card,4.0,10.82,January,Saturday
ORD11415,C1039,2025-05-05,Riverside,Food,Bagel,2,6.93,Mobile Pay,,13.86,May,Monday
ORD11416,C1151,2025-08-27,University Ave,Food,Breakfast Sandwich,1,7.65,Mobile Pay,3.0,7.65,August,Wednesday
ORD11417,C1344,2025-10-19,University Ave,Brewed Coffee,Cold Brew,3,3.05,Card,,9.15,October,Sunday
ORD11418,C1173,2025-08-01,University Ave,Food,Avocado Toast,2,7.2,Card,2.0,14.4,August,Friday
ORD11419,C1557,2025-11-07,University Ave,Espresso Drinks,Latte,1,5.22,Card,,5.22,November,Friday
ORD11420,C1180,2025-04-10,Riverside,Espresso Drinks,Latte,2,4.37,Mobile Pay,4.0,8.74,April,Thursday
ORD11421,C1063,2025-02-25,Riverside,Pastries,Muffin,2,3.08,Card,5.0,6.16,February,Tuesday
ORD11422,C1225,2025-02-01,Riverside,Food,Breakfast Sandwich,1,6.79,Card,4.0,6.79,February,Saturday
ORD11423,C1402,2025-08-01,Downtown,Pastries,Croissant,1,2.65,Cash,3.0,2.65,August,Friday
ORD11424,C1112,2025-08-31,Riverside,Tea,Chai Latte,1,4.74,Card,4.0,4.74,August,Sunday
ORD11425,C1362,2025-04-14,University Ave,Brewed Coffee,Cold Brew,1,3.33,Card,,3.33,April,Monday
ORD11426,C1421,2025-10-13,Riverside,Espresso Drinks,Espresso Shot,1,5.56,Mobile Pay,5.0,5.56,October,Monday
ORD11427,C1218,2025-09-27,Downtown,Espresso Drinks,Latte,1,5.49,Card,3.0,5.49,September,Saturday
ORD11428,C1482,2025-05-12,Downtown,Pastries,Scone,3,4.02,Card,4.0,12.06,May,Monday
ORD11429,C1143,2025-03-28,Downtown,Pastries,Croissant,1,3.53,Card,4.0,3.53,March,Friday
ORD11430,C1492,2025-09-28,Riverside,Brewed Coffee,Cold Brew,1,3.75,Mobile Pay,4.0,3.75,September,Sunday
ORD11431,C1348,2025-09-02,Riverside,Espresso Drinks,Flat White,2,5.74,Mobile Pay,2.0,11.48,September,Tuesday
ORD11432,C1143,2025-03-04,Downtown,Brewed Coffee,Pour Over,2,3.51,Card,4.0,7.02,March,Tuesday
ORD11433,C1559,2025-04-03,Riverside,Food,Avocado Toast,3,6.54,Card,3.0,19.62,April,Thursday
ORD11434,C1440,2025-06-26,Downtown,Brewed Coffee,Drip Coffee,1,3.83,Card,,3.83,June,Thursday
ORD11435,C1487,2025-07-06,University Ave,Espresso Drinks,Espresso Shot,3,3.96,Card,3.0,11.88,July,Sunday
ORD11436,C1125,2025-03-02,Riverside,Pastries,Muffin,2,4.45,Gift Card,4.0,8.9,March,Sunday
ORD11437,C1049,2025-12-12,Downtown,Espresso Drinks,Flat White,1,4.65,Card,,4.65,December,Friday
ORD11438,C1282,2025-05-22,Downtown,Espresso Drinks,Flat White,2,5.72,Mobile Pay,3.0,11.44,May,Thursday
ORD11439,C1099,2025-05-19,Riverside,Espresso Drinks,Latte,3,4.87,Mobile Pay,4.0,14.61,May,Monday
ORD11440,C1246,2025-01-23,Downtown,Espresso Drinks,Americano,1,5.44,Gift Card,,5.44,January,Thursday
ORD11441,C1032,2025-11-15,University Ave,Pastries,Croissant,2,2.52,Card,,5.04,November,Saturday
ORD11442,C1546,2025-03-27,Riverside,Espresso Drinks,Americano,1,3.88,Gift Card,3.0,3.88,March,Thursday
ORD11443,C1242,2025-12-26,University Ave,Food,Breakfast Sandwich,1,7.55,Cash,,7.55,December,Friday
ORD11444,C1489,2025-06-30,Downtown,Espresso Drinks,Espresso Shot,2,4.92,Cash,,9.84,June,Monday
ORD11445,C1035,2025-11-15,University Ave,Tea,Herbal Tea,1,3.97,Cash,4.0,3.97,November,Saturday
ORD11446,C1108,2025-03-07,Downtown,Pastries,Cinnamon Roll,1,3.33,Mobile Pay,4.0,3.33,March,Friday
ORD11447,C1213,2025-03-02,Downtown,Espresso Drinks,Americano,2,4.52,Mobile Pay,5.0,9.04,March,Sunday
ORD11448,C1633,2025-10-19,University Ave,Espresso Drinks,Espresso Shot,1,4.03,Cash,,4.03,October,Sunday
ORD11449,C1483,2025-10-26,Riverside,Pastries,Croissant,1,3.67,Mobile Pay,,3.67,October,Sunday
ORD11450,C1036,2025-07-17,Riverside,Pastries,Croissant,1,3.74,Gift Card,2.0,3.74,July,Thursday
ORD11451,C1194,2025-01-12,Downtown,Tea,Herbal Tea,3,4.63,Gift Card,4.0,13.89,January,Sunday
ORD11452,C1168,2025-12-10,University Ave,Espresso Drinks,Flat White,2,4.52,Cash,,9.04,December,Wednesday
ORD11453,C1503,2025-05-24,Downtown,Espresso Drinks,Espresso Shot,2,5.04,Gift Card,4.0,10.08,May,Saturday
ORD11454,C1028,2025-12-07,University Ave,Espresso Drinks,Americano,2,5.01,Card,,10.02,December,Sunday
ORD11455,C1065,2025-11-13,Riverside,Food,Breakfast Sandwich,1,6.83,Card,5.0,6.83,November,Thursday
ORD11456,C1026,2025-11-06,Downtown,Espresso Drinks,Espresso Shot,1,5.13,Card,4.0,5.13,November,Thursday
ORD11457,C1552,2025-09-08,Riverside,Espresso Drinks,Cappuccino,1,5.31,Cash,,5.31,September,Monday
ORD11458,C1045,2025-09-03,Riverside,Espresso Drinks,Americano,1,4.42,Cash,3.0,4.42,September,Wednesday
ORD11459,C1411,2025-07-13,Downtown,Espresso Drinks,Espresso Shot,1,4.25,Gift Card,4.0,4.25,July,Sunday
ORD11460,C1424,2025-01-10,University Ave,Pastries,Muffin,2,2.93,Card,,5.86,January,Friday
ORD11461,C1385,2025-05-22,Downtown,Food,Bagel,1,6.31,Cash,4.0,6.31,May,Thursday
ORD11462,C1503,2025-09-23,University Ave,Pastries,Muffin,1,2.68,Card,,2.68,September,Tuesday
ORD11463,C1072,2025-10-23,Downtown,Tea,Herbal Tea,2,3.34,Cash,,6.68,October,Thursday
ORD11464,C1183,2025-07-23,University Ave,Tea,Herbal Tea,1,4.52,Card,,4.52,July,Wednesday
ORD11465,C1638,2025-09-16,Downtown,Espresso Drinks,Americano,3,4.31,Card,,12.93,September,Tuesday
ORD11466,C1399,2025-01-08,Downtown,Espresso Drinks,Flat White,1,4.56,Mobile Pay,,4.56,January,Wednesday
ORD11467,C1627,2025-06-20,University Ave,Pastries,Croissant,2,2.77,Mobile Pay,5.0,5.54,June,Friday
ORD11468,C1163,2025-07-04,Downtown,Brewed Coffee,Pour Over,1,3.98,Gift Card,,3.98,July,Friday
ORD11469,C1342,2025-11-21,University Ave,Espresso Drinks,Latte,2,4.24,Cash,2.0,8.48,November,Friday
ORD11470,C1158,2025-04-24,Riverside,Brewed Coffee,Pour Over,3,3.44,Cash,5.0,10.32,April,Thursday
ORD11471,C1009,2025-03-25,Downtown,Food,Avocado Toast,2,7.45,Cash,4.0,14.9,March,Tuesday
ORD11472,C1036,2025-05-09,Downtown,Espresso Drinks,Espresso Shot,3,5.0,Mobile Pay,,15.0,May,Friday
ORD11473,C1570,2025-03-04,Downtown,Food,Avocado Toast,2,5.99,Card,4.0,11.98,March,Tuesday
ORD11474,C1169,2025-07-23,University Ave,Brewed Coffee,Cold Brew,2,2.99,Mobile Pay,4.0,5.98,July,Wednesday
ORD11475,C1046,2025-08-22,University Ave,Brewed Coffee,Cold Brew,2,2.86,Gift Card,,5.72,August,Friday
ORD11476,C1356,2025-10-19,University Ave,Espresso Drinks,Espresso Shot,2,5.4,Mobile Pay,,10.8,October,Sunday
ORD11477,C1593,2025-12-20,Downtown,Espresso Drinks,Flat White,1,5.36,Mobile Pay,,5.36,December,Saturday
ORD11478,C1211,2025-01-27,Downtown,Food,Avocado Toast,3,6.28,Gift Card,,18.84,January,Monday
ORD11479,C1165,2025-04-01,Downtown,Food,Avocado Toast,2,6.49,Card,,12.98,April,Tuesday
ORD11480,C1550,2025-04-20,Downtown,Pastries,Scone,1,3.87,Card,,3.87,April,Sunday
ORD11481,C1184,2025-04-01,Downtown,Brewed Coffee,Pour Over,2,2.76,Card,,5.52,April,Tuesday
ORD11482,C1433,2025-10-29,Riverside,Brewed Coffee,Drip Coffee,1,3.52,Cash,4.0,3.52,October,Wednesday
ORD11483,C1329,2025-02-20,Downtown,Brewed Coffee,Cold Brew,2,3.8,Mobile Pay,2.0,7.6,February,Thursday
ORD11484,C1613,2025-01-11,Riverside,Espresso Drinks,Latte,2,5.08,Gift Card,4.0,10.16,January,Saturday
ORD11485,C1481,2025-11-10,Downtown,Tea,Chai Latte,2,3.99,Cash,,7.98,November,Monday
ORD11486,C1319,2025-12-16,Downtown,Pastries,Croissant,2,2.78,Mobile Pay,,5.56,December,Tuesday
ORD11487,C1055,2025-03-24,Downtown,Tea,Herbal Tea,1,3.8,Card,2.0,3.8,March,Monday
ORD11488,C1321,2025-05-02,Riverside,Pastries,Cinnamon Roll,2,4.3,Mobile Pay,,8.6,May,Friday
ORD11489,C1356,2025-07-03,Downtown,Espresso Drinks,Flat White,3,5.0,Card,,15.0,July,Thursday
ORD11490,C1138,2025-07-11,University Ave,Brewed Coffee,Pour Over,2,3.67,Card,5.0,7.34,July,Friday
ORD11491,C1226,2025-12-27,University Ave,Food,Avocado Toast,1,7.58,Card,,7.58,December,Saturday
ORD11492,C1534,2025-05-28,Riverside,Pastries,Croissant,1,2.63,Mobile Pay,,2.63,May,Wednesday
ORD11493,C1649,2025-01-05,Downtown,Espresso Drinks,Cappuccino,1,5.63,Card,,5.63,January,Sunday
ORD11494,C1606,2025-06-03,Downtown,Espresso Drinks,Espresso Shot,1,4.24,Card,,4.24,June,Tuesday
ORD11495,C1295,2025-07-22,Riverside,Espresso Drinks,Espresso Shot,3,3.77,Mobile Pay,,11.31,July,Tuesday
ORD11496,C1564,2025-07-08,University Ave,Brewed Coffee,Cold Brew,3,3.25,Mobile Pay,5.0,9.75,July,Tuesday
ORD11497,C1506,2025-07-06,Downtown,Espresso Drinks,Espresso Shot,3,5.08,Mobile Pay,5.0,15.24,July,Sunday
ORD11498,C1565,2025-12-02,Riverside,Tea,Herbal Tea,2,3.42,Cash,,6.84,December,Tuesday
ORD11499,C1426,2025-10-21,Riverside,Pastries,Cinnamon Roll,2,4.48,Card,,8.96,October,Tuesday
ORD11500,C1006,2025-04-02,Downtown,Brewed Coffee,Drip Coffee,3,3.3,Card,4.0,9.9,April,Wednesday
ORD11501,C1422,2025-05-10,University Ave,Espresso Drinks,Cappuccino,2,5.11,Gift Card,,10.22,May,Saturday
ORD11502,C1635,2025-08-31,Downtown,Food,Breakfast Sandwich,1,8.45,Card,3.0,8.45,August,Sunday
ORD11503,C1103,2025-05-30,Riverside,Espresso Drinks,Espresso Shot,3,4.86,Card,5.0,14.58,May,Friday
ORD11504,C1621,2025-06-05,University Ave,Pastries,Croissant,1,3.02,Cash,4.0,3.02,June,Thursday
ORD11505,C1075,2025-03-03,University Ave,Brewed Coffee,Cold Brew,2,3.93,Card,3.0,7.86,March,Monday
ORD11506,C1081,2025-04-03,Downtown,Espresso Drinks,Americano,1,4.53,Card,,4.53,April,Thursday
ORD11507,C1636,2025-09-27,Riverside,Espresso Drinks,Cappuccino,2,4.39,Card,5.0,8.78,September,Saturday
ORD11508,C1590,2025-11-03,University Ave,Espresso Drinks,Espresso Shot,2,5.1,Gift Card,4.0,10.2,November,Monday
ORD11509,C1112,2025-10-13,University Ave,Tea,Herbal Tea,3,4.31,Card,4.0,12.93,October,Monday
ORD11510,C1645,2025-04-23,Downtown,Food,Bagel,1,7.66,Cash,,7.66,April,Wednesday
ORD11511,C1240,2025-02-19,University Ave,Food,Breakfast Sandwich,1,7.56,Mobile Pay,3.0,7.56,February,Wednesday
ORD11512,C1048,2025-02-28,Downtown,Espresso Drinks,Latte,3,5.11,Card,,15.33,February,Friday
ORD11513,C1535,2025-05-24,Downtown,Espresso Drinks,Americano,2,3.98,Card,,7.96,May,Saturday
ORD11514,C1574,2025-07-08,Downtown,Espresso Drinks,Flat White,1,4.21,Mobile Pay,,4.21,July,Tuesday
ORD11515,C1322,2025-11-22,Riverside,Espresso Drinks,Flat White,2,3.81,Card,3.0,7.62,November,Saturday
ORD11516,C1022,2025-11-24,Downtown,Espresso Drinks,Americano,3,4.73,Card,,14.19,November,Monday
ORD11517,C1556,2025-01-01,Riverside,Espresso Drinks,Espresso Shot,2,4.22,Mobile Pay,,8.44,January,Wednesday
ORD11518,C1496,2025-09-15,Riverside,Pastries,Scone,2,2.87,Mobile Pay,,5.74,September,Monday
ORD11519,C1255,2025-04-19,Riverside,Espresso Drinks,Latte,2,5.56,Cash,5.0,11.12,April,Saturday
ORD11520,C1266,2025-03-13,University Ave,Brewed Coffee,Pour Over,1,4.22,Mobile Pay,5.0,4.22,March,Thursday
ORD11521,C1424,2025-07-22,University Ave,Pastries,Muffin,2,2.61,Cash,5.0,5.22,July,Tuesday
ORD11522,C1105,2025-01-13,Downtown,Food,Breakfast Sandwich,1,6.37,Mobile Pay,,6.37,January,Monday
ORD11523,C1058,2025-05-02,University Ave,Tea,Chai Latte,2,3.35,Mobile Pay,,6.7,May,Friday
ORD11524,C1391,2025-07-21,University Ave,Espresso Drinks,Flat White,1,4.72,Mobile Pay,,4.72,July,Monday
ORD11525,C1395,2025-04-10,Riverside,Pastries,Cinnamon Roll,1,4.26,Cash,,4.26,April,Thursday
ORD11526,C1102,2025-08-04,University Ave,Pastries,Scone,3,4.05,Mobile Pay,,12.15,August,Monday
ORD11527,C1536,2025-06-17,Downtown,Food,Breakfast Sandwich,2,6.28,Cash,,12.56,June,Tuesday
ORD11528,C1045,2025-10-18,University Ave,Espresso Drinks,Americano,1,5.09,Card,4.0,5.09,October,Saturday
ORD11529,C1189,2025-03-08,Riverside,Pastries,Scone,2,4.06,Card,3.0,8.12,March,Saturday
ORD11530,C1101,2025-01-21,Downtown,Brewed Coffee,Pour Over,2,4.06,Card,,8.12,January,Tuesday
ORD11531,C1352,2025-07-12,Downtown,Espresso Drinks,Americano,2,4.2,Cash,,8.4,July,Saturday
ORD11532,C1340,2025-04-04,Downtown,Food,Bagel,3,5.54,Card,,16.62,April,Friday
ORD11533,C1292,2025-09-15,Riverside,Food,Avocado Toast,1,6.55,Card,4.0,6.55,September,Monday
ORD11534,C1348,2025-02-03,Downtown,Pastries,Scone,1,3.58,Gift Card,,3.58,February,Monday
ORD11535,C1190,2025-07-29,University Ave,Food,Breakfast Sandwich,2,6.87,Cash,3.0,13.74,July,Tuesday
ORD11536,C1538,2025-12-27,Downtown,Espresso Drinks,Latte,3,5.18,Card,,15.54,December,Saturday
ORD11537,C1110,2025-02-03,Riverside,Espresso Drinks,Cappuccino,2,4.86,Mobile Pay,,9.72,February,Monday
ORD11538,C1162,2025-04-20,Riverside,Brewed Coffee,Drip Coffee,3,3.88,Cash,,11.64,April,Sunday
ORD11539,C1611,2025-11-04,Downtown,Tea,Herbal Tea,2,4.63,Card,5.0,9.26,November,Tuesday
ORD11540,C1239,2025-07-14,Downtown,Pastries,Cinnamon Roll,1,2.52,Gift Card,4.0,2.52,July,Monday
ORD11541,C1058,2025-03-05,Downtown,Brewed Coffee,Cold Brew,1,4.13,Card,,4.13,March,Wednesday
ORD11542,C1446,2025-03-19,Downtown,Brewed Coffee,Drip Coffee,2,3.88,Card,5.0,7.76,March,Wednesday
ORD11543,C1153,2025-10-06,Downtown,Food,Breakfast Sandwich,1,5.56,Mobile Pay,,5.56,October,Monday
ORD11544,C1120,2025-11-10,Downtown,Pastries,Scone,2,3.88,Card,,7.76,November,Monday
ORD11545,C1554,2025-05-12,Riverside,Espresso Drinks,Flat White,2,4.97,Mobile Pay,5.0,9.94,May,Monday
ORD11546,C1382,2025-06-22,Downtown,Pastries,Scone,1,3.01,Mobile Pay,4.0,3.01,June,Sunday
ORD11547,C1455,2025-10-12,Downtown,Pastries,Scone,2,2.83,Cash,,5.66,October,Sunday
ORD11548,C1260,2025-03-06,Downtown,Espresso Drinks,Americano,3,4.01,Mobile Pay,,12.03,March,Thursday
ORD11549,C1209,2025-03-17,Riverside,Brewed Coffee,Pour Over,3,3.63,Mobile Pay,5.0,10.89,March,Monday
ORD11550,C1548,2025-10-09,Downtown,Pastries,Muffin,2,3.61,Card,5.0,7.22,October,Thursday
ORD11551,C1144,2025-03-09,Downtown,Espresso Drinks,Latte,2,4.5,Cash,,9.0,March,Sunday
ORD11552,C1200,2025-10-08,Downtown,Espresso Drinks,Flat White,2,5.43,Card,,10.86,October,Wednesday
ORD11553,C1617,2025-06-30,University Ave,Brewed Coffee,Drip Coffee,1,2.92,Mobile Pay,,2.92,June,Monday
ORD11554,C1264,2025-12-27,University Ave,Brewed Coffee,Cold Brew,1,3.7,Mobile Pay,,3.7,December,Saturday
ORD11555,C1004,2025-01-12,Downtown,Brewed Coffee,Drip Coffee,2,3.64,Gift Card,,7.28,January,Sunday
ORD11556,C1529,2025-12-11,University Ave,Pastries,Cinnamon Roll,1,3.48,Gift Card,4.0,3.48,December,Thursday
ORD11557,C1025,2025-03-24,Riverside,Tea,Chai Latte,1,4.16,Card,4.0,4.16,March,Monday
ORD11558,C1008,2025-01-13,University Ave,Food,Breakfast Sandwich,1,6.35,Cash,,6.35,January,Monday
ORD11559,C1572,2025-09-21,University Ave,Brewed Coffee,Cold Brew,3,3.66,Card,2.0,10.98,September,Sunday
ORD11560,C1606,2025-07-13,Riverside,Espresso Drinks,Espresso Shot,2,5.54,Cash,4.0,11.08,July,Sunday
ORD11561,C1017,2025-11-01,Riverside,Tea,Green Tea,3,3.89,Mobile Pay,4.0,11.67,November,Saturday
ORD11562,C1363,2025-02-09,Downtown,Tea,Chai Latte,1,4.61,Card,,4.61,February,Sunday
ORD11563,C1642,2025-01-30,Downtown,Espresso Drinks,Cappuccino,2,5.19,Card,,10.38,January,Thursday
ORD11564,C1228,2025-07-26,Downtown,Espresso Drinks,Cappuccino,3,5.5,Mobile Pay,,16.5,July,Saturday
ORD11565,C1203,2025-11-18,Downtown,Brewed Coffee,Pour Over,3,3.46,Mobile Pay,5.0,10.38,November,Tuesday
ORD11566,C1567,2025-05-28,Riverside,Pastries,Scone,1,2.94,Card,2.0,2.94,May,Wednesday
ORD11567,C1264,2025-10-18,Downtown,Pastries,Muffin,3,2.72,Card,4.0,8.16,October,Saturday
ORD11568,C1103,2025-11-26,Downtown,Espresso Drinks,Americano,1,3.83,Cash,,3.83,November,Wednesday
ORD11569,C1303,2025-11-13,Riverside,Pastries,Scone,2,3.5,Cash,4.0,7.0,November,Thursday
ORD11570,C1160,2025-07-05,Riverside,Espresso Drinks,Flat White,2,5.38,Mobile Pay,4.0,10.76,July,Saturday
ORD11571,C1050,2025-09-12,University Ave,Espresso Drinks,Espresso Shot,1,5.04,Mobile Pay,,5.04,September,Friday
ORD11572,C1280,2025-07-11,Downtown,Pastries,Cinnamon Roll,1,3.76,Mobile Pay,,3.76,July,Friday
ORD11573,C1505,2025-09-03,University Ave,Espresso Drinks,Flat White,2,5.59,Card,4.0,11.18,September,Wednesday
ORD11574,C1455,2025-07-26,Downtown,Brewed Coffee,Cold Brew,1,3.3,Mobile Pay,4.0,3.3,July,Saturday
ORD11575,C1449,2025-07-11,University Ave,Brewed Coffee,Drip Coffee,3,3.59,Card,5.0,10.77,July,Friday
ORD11576,C1015,2025-06-08,University Ave,Brewed Coffee,Pour Over,2,3.73,Mobile Pay,5.0,7.46,June,Sunday
ORD11577,C1641,2025-08-26,Downtown,Tea,Herbal Tea,1,3.75,Card,4.0,3.75,August,Tuesday
ORD11578,C1016,2025-10-01,Downtown,Espresso Drinks,Cappuccino,1,3.85,Card,4.0,3.85,October,Wednesday
ORD11579,C1127,2025-12-01,University Ave,Espresso Drinks,Flat White,1,5.01,Card,4.0,5.01,December,Monday
ORD11580,C1343,2025-08-12,Downtown,Pastries,Croissant,3,4.25,Card,4.0,12.75,August,Tuesday
ORD11581,C1399,2025-02-06,Downtown,Pastries,Cinnamon Roll,1,2.67,Cash,5.0,2.67,February,Thursday
ORD11582,C1250,2025-08-02,Downtown,Espresso Drinks,Americano,1,3.9,Card,,3.9,August,Saturday
ORD11583,C1318,2025-04-25,Riverside,Espresso Drinks,Cappuccino,2,4.57,Cash,,9.14,April,Friday
ORD11584,C1374,2025-01-10,University Ave,Tea,Green Tea,2,3.31,Card,,6.62,January,Friday
ORD11585,C1607,2025-01-27,Downtown,Espresso Drinks,Cappuccino,1,5.04,Gift Card,5.0,5.04,January,Monday
ORD11586,C1459,2025-08-04,Downtown,Pastries,Muffin,3,4.06,Card,,12.18,August,Monday
ORD11587,C1344,2025-12-10,Downtown,Pastries,Croissant,3,3.67,Card,,11.01,December,Wednesday
ORD11588,C1413,2025-07-04,Downtown,Brewed Coffee,Pour Over,1,3.49,Card,,3.49,July,Friday
ORD11589,C1567,2025-06-12,Riverside,Tea,Green Tea,2,4.14,Card,2.0,8.28,June,Thursday
ORD11590,C1318,2025-02-02,Downtown,Brewed Coffee,Pour Over,1,3.08,Cash,,3.08,February,Sunday
ORD11591,C1231,2025-09-03,Downtown,Brewed Coffee,Pour Over,1,3.48,Mobile Pay,4.0,3.48,September,Wednesday
ORD11592,C1429,2025-01-21,Riverside,Espresso Drinks,Flat White,2,5.38,Card,2.0,10.76,January,Tuesday
ORD11593,C1322,2025-11-03,Riverside,Espresso Drinks,Latte,2,4.81,Cash,,9.62,November,Monday
ORD11594,C1373,2025-10-25,University Ave,Pastries,Cinnamon Roll,1,2.94,Card,,2.94,October,Saturday
ORD11595,C1378,2025-12-27,University Ave,Brewed Coffee,Pour Over,1,3.11,Mobile Pay,,3.11,December,Saturday
ORD11596,C1621,2025-04-14,University Ave,Food,Avocado Toast,1,5.64,Gift Card,,5.64,April,Monday
ORD11597,C1066,2025-02-28,Riverside,Espresso Drinks,Americano,2,4.71,Mobile Pay,5.0,9.42,February,Friday
ORD11598,C1618,2025-04-20,University Ave,Espresso Drinks,Americano,1,5.57,Card,5.0,5.57,April,Sunday
ORD11599,C1427,2025-10-19,Downtown,Espresso Drinks,Americano,2,4.56,Gift Card,,9.12,October,Sunday
ORD11600,C1387,2025-03-21,Downtown,Brewed Coffee,Cold Brew,3,3.43,Card,,10.29,March,Friday
ORD11601,C1040,2025-11-20,University Ave,Pastries,Cinnamon Roll,3,4.38,Mobile Pay,4.0,13.14,November,Thursday
ORD11602,C1358,2025-02-26,Riverside,Espresso Drinks,Flat White,1,5.17,Cash,,5.17,February,Wednesday
ORD11603,C1542,2025-01-18,Downtown,Pastries,Scone,1,4.09,Mobile Pay,3.0,4.09,January,Saturday
ORD11604,C1307,2025-03-21,University Ave,Espresso Drinks,Americano,1,4.13,Card,,4.13,March,Friday
ORD11605,C1520,2025-10-02,Downtown,Espresso Drinks,Cappuccino,1,5.19,Card,,5.19,October,Thursday
ORD11606,C1066,2025-08-08,Riverside,Pastries,Muffin,1,3.6,Mobile Pay,4.0,3.6,August,Friday
ORD11607,C1383,2025-05-10,Downtown,Espresso Drinks,Americano,1,4.29,Card,4.0,4.29,May,Saturday
ORD11608,C1208,2025-08-27,Downtown,Brewed Coffee,Pour Over,1,4.05,Card,4.0,4.05,August,Wednesday
ORD11609,C1619,2025-08-25,University Ave,Espresso Drinks,Cappuccino,1,5.35,Cash,3.0,5.35,August,Monday
ORD11610,C1334,2025-07-21,University Ave,Pastries,Croissant,1,3.19,Cash,3.0,3.19,July,Monday
ORD11611,C1482,2025-07-07,Riverside,Pastries,Croissant,1,4.45,Card,5.0,4.45,July,Monday
ORD11612,C1575,2025-02-06,University Ave,Espresso Drinks,Flat White,2,5.26,Card,3.0,10.52,February,Thursday
ORD11613,C1121,2025-04-05,Downtown,Tea,Chai Latte,2,3.45,Mobile Pay,,6.9,April,Saturday
ORD11614,C1003,2025-07-12,Downtown,Espresso Drinks,Flat White,3,5.6,Mobile Pay,3.0,16.8,July,Saturday
ORD11615,C1527,2025-02-19,Downtown,Brewed Coffee,Pour Over,2,3.04,Card,1.0,6.08,February,Wednesday
ORD11616,C1590,2025-06-23,Riverside,Brewed Coffee,Cold Brew,2,3.99,Cash,,7.98,June,Monday
ORD11617,C1343,2025-02-12,Downtown,Food,Bagel,1,5.99,Mobile Pay,,5.99,February,Wednesday
ORD11618,C1371,2025-10-14,Downtown,Espresso Drinks,Flat White,1,4.16,Card,,4.16,October,Tuesday
ORD11619,C1369,2025-02-07,Downtown,Espresso Drinks,Flat White,2,5.21,Mobile Pay,,10.42,February,Friday
ORD11620,C1335,2025-02-03,University Ave,Espresso Drinks,Flat White,1,3.8,Card,3.0,3.8,February,Monday
ORD11621,C1103,2025-08-21,Downtown,Food,Avocado Toast,1,6.96,Card,,6.96,August,Thursday
ORD11622,C1228,2025-03-22,Riverside,Tea,Chai Latte,2,4.57,Mobile Pay,,9.14,March,Saturday
ORD11623,C1434,2025-05-08,Downtown,Brewed Coffee,Drip Coffee,1,3.94,Cash,5.0,3.94,May,Thursday
ORD11624,C1509,2025-04-25,Downtown,Espresso Drinks,Espresso Shot,2,5.32,Card,,10.64,April,Friday
ORD11625,C1198,2025-03-20,Riverside,Tea,Chai Latte,3,3.84,Card,4.0,11.52,March,Thursday
ORD11626,C1279,2025-10-05,Downtown,Espresso Drinks,Latte,1,5.62,Cash,,5.62,October,Sunday
ORD11627,C1483,2025-09-09,University Ave,Pastries,Cinnamon Roll,2,3.26,Mobile Pay,,6.52,September,Tuesday
ORD11628,C1295,2025-03-28,University Ave,Espresso Drinks,Flat White,2,4.57,Card,4.0,9.14,March,Friday
ORD11629,C1142,2025-09-08,Riverside,Food,Bagel,2,6.76,Card,,13.52,September,Monday
ORD11630,C1112,2025-09-17,Downtown,Pastries,Croissant,1,4.07,Card,5.0,4.07,September,Wednesday
ORD11631,C1423,2025-07-16,University Ave,Espresso Drinks,Cappuccino,3,3.91,Mobile Pay,,11.73,July,Wednesday
ORD11632,C1592,2025-07-30,University Ave,Brewed Coffee,Pour Over,1,3.23,Gift Card,4.0,3.23,July,Wednesday
ORD11633,C1475,2025-12-07,Riverside,Brewed Coffee,Pour Over,3,2.88,Card,3.0,8.64,December,Sunday
ORD11634,C1644,2025-06-15,University Ave,Brewed Coffee,Pour Over,1,3.04,Mobile Pay,,3.04,June,Sunday
ORD11635,C1274,2025-05-21,Riverside,Pastries,Scone,3,4.11,Mobile Pay,4.0,12.33,May,Wednesday
ORD11636,C1492,2025-07-16,University Ave,Espresso Drinks,Flat White,1,4.4,Mobile Pay,,4.4,July,Wednesday
ORD11637,C1554,2025-11-01,Riverside,Espresso Drinks,Cappuccino,2,4.32,Card,5.0,8.64,November,Saturday
ORD11638,C1647,2025-09-16,University Ave,Espresso Drinks,Espresso Shot,2,3.9,Gift Card,2.0,7.8,September,Tuesday
ORD11639,C1021,2025-01-28,University Ave,Espresso Drinks,Latte,3,3.86,Mobile Pay,,11.58,January,Tuesday
ORD11640,C1152,2025-06-17,Downtown,Espresso Drinks,Latte,1,4.99,Cash,,4.99,June,Tuesday
ORD11641,C1588,2025-09-27,Riverside,Espresso Drinks,Latte,2,4.57,Cash,,9.14,September,Saturday
ORD11642,C1084,2025-03-23,Downtown,Tea,Herbal Tea,3,3.77,Card,,11.31,March,Sunday
ORD11643,C1506,2025-12-26,Downtown,Espresso Drinks,Latte,1,5.18,Cash,3.0,5.18,December,Friday
ORD11644,C1183,2025-10-22,Downtown,Tea,Green Tea,2,3.92,Card,4.0,7.84,October,Wednesday
ORD11645,C1090,2025-11-05,Downtown,Espresso Drinks,Flat White,1,5.62,Cash,3.0,5.62,November,Wednesday
ORD11646,C1614,2025-01-30,Riverside,Espresso Drinks,Flat White,2,3.96,Mobile Pay,5.0,7.92,January,Thursday
ORD11647,C1026,2025-07-30,University Ave,Espresso Drinks,Espresso Shot,1,4.56,Card,5.0,4.56,July,Wednesday
ORD11648,C1626,2025-07-12,University Ave,Espresso Drinks,Cappuccino,1,5.28,Card,4.0,5.28,July,Saturday
ORD11649,C1638,2025-08-17,Downtown,Espresso Drinks,Americano,3,3.97,Mobile Pay,4.0,11.91,August,Sunday
ORD11650,C1470,2025-11-06,Downtown,Espresso Drinks,Flat White,2,3.93,Card,5.0,7.86,November,Thursday
ORD11651,C1543,2025-05-09,University Ave,Tea,Chai Latte,2,4.43,Cash,3.0,8.86,May,Friday
ORD11652,C1560,2025-07-14,Riverside,Pastries,Muffin,2,4.5,Cash,3.0,9.0,July,Monday
ORD11653,C1175,2025-09-05,Riverside,Tea,Green Tea,1,4.07,Card,,4.07,September,Friday
ORD11654,C1493,2025-10-02,Downtown,Food,Avocado Toast,2,8.26,Cash,4.0,16.52,October,Thursday
ORD11655,C1045,2025-10-08,Downtown,Brewed Coffee,Cold Brew,1,4.06,Mobile Pay,3.0,4.06,October,Wednesday
ORD11656,C1480,2025-05-03,University Ave,Espresso Drinks,Americano,2,5.13,Cash,,10.26,May,Saturday
ORD11657,C1518,2025-12-30,Downtown,Brewed Coffee,Cold Brew,1,3.71,Mobile Pay,,3.71,December,Tuesday
ORD11658,C1228,2025-01-04,Riverside,Pastries,Muffin,2,2.67,Card,4.0,5.34,January,Saturday
ORD11659,C1619,2025-06-29,Riverside,Espresso Drinks,Latte,2,4.06,Card,,8.12,June,Sunday
ORD11660,C1392,2025-08-10,Riverside,Brewed Coffee,Cold Brew,1,3.79,Cash,4.0,3.79,August,Sunday
ORD11661,C1492,2025-01-23,University Ave,Espresso Drinks,Espresso Shot,2,5.49,Card,,10.98,January,Thursday
ORD11662,C1036,2025-06-14,University Ave,Pastries,Scone,2,3.33,Cash,3.0,6.66,June,Saturday
ORD11663,C1488,2025-08-05,Riverside,Espresso Drinks,Espresso Shot,1,4.01,Mobile Pay,4.0,4.01,August,Tuesday
ORD11664,C1465,2025-08-10,Downtown,Espresso Drinks,Americano,3,3.99,Card,,11.97,August,Sunday
ORD11665,C1555,2025-02-13,University Ave,Espresso Drinks,Flat White,1,3.78,Cash,,3.78,February,Thursday
ORD11666,C1061,2025-04-12,University Ave,Espresso Drinks,Espresso Shot,2,4.84,Mobile Pay,,9.68,April,Saturday
ORD11667,C1086,2025-03-31,Riverside,Brewed Coffee,Cold Brew,1,4.1,Mobile Pay,,4.1,March,Monday
ORD11668,C1519,2025-08-21,Riverside,Pastries,Croissant,1,3.71,Mobile Pay,,3.71,August,Thursday
ORD11669,C1499,2025-04-30,Riverside,Tea,Herbal Tea,1,3.38,Mobile Pay,,3.38,April,Wednesday
ORD11670,C1120,2025-07-28,University Ave,Pastries,Cinnamon Roll,3,3.48,Mobile Pay,,10.44,July,Monday
ORD11671,C1279,2025-09-24,Downtown,Brewed Coffee,Pour Over,1,3.71,Mobile Pay,2.0,3.71,September,Wednesday
ORD11672,C1484,2025-10-18,Downtown,Pastries,Croissant,1,3.38,Card,4.0,3.38,October,Saturday
ORD11673,C1490,2025-03-08,University Ave,Espresso Drinks,Latte,2,4.96,Card,4.0,9.92,March,Saturday
ORD11674,C1441,2025-11-25,University Ave,Tea,Green Tea,1,3.72,Card,5.0,3.72,November,Tuesday
ORD11675,C1335,2025-03-02,University Ave,Brewed Coffee,Drip Coffee,1,3.67,Gift Card,,3.67,March,Sunday
ORD11676,C1168,2025-01-08,Downtown,Espresso Drinks,Americano,2,5.31,Cash,,10.62,January,Wednesday
ORD11677,C1229,2025-01-17,University Ave,Food,Bagel,2,6.58,Card,,13.16,January,Friday
ORD11678,C1111,2025-03-15,Downtown,Tea,Green Tea,2,4.63,Mobile Pay,3.0,9.26,March,Saturday
ORD11679,C1253,2025-11-14,Downtown,Tea,Green Tea,1,4.63,Mobile Pay,,4.63,November,Friday
ORD11680,C1503,2025-03-17,University Ave,Pastries,Muffin,1,3.7,Card,,3.7,March,Monday
ORD11681,C1457,2025-09-10,Downtown,Espresso Drinks,Flat White,1,4.58,Cash,,4.58,September,Wednesday
ORD11682,C1618,2025-06-02,Riverside,Espresso Drinks,Cappuccino,2,4.65,Card,5.0,9.3,June,Monday
ORD11683,C1219,2025-01-15,Riverside,Food,Bagel,2,6.42,Mobile Pay,,12.84,January,Wednesday
ORD11684,C1369,2025-06-11,University Ave,Espresso Drinks,Flat White,1,4.79,Card,,4.79,June,Wednesday
ORD11685,C1219,2025-01-11,University Ave,Brewed Coffee,Drip Coffee,2,3.63,Mobile Pay,,7.26,January,Saturday
ORD11686,C1390,2025-06-23,Downtown,Brewed Coffee,Drip Coffee,1,3.76,Mobile Pay,4.0,3.76,June,Monday
ORD11687,C1374,2025-07-23,Riverside,Food,Breakfast Sandwich,1,5.57,Mobile Pay,,5.57,July,Wednesday
ORD11688,C1504,2025-07-09,Downtown,Espresso Drinks,Americano,1,4.38,Cash,2.0,4.38,July,Wednesday
ORD11689,C1592,2025-04-13,Downtown,Espresso Drinks,Americano,1,4.99,Mobile Pay,3.0,4.99,April,Sunday
ORD11690,C1090,2025-10-07,Downtown,Brewed Coffee,Cold Brew,1,3.01,Card,5.0,3.01,October,Tuesday
ORD11691,C1247,2025-08-06,Downtown,Pastries,Cinnamon Roll,1,4.43,Card,,4.43,August,Wednesday
ORD11692,C1248,2025-04-03,Downtown,Brewed Coffee,Drip Coffee,3,3.9,Mobile Pay,,11.7,April,Thursday
ORD11693,C1315,2025-06-08,Downtown,Pastries,Muffin,2,3.63,Cash,,7.26,June,Sunday
ORD11694,C1452,2025-02-09,University Ave,Food,Avocado Toast,1,8.44,Card,3.0,8.44,February,Sunday
ORD11695,C1531,2025-12-03,Downtown,Espresso Drinks,Flat White,1,3.78,Card,3.0,3.78,December,Wednesday
ORD11696,C1099,2025-10-02,Downtown,Food,Breakfast Sandwich,2,7.67,Mobile Pay,,15.34,October,Thursday
ORD11697,C1017,2025-04-15,University Ave,Espresso Drinks,Latte,1,4.23,Card,,4.23,April,Tuesday
ORD11698,C1515,2025-09-03,Downtown,Food,Bagel,1,6.95,Cash,3.0,6.95,September,Wednesday
ORD11699,C1134,2025-09-05,Riverside,Tea,Herbal Tea,3,3.96,Card,3.0,11.88,September,Friday
ORD11700,C1085,2025-08-10,University Ave,Espresso Drinks,Americano,1,4.86,Mobile Pay,,4.86,August,Sunday
ORD11701,C1466,2025-01-20,Riverside,Food,Breakfast Sandwich,1,6.22,Cash,3.0,6.22,January,Monday
ORD11702,C1354,2025-11-16,Riverside,Tea,Herbal Tea,3,4.09,Card,,12.27,November,Sunday
ORD11703,C1485,2025-12-14,Downtown,Brewed Coffee,Pour Over,1,3.88,Cash,,3.88,December,Sunday
ORD11704,C1426,2025-12-21,Riverside,Pastries,Muffin,2,3.6,Cash,,7.2,December,Sunday
ORD11705,C1412,2025-12-23,University Ave,Espresso Drinks,Espresso Shot,1,5.73,Card,,5.73,December,Tuesday
ORD11706,C1461,2025-12-05,Downtown,Espresso Drinks,Americano,2,4.41,Card,,8.82,December,Friday
ORD11707,C1528,2025-09-27,Downtown,Espresso Drinks,Cappuccino,1,4.74,Card,1.0,4.74,September,Saturday
ORD11708,C1575,2025-01-21,Downtown,Espresso Drinks,Americano,2,4.82,Card,5.0,9.64,January,Tuesday
ORD11709,C1248,2025-06-19,Downtown,Espresso Drinks,Flat White,1,5.62,Card,,5.62,June,Thursday
ORD11710,C1262,2025-03-31,Downtown,Brewed Coffee,Pour Over,2,3.79,Card,,7.58,March,Monday
ORD11711,C1033,2025-03-22,Riverside,Espresso Drinks,Flat White,1,3.81,Card,2.0,3.81,March,Saturday
ORD11712,C1496,2025-10-30,University Ave,Pastries,Scone,1,3.69,Card,,3.69,October,Thursday
ORD11713,C1535,2025-10-23,University Ave,Brewed Coffee,Drip Coffee,1,2.99,Mobile Pay,,2.99,October,Thursday
ORD11714,C1470,2025-07-10,Downtown,Brewed Coffee,Cold Brew,3,4.13,Card,,12.39,July,Thursday
ORD11715,C1420,2025-09-26,University Ave,Tea,Chai Latte,2,4.59,Card,,9.18,September,Friday
ORD11716,C1648,2025-02-17,Downtown,Pastries,Scone,2,4.19,Mobile Pay,4.0,8.38,February,Monday
ORD11717,C1004,2025-03-22,Downtown,Espresso Drinks,Latte,1,3.95,Cash,,3.95,March,Saturday
ORD11718,C1063,2025-11-10,University Ave,Pastries,Croissant,3,3.8,Cash,,11.4,November,Monday
ORD11719,C1104,2025-06-14,Riverside,Tea,Herbal Tea,1,4.37,Gift Card,4.0,4.37,June,Saturday
ORD11720,C1454,2025-07-18,Downtown,Brewed Coffee,Drip Coffee,1,3.71,Mobile Pay,,3.71,July,Friday
ORD11721,C1066,2025-06-18,University Ave,Pastries,Croissant,3,3.25,Gift Card,4.0,9.75,June,Wednesday
ORD11722,C1460,2025-03-15,Downtown,Tea,Herbal Tea,2,4.51,Cash,4.0,9.02,March,Saturday
ORD11723,C1292,2025-10-28,Downtown,Tea,Chai Latte,1,4.19,Card,,4.19,October,Tuesday
ORD11724,C1480,2025-10-04,University Ave,Pastries,Croissant,1,3.24,Card,,3.24,October,Saturday
ORD11725,C1622,2025-09-06,Downtown,Food,Bagel,2,5.68,Card,,11.36,September,Saturday
ORD11726,C1587,2025-05-09,University Ave,Espresso Drinks,Flat White,1,4.48,Card,,4.48,May,Friday
ORD11727,C1397,2025-08-23,Downtown,Espresso Drinks,Flat White,1,3.86,Card,5.0,3.86,August,Saturday
ORD11728,C1349,2025-12-13,Downtown,Espresso Drinks,Flat White,3,5.67,Card,,17.01,December,Saturday
ORD11729,C1109,2025-08-25,Downtown,Espresso Drinks,Flat White,1,5.35,Card,4.0,5.35,August,Monday
ORD11730,C1014,2025-06-29,Downtown,Espresso Drinks,Latte,1,4.93,Card,4.0,4.93,June,Sunday
ORD11731,C1476,2025-04-09,Riverside,Brewed Coffee,Cold Brew,1,3.36,Card,,3.36,April,Wednesday
ORD11732,C1427,2025-07-10,Downtown,Espresso Drinks,Cappuccino,1,4.57,Mobile Pay,,4.57,July,Thursday
ORD11733,C1253,2025-05-16,University Ave,Espresso Drinks,Espresso Shot,2,5.27,Card,5.0,10.54,May,Friday
ORD11734,C1178,2025-08-11,Riverside,Espresso Drinks,Flat White,1,5.47,Mobile Pay,5.0,5.47,August,Monday
ORD11735,C1214,2025-01-17,Downtown,Espresso Drinks,Latte,1,4.71,Cash,,4.71,January,Friday
ORD11736,C1383,2025-03-11,Riverside,Espresso Drinks,Americano,2,5.44,Cash,,10.88,March,Tuesday
ORD11737,C1345,2025-10-14,Riverside,Brewed Coffee,Drip Coffee,1,3.99,Card,,3.99,October,Tuesday
ORD11738,C1587,2025-05-19,Downtown,Pastries,Cinnamon Roll,2,4.34,Card,3.0,8.68,May,Monday
ORD11739,C1025,2025-06-07,University Ave,Brewed Coffee,Pour Over,2,3.99,Gift Card,,7.98,June,Saturday
ORD11740,C1238,2025-07-17,Riverside,Espresso Drinks,Espresso Shot,2,5.31,Gift Card,,10.62,July,Thursday
ORD11741,C1598,2025-06-09,Riverside,Espresso Drinks,Flat White,2,4.48,Mobile Pay,,8.96,June,Monday
ORD11742,C1374,2025-10-04,Downtown,Espresso Drinks,Cappuccino,1,4.83,Cash,4.0,4.83,October,Saturday
ORD11743,C1336,2025-03-31,Riverside,Espresso Drinks,Cappuccino,3,5.24,Mobile Pay,4.0,15.72,March,Monday
ORD11744,C1184,2025-10-04,Downtown,Espresso Drinks,Latte,1,4.23,Card,,4.23,October,Saturday
ORD11745,C1102,2025-03-18,University Ave,Brewed Coffee,Drip Coffee,1,4.2,Card,,4.2,March,Tuesday
ORD11746,C1561,2025-05-15,Riverside,Tea,Herbal Tea,2,4.33,Cash,,8.66,May,Thursday
ORD11747,C1629,2025-08-02,Downtown,Brewed Coffee,Drip Coffee,1,3.51,Card,,3.51,August,Saturday
ORD11748,C1400,2025-11-19,Downtown,Espresso Drinks,Flat White,2,4.01,Card,4.0,8.02,November,Wednesday
ORD11749,C1569,2025-03-26,Downtown,Pastries,Scone,2,3.95,Cash,,7.9,March,Wednesday
ORD11750,C1269,2025-08-02,Downtown,Espresso Drinks,Flat White,1,4.02,Mobile Pay,2.0,4.02,August,Saturday
ORD11751,C1448,2025-01-24,Riverside,Espresso Drinks,Americano,1,5.66,Gift Card,,5.66,January,Friday
ORD11752,C1135,2025-01-28,Downtown,Espresso Drinks,Flat White,1,4.66,Card,,4.66,January,Tuesday
ORD11753,C1318,2025-10-07,Riverside,Tea,Chai Latte,2,4.67,Card,,9.34,October,Tuesday
ORD11754,C1616,2025-09-19,Downtown,Espresso Drinks,Flat White,2,3.79,Card,,7.58,September,Friday
ORD11755,C1490,2025-05-18,Downtown,Food,Avocado Toast,1,6.66,Mobile Pay,5.0,6.66,May,Sunday
ORD11756,C1041,2025-08-15,Riverside,Pastries,Cinnamon Roll,1,3.58,Mobile Pay,,3.58,August,Friday
ORD11757,C1255,2025-05-19,Downtown,Tea,Herbal Tea,2,3.43,Card,4.0,6.86,May,Monday
ORD11758,C1430,2025-04-11,University Ave,Brewed Coffee,Drip Coffee,2,2.88,Card,,5.76,April,Friday
ORD11759,C1452,2025-06-06,University Ave,Espresso Drinks,Cappuccino,1,4.47,Mobile Pay,,4.47,June,Friday
ORD11760,C1513,2025-04-24,University Ave,Espresso Drinks,Latte,1,4.66,Gift Card,,4.66,April,Thursday
ORD11761,C1205,2025-10-24,Riverside,Espresso Drinks,Flat White,3,4.67,Card,5.0,14.01,October,Friday
ORD11762,C1053,2025-05-30,Downtown,Espresso Drinks,Flat White,2,4.15,Gift Card,,8.3,May,Friday
ORD11763,C1069,2025-04-27,Riverside,Brewed Coffee,Pour Over,1,3.62,Card,5.0,3.62,April,Sunday
ORD11764,C1409,2025-07-15,Downtown,Espresso Drinks,Latte,3,4.62,Card,5.0,13.86,July,Tuesday
ORD11765,C1207,2025-10-03,University Ave,Pastries,Croissant,1,3.92,Card,,3.92,October,Friday
ORD11766,C1427,2025-04-10,Downtown,Espresso Drinks,Latte,1,4.95,Gift Card,,4.95,April,Thursday
ORD11767,C1282,2025-12-08,University Ave,Brewed Coffee,Cold Brew,2,3.78,Cash,4.0,7.56,December,Monday
ORD11768,C1059,2025-06-18,Downtown,Food,Breakfast Sandwich,2,8.07,Mobile Pay,,16.14,June,Wednesday
ORD11769,C1474,2025-08-29,Riverside,Tea,Herbal Tea,1,3.46,Gift Card,3.0,3.46,August,Friday
ORD11770,C1410,2025-12-15,Downtown,Espresso Drinks,Cappuccino,3,5.39,Card,,16.17,December,Monday
ORD11771,C1190,2025-06-07,Downtown,Espresso Drinks,Americano,3,5.44,Card,,16.32,June,Saturday
ORD11772,C1083,2025-03-14,Riverside,Espresso Drinks,Cappuccino,2,4.42,Mobile Pay,,8.84,March,Friday
ORD11773,C1164,2025-09-30,Downtown,Tea,Chai Latte,2,4.47,Card,4.0,8.94,September,Tuesday
ORD11774,C1174,2025-01-03,University Ave,Tea,Green Tea,1,3.45,Mobile Pay,4.0,3.45,January,Friday
ORD11775,C1364,2025-06-16,University Ave,Espresso Drinks,Latte,3,5.44,Mobile Pay,4.0,16.32,June,Monday
ORD11776,C1164,2025-12-23,Downtown,Espresso Drinks,Cappuccino,1,4.58,Card,,4.58,December,Tuesday
ORD11777,C1332,2025-05-31,Riverside,Food,Bagel,1,7.25,Cash,,7.25,May,Saturday
ORD11778,C1254,2025-09-07,University Ave,Espresso Drinks,Flat White,1,4.55,Card,2.0,4.55,September,Sunday
ORD11779,C1324,2025-07-11,University Ave,Tea,Green Tea,2,3.86,Gift Card,4.0,7.72,July,Friday
ORD11780,C1447,2025-03-20,Riverside,Espresso Drinks,Espresso Shot,2,5.07,Card,4.0,10.14,March,Thursday
ORD11781,C1350,2025-04-26,University Ave,Brewed Coffee,Pour Over,2,2.99,Card,,5.98,April,Saturday
ORD11782,C1505,2025-07-10,Riverside,Espresso Drinks,Cappuccino,2,4.41,Mobile Pay,,8.82,July,Thursday
ORD11783,C1624,2025-02-07,Riverside,Brewed Coffee,Cold Brew,2,3.73,Mobile Pay,,7.46,February,Friday
ORD11784,C1074,2025-06-01,University Ave,Espresso Drinks,Latte,3,5.45,Gift Card,,16.35,June,Sunday
ORD11785,C1107,2025-06-01,Downtown,Espresso Drinks,Flat White,3,4.31,Mobile Pay,5.0,12.93,June,Sunday
ORD11786,C1252,2025-10-31,Riverside,Espresso Drinks,Cappuccino,3,3.89,Card,3.0,11.67,October,Friday
ORD11787,C1170,2025-02-15,University Ave,Espresso Drinks,Cappuccino,1,3.97,Mobile Pay,3.0,3.97,February,Saturday
ORD11788,C1413,2025-11-03,Downtown,Espresso Drinks,Cappuccino,1,5.71,Cash,1.0,5.71,November,Monday
ORD11789,C1448,2025-05-30,Downtown,Espresso Drinks,Latte,2,4.86,Cash,,9.72,May,Friday
ORD11790,C1440,2025-08-26,Downtown,Food,Breakfast Sandwich,2,5.53,Card,3.0,11.06,August,Tuesday
ORD11791,C1117,2025-07-22,Downtown,Espresso Drinks,Flat White,2,3.81,Mobile Pay,5.0,7.62,July,Tuesday
ORD11792,C1173,2025-04-20,Downtown,Pastries,Croissant,1,3.8,Mobile Pay,,3.8,April,Sunday
ORD11793,C1002,2025-12-05,Downtown,Pastries,Croissant,1,3.17,Card,,3.17,December,Friday
ORD11794,C1518,2025-03-23,Downtown,Pastries,Cinnamon Roll,1,3.97,Mobile Pay,4.0,3.97,March,Sunday
ORD11795,C1009,2025-01-14,Riverside,Brewed Coffee,Cold Brew,1,4.12,Card,,4.12,January,Tuesday
ORD11796,C1054,2025-10-01,Riverside,Espresso Drinks,Latte,1,4.84,Card,4.0,4.84,October,Wednesday
ORD11797,C1028,2025-08-15,Riverside,Brewed Coffee,Pour Over,3,3.65,Card,,10.95,August,Friday
ORD11798,C1530,2025-11-21,Downtown,Brewed Coffee,Cold Brew,1,3.46,Card,,3.46,November,Friday
ORD11799,C1007,2025-06-16,University Ave,Tea,Green Tea,3,3.36,Mobile Pay,4.0,10.08,June,Monday
ORD11800,C1131,2025-01-07,Downtown,Brewed Coffee,Pour Over,1,3.98,Card,,3.98,January,Tuesday
ORD11801,C1563,2025-01-08,Riverside,Pastries,Cinnamon Roll,1,2.81,Card,,2.81,January,Wednesday
ORD11802,C1531,2025-06-07,Riverside,Brewed Coffee,Cold Brew,1,3.19,Card,5.0,3.19,June,Saturday
ORD11803,C1634,2025-04-01,University Ave,Espresso Drinks,Espresso Shot,2,5.42,Mobile Pay,,10.84,April,Tuesday
ORD11804,C1285,2025-12-02,University Ave,Espresso Drinks,Cappuccino,2,4.28,Card,,8.56,December,Tuesday
ORD11805,C1284,2025-02-13,Riverside,Pastries,Croissant,3,3.56,Mobile Pay,,10.68,February,Thursday
ORD11806,C1020,2025-11-17,Riverside,Espresso Drinks,Americano,3,4.46,Mobile Pay,,13.38,November,Monday
ORD11807,C1485,2025-03-20,Downtown,Pastries,Scone,1,3.28,Mobile Pay,,3.28,March,Thursday
ORD11808,C1607,2025-02-13,Riverside,Tea,Green Tea,2,4.22,Mobile Pay,,8.44,February,Thursday
ORD11809,C1174,2025-04-10,Riverside,Tea,Green Tea,1,4.16,Card,5.0,4.16,April,Thursday
ORD11810,C1627,2025-02-22,Downtown,Pastries,Croissant,2,4.06,Cash,,8.12,February,Saturday
ORD11811,C1167,2025-05-27,Riverside,Pastries,Muffin,2,4.36,Card,4.0,8.72,May,Tuesday
ORD11812,C1327,2025-05-01,Riverside,Pastries,Muffin,1,3.11,Cash,,3.11,May,Thursday
ORD11813,C1350,2025-07-12,University Ave,Food,Breakfast Sandwich,1,7.93,Card,,7.93,July,Saturday
ORD11814,C1078,2025-07-15,University Ave,Espresso Drinks,Cappuccino,2,4.45,Card,,8.9,July,Tuesday
ORD11815,C1331,2025-01-01,Riverside,Espresso Drinks,Espresso Shot,2,4.76,Cash,,9.52,January,Wednesday
ORD11816,C1287,2025-02-15,Downtown,Pastries,Muffin,1,2.64,Card,,2.64,February,Saturday
ORD11817,C1121,2025-02-28,University Ave,Brewed Coffee,Cold Brew,1,3.11,Cash,,3.11,February,Friday
ORD11818,C1064,2025-03-12,Downtown,Espresso Drinks,Espresso Shot,1,5.25,Mobile Pay,,5.25,March,Wednesday
ORD11819,C1457,2025-02-04,Downtown,Pastries,Cinnamon Roll,1,3.47,Mobile Pay,5.0,3.47,February,Tuesday
ORD11820,C1380,2025-04-25,Downtown,Espresso Drinks,Americano,1,4.42,Cash,3.0,4.42,April,Friday
ORD11821,C1408,2025-07-20,Riverside,Espresso Drinks,Flat White,3,5.53,Card,,16.59,July,Sunday
ORD11822,C1648,2025-04-23,University Ave,Brewed Coffee,Cold Brew,1,3.76,Cash,,3.76,April,Wednesday
ORD11823,C1137,2025-04-30,Downtown,Pastries,Scone,1,2.87,Card,5.0,2.87,April,Wednesday
ORD11824,C1109,2025-06-20,Downtown,Espresso Drinks,Flat White,1,4.19,Card,4.0,4.19,June,Friday
ORD11825,C1101,2025-07-19,Riverside,Espresso Drinks,Cappuccino,2,4.26,Card,,8.52,July,Saturday
ORD11826,C1228,2025-05-01,Downtown,Brewed Coffee,Pour Over,1,3.26,Card,,3.26,May,Thursday
ORD11827,C1154,2025-03-22,University Ave,Espresso Drinks,Flat White,2,5.31,Mobile Pay,,10.62,March,Saturday
ORD11828,C1576,2025-05-30,Riverside,Espresso Drinks,Flat White,3,4.53,Card,,13.59,May,Friday
ORD11829,C1344,2025-01-09,Riverside,Food,Avocado Toast,2,5.7,Card,5.0,11.4,January,Thursday
ORD11830,C1368,2025-06-29,University Ave,Espresso Drinks,Espresso Shot,1,4.22,Cash,4.0,4.22,June,Sunday
ORD11831,C1499,2025-12-09,Downtown,Espresso Drinks,Americano,3,4.87,Card,4.0,14.61,December,Tuesday
ORD11832,C1331,2025-05-25,Downtown,Brewed Coffee,Drip Coffee,1,3.24,Mobile Pay,,3.24,May,Sunday
ORD11833,C1569,2025-02-09,Riverside,Espresso Drinks,Espresso Shot,2,5.35,Card,,10.7,February,Sunday
ORD11834,C1631,2025-09-15,Downtown,Brewed Coffee,Pour Over,2,3.26,Mobile Pay,,6.52,September,Monday
ORD11835,C1329,2025-02-16,University Ave,Espresso Drinks,Flat White,1,3.97,Mobile Pay,,3.97,February,Sunday
ORD11836,C1375,2025-03-12,University Ave,Brewed Coffee,Cold Brew,1,3.57,Card,4.0,3.57,March,Wednesday
ORD11837,C1287,2025-02-23,University Ave,Tea,Green Tea,1,3.86,Mobile Pay,5.0,3.86,February,Sunday
ORD11838,C1039,2025-11-18,Downtown,Brewed Coffee,Drip Coffee,1,4.18,Card,,4.18,November,Tuesday
ORD11839,C1327,2025-12-24,University Ave,Espresso Drinks,Latte,1,4.57,Mobile Pay,,4.57,December,Wednesday
ORD11840,C1324,2025-07-27,Downtown,Brewed Coffee,Drip Coffee,3,3.98,Card,,11.94,July,Sunday
ORD11841,C1360,2025-08-13,Downtown,Espresso Drinks,Cappuccino,1,4.24,Gift Card,,4.24,August,Wednesday
ORD11842,C1350,2025-08-23,Riverside,Food,Avocado Toast,2,7.14,Mobile Pay,,14.28,August,Saturday
ORD11843,C1518,2025-08-11,Downtown,Pastries,Cinnamon Roll,1,2.66,Cash,,2.66,August,Monday
ORD11844,C1386,2025-07-18,University Ave,Espresso Drinks,Espresso Shot,2,5.45,Gift Card,,10.9,July,Friday
ORD11845,C1375,2025-12-26,Riverside,Tea,Herbal Tea,3,4.45,Mobile Pay,5.0,13.35,December,Friday
ORD11846,C1055,2025-09-24,University Ave,Brewed Coffee,Drip Coffee,3,3.71,Card,,11.13,September,Wednesday
ORD11847,C1587,2025-02-02,Downtown,Pastries,Muffin,3,3.26,Cash,,9.78,February,Sunday
ORD11848,C1572,2025-05-23,Riverside,Espresso Drinks,Latte,1,4.78,Card,,4.78,May,Friday
ORD11849,C1266,2025-12-21,Riverside,Espresso Drinks,Cappuccino,1,4.32,Mobile Pay,,4.32,December,Sunday
ORD11850,C1419,2025-05-27,University Ave,Pastries,Croissant,2,3.16,Card,,6.32,May,Tuesday
ORD11851,C1632,2025-03-16,University Ave,Pastries,Croissant,2,4.08,Gift Card,,8.16,March,Sunday
ORD11852,C1087,2025-11-13,University Ave,Food,Avocado Toast,2,6.05,Card,5.0,12.1,November,Thursday
ORD11853,C1615,2025-08-15,University Ave,Brewed Coffee,Pour Over,1,2.96,Card,4.0,2.96,August,Friday
ORD11854,C1178,2025-07-24,Downtown,Espresso Drinks,Latte,1,4.82,Cash,5.0,4.82,July,Thursday
ORD11855,C1107,2025-06-02,University Ave,Pastries,Muffin,1,4.15,Cash,4.0,4.15,June,Monday
ORD11856,C1111,2025-02-15,Downtown,Brewed Coffee,Cold Brew,3,3.56,Mobile Pay,,10.68,February,Saturday
ORD11857,C1021,2025-05-20,University Ave,Brewed Coffee,Cold Brew,2,3.56,Card,5.0,7.12,May,Tuesday
ORD11858,C1571,2025-06-09,Downtown,Espresso Drinks,Cappuccino,1,4.38,Mobile Pay,,4.38,June,Monday
ORD11859,C1233,2025-12-05,Riverside,Brewed Coffee,Cold Brew,2,3.11,Mobile Pay,,6.22,December,Friday
ORD11860,C1363,2025-04-22,University Ave,Espresso Drinks,Flat White,2,5.3,Mobile Pay,5.0,10.6,April,Tuesday
ORD11861,C1592,2025-02-24,University Ave,Pastries,Muffin,1,4.22,Card,4.0,4.22,February,Monday
ORD11862,C1269,2025-06-05,University Ave,Brewed Coffee,Pour Over,1,3.35,Mobile Pay,5.0,3.35,June,Thursday
ORD11863,C1163,2025-12-29,Riverside,Espresso Drinks,Americano,2,4.68,Card,,9.36,December,Monday
ORD11864,C1339,2025-06-25,Riverside,Espresso Drinks,Americano,1,5.3,Card,5.0,5.3,June,Wednesday
ORD11865,C1187,2025-05-19,University Ave,Espresso Drinks,Espresso Shot,1,5.7,Cash,3.0,5.7,May,Monday
ORD11866,C1400,2025-08-31,Riverside,Tea,Chai Latte,1,3.26,Card,,3.26,August,Sunday
ORD11867,C1130,2025-08-25,Downtown,Espresso Drinks,Americano,1,5.34,Mobile Pay,5.0,5.34,August,Monday
ORD11868,C1116,2025-04-19,Downtown,Espresso Drinks,Cappuccino,2,4.75,Mobile Pay,3.0,9.5,April,Saturday
ORD11869,C1208,2025-12-19,University Ave,Brewed Coffee,Drip Coffee,1,2.9,Card,4.0,2.9,December,Friday
ORD11870,C1598,2025-08-04,Riverside,Espresso Drinks,Cappuccino,3,5.26,Mobile Pay,3.0,15.78,August,Monday
ORD11871,C1110,2025-01-21,Downtown,Espresso Drinks,Americano,1,4.21,Mobile Pay,,4.21,January,Tuesday
ORD11872,C1033,2025-05-29,Downtown,Pastries,Scone,3,2.66,Card,4.0,7.98,May,Thursday
ORD11873,C1552,2025-12-02,Downtown,Espresso Drinks,Cappuccino,3,4.25,Mobile Pay,1.0,12.75,December,Tuesday
ORD11874,C1082,2025-05-24,University Ave,Pastries,Cinnamon Roll,1,4.26,Card,,4.26,May,Saturday
ORD11875,C1067,2025-07-26,Downtown,Pastries,Cinnamon Roll,1,3.32,Mobile Pay,,3.32,July,Saturday
ORD11876,C1643,2025-08-11,University Ave,Pastries,Scone,2,3.94,Gift Card,3.0,7.88,August,Monday
ORD11877,C1618,2025-09-14,University Ave,Brewed Coffee,Pour Over,2,3.56,Mobile Pay,4.0,7.12,September,Sunday
ORD11878,C1587,2025-11-14,Downtown,Espresso Drinks,Cappuccino,1,4.05,Card,,4.05,November,Friday
ORD11879,C1420,2025-02-24,Downtown,Pastries,Cinnamon Roll,3,3.54,Cash,5.0,10.62,February,Monday
ORD11880,C1027,2025-07-08,University Ave,Tea,Green Tea,1,4.07,Card,,4.07,July,Tuesday
ORD11881,C1384,2025-07-14,Riverside,Brewed Coffee,Pour Over,1,4.04,Cash,,4.04,July,Monday
ORD11882,C1608,2025-02-25,Downtown,Brewed Coffee,Cold Brew,1,3.52,Cash,,3.52,February,Tuesday
ORD11883,C1466,2025-09-03,Downtown,Pastries,Cinnamon Roll,1,3.0,Mobile Pay,4.0,3.0,September,Wednesday
ORD11884,C1238,2025-02-13,Downtown,Food,Breakfast Sandwich,1,5.57,Cash,,5.57,February,Thursday
ORD11885,C1130,2025-06-16,Downtown,Espresso Drinks,Cappuccino,3,4.81,Card,4.0,14.43,June,Monday
ORD11886,C1646,2025-05-01,Downtown,Food,Breakfast Sandwich,1,6.5,Mobile Pay,4.0,6.5,May,Thursday
ORD11887,C1397,2025-02-26,Downtown,Espresso Drinks,Latte,1,5.27,Gift Card,3.0,5.27,February,Wednesday
ORD11888,C1230,2025-10-27,Riverside,Espresso Drinks,Cappuccino,3,4.35,Cash,2.0,13.05,October,Monday
ORD11889,C1055,2025-03-30,Downtown,Espresso Drinks,Cappuccino,1,5.56,Card,,5.56,March,Sunday
ORD11890,C1301,2025-04-03,Downtown,Food,Avocado Toast,1,6.78,Card,,6.78,April,Thursday
ORD11891,C1468,2025-11-07,Downtown,Food,Bagel,1,7.51,Card,4.0,7.51,November,Friday
ORD11892,C1565,2025-11-16,Downtown,Brewed Coffee,Cold Brew,2,3.61,Card,5.0,7.22,November,Sunday
ORD11893,C1170,2025-01-13,Downtown,Pastries,Scone,1,4.17,Card,2.0,4.17,January,Monday
ORD11894,C1557,2025-04-12,Riverside,Espresso Drinks,Cappuccino,1,5.16,Card,,5.16,April,Saturday
ORD11895,C1538,2025-09-16,Downtown,Tea,Herbal Tea,2,4.59,Cash,,9.18,September,Tuesday
ORD11896,C1388,2025-10-11,University Ave,Pastries,Muffin,1,4.11,Card,,4.11,October,Saturday
ORD11897,C1541,2025-12-30,University Ave,Pastries,Croissant,3,4.37,Mobile Pay,,13.11,December,Tuesday
ORD11898,C1199,2025-07-21,Downtown,Pastries,Croissant,1,3.02,Mobile Pay,,3.02,July,Monday
ORD11899,C1098,2025-01-03,Riverside,Tea,Chai Latte,1,3.38,Card,,3.38,January,Friday
ORD11900,C1535,2025-11-15,Downtown,Pastries,Scone,1,2.72,Card,,2.72,November,Saturday
ORD11901,C1493,2025-02-28,University Ave,Food,Avocado Toast,2,8.0,Mobile Pay,,16.0,February,Friday
ORD11902,C1171,2025-02-13,Downtown,Espresso Drinks,Latte,2,4.69,Card,4.0,9.38,February,Thursday
ORD11903,C1041,2025-09-03,Riverside,Tea,Chai Latte,1,3.29,Mobile Pay,,3.29,September,Wednesday
ORD11904,C1459,2025-08-08,Riverside,Espresso Drinks,Espresso Shot,1,5.4,Card,,5.4,August,Friday
ORD11905,C1586,2025-01-22,University Ave,Tea,Herbal Tea,1,3.76,Mobile Pay,5.0,3.76,January,Wednesday
ORD11906,C1015,2025-03-03,Riverside,Pastries,Scone,1,3.29,Card,,3.29,March,Monday
ORD11907,C1088,2025-08-03,Downtown,Brewed Coffee,Pour Over,1,4.18,Mobile Pay,,4.18,August,Sunday
ORD11908,C1545,2025-04-03,University Ave,Tea,Chai Latte,1,4.56,Mobile Pay,4.0,4.56,April,Thursday
ORD11909,C1414,2025-09-06,Downtown,Espresso Drinks,Latte,2,5.61,Mobile Pay,4.0,11.22,September,Saturday
ORD11910,C1397,2025-05-30,Downtown,Espresso Drinks,Espresso Shot,2,3.82,Mobile Pay,4.0,7.64,May,Friday
ORD11911,C1524,2025-08-03,Downtown,Espresso Drinks,Cappuccino,1,4.29,Card,,4.29,August,Sunday
ORD11912,C1108,2025-06-22,Riverside,Espresso Drinks,Flat White,1,4.75,Cash,,4.75,June,Sunday
ORD11913,C1630,2025-05-13,Downtown,Pastries,Croissant,3,3.56,Card,5.0,10.68,May,Tuesday
ORD11914,C1633,2025-05-05,Downtown,Espresso Drinks,Latte,1,4.82,Cash,,4.82,May,Monday
ORD11915,C1090,2025-09-11,Downtown,Espresso Drinks,Americano,2,5.32,Card,,10.64,September,Thursday
ORD11916,C1506,2025-07-07,Downtown,Brewed Coffee,Cold Brew,1,3.89,Cash,,3.89,July,Monday
ORD11917,C1127,2025-08-05,Riverside,Espresso Drinks,Americano,1,4.47,Card,4.0,4.47,August,Tuesday
ORD11918,C1219,2025-07-30,Riverside,Tea,Chai Latte,1,4.12,Card,4.0,4.12,July,Wednesday
ORD11919,C1153,2025-03-17,University Ave,Food,Avocado Toast,2,7.7,Card,5.0,15.4,March,Monday
ORD11920,C1630,2025-11-29,Riverside,Pastries,Muffin,1,4.12,Card,4.0,4.12,November,Saturday
ORD11921,C1340,2025-07-24,Riverside,Tea,Herbal Tea,1,4.7,Card,,4.7,July,Thursday
ORD11922,C1173,2025-09-19,Riverside,Espresso Drinks,Cappuccino,1,3.87,Cash,,3.87,September,Friday
ORD11923,C1160,2025-11-18,University Ave,Brewed Coffee,Pour Over,2,3.27,Mobile Pay,5.0,6.54,November,Tuesday
ORD11924,C1184,2025-12-03,Riverside,Brewed Coffee,Drip Coffee,2,3.38,Card,4.0,6.76,December,Wednesday
ORD11925,C1014,2025-08-31,University Ave,Espresso Drinks,Flat White,2,5.6,Cash,4.0,11.2,August,Sunday
ORD11926,C1581,2025-10-14,Downtown,Pastries,Scone,3,3.93,Mobile Pay,,11.79,October,Tuesday
ORD11927,C1126,2025-06-21,Downtown,Pastries,Muffin,3,3.29,Card,,9.87,June,Saturday
ORD11928,C1081,2025-09-26,Riverside,Espresso Drinks,Espresso Shot,1,4.81,Gift Card,,4.81,September,Friday
ORD11929,C1105,2025-04-28,Riverside,Pastries,Scone,1,3.58,Cash,4.0,3.58,April,Monday
ORD11930,C1156,2025-09-17,Riverside,Food,Breakfast Sandwich,1,7.97,Mobile Pay,5.0,7.97,September,Wednesday
ORD11931,C1566,2025-02-01,Downtown,Food,Avocado Toast,3,5.96,Card,,17.88,February,Saturday
ORD11932,C1105,2025-11-29,Downtown,Espresso Drinks,Espresso Shot,1,5.08,Mobile Pay,4.0,5.08,November,Saturday
ORD11933,C1072,2025-03-31,Riverside,Food,Bagel,1,7.99,Cash,5.0,7.99,March,Monday
ORD11934,C1221,2025-08-27,Riverside,Food,Bagel,1,7.95,Card,4.0,7.95,August,Wednesday
ORD11935,C1136,2025-01-05,Riverside,Food,Breakfast Sandwich,1,5.65,Card,,5.65,January,Sunday
ORD11936,C1288,2025-02-26,Riverside,Pastries,Scone,3,3.9,Gift Card,5.0,11.7,February,Wednesday
ORD11937,C1025,2025-12-26,Riverside,Espresso Drinks,Flat White,1,5.01,Card,4.0,5.01,December,Friday
ORD11938,C1423,2025-10-31,Riverside,Espresso Drinks,Flat White,2,5.06,Cash,,10.12,October,Friday
ORD11939,C1549,2025-03-22,University Ave,Brewed Coffee,Cold Brew,3,2.88,Cash,,8.64,March,Saturday
ORD11940,C1649,2025-02-17,Downtown,Brewed Coffee,Drip Coffee,1,4.18,Card,4.0,4.18,February,Monday
ORD11941,C1037,2025-10-24,Downtown,Brewed Coffee,Pour Over,3,3.46,Card,,10.38,October,Friday
ORD11942,C1632,2025-12-27,Riverside,Tea,Green Tea,1,4.7,Card,,4.7,December,Saturday
ORD11943,C1609,2025-03-03,Downtown,Brewed Coffee,Cold Brew,1,3.46,Card,,3.46,March,Monday
ORD11944,C1113,2025-08-30,Riverside,Tea,Herbal Tea,3,4.36,Mobile Pay,,13.08,August,Saturday
ORD11945,C1552,2025-04-14,Riverside,Brewed Coffee,Cold Brew,2,3.59,Mobile Pay,3.0,7.18,April,Monday
ORD11946,C1226,2025-09-28,University Ave,Food,Avocado Toast,2,7.79,Cash,4.0,15.58,September,Sunday
ORD11947,C1494,2025-06-02,Riverside,Brewed Coffee,Drip Coffee,1,3.24,Card,,3.24,June,Monday
ORD11948,C1441,2025-02-15,Downtown,Espresso Drinks,Espresso Shot,3,4.48,Gift Card,,13.44,February,Saturday
ORD11949,C1214,2025-04-29,Downtown,Espresso Drinks,Espresso Shot,2,3.78,Mobile Pay,4.0,7.56,April,Tuesday
ORD11950,C1627,2025-07-16,Downtown,Brewed Coffee,Cold Brew,2,3.43,Cash,,6.86,July,Wednesday
ORD11951,C1045,2025-10-18,Riverside,Food,Bagel,1,6.38,Gift Card,3.0,6.38,October,Saturday
ORD11952,C1141,2025-01-08,University Ave,Food,Breakfast Sandwich,2,6.44,Card,,12.88,January,Wednesday
ORD11953,C1316,2025-12-15,Riverside,Brewed Coffee,Drip Coffee,1,2.81,Card,,2.81,December,Monday
ORD11954,C1180,2025-08-25,University Ave,Tea,Green Tea,1,3.31,Mobile Pay,4.0,3.31,August,Monday
ORD11955,C1642,2025-11-15,University Ave,Pastries,Muffin,1,3.6,Cash,,3.6,November,Saturday
ORD11956,C1627,2025-12-05,Riverside,Pastries,Cinnamon Roll,3,4.48,Card,,13.44,December,Friday
ORD11957,C1216,2025-02-25,University Ave,Brewed Coffee,Drip Coffee,2,2.87,Card,,5.74,February,Tuesday
ORD11958,C1326,2025-02-04,Downtown,Pastries,Croissant,1,3.46,Card,4.0,3.46,February,Tuesday
ORD11959,C1171,2025-10-10,Downtown,Espresso Drinks,Americano,1,5.12,Card,,5.12,October,Friday
ORD11960,C1628,2025-03-10,Downtown,Espresso Drinks,Espresso Shot,1,5.21,Card,,5.21,March,Monday
ORD11961,C1365,2025-02-23,Downtown,Brewed Coffee,Drip Coffee,2,3.2,Card,,6.4,February,Sunday
ORD11962,C1156,2025-06-20,Downtown,Espresso Drinks,Flat White,2,5.06,Mobile Pay,,10.12,June,Friday
ORD11963,C1488,2025-11-29,Riverside,Food,Avocado Toast,1,7.11,Card,,7.11,November,Saturday
ORD11964,C1640,2025-10-17,Downtown,Tea,Chai Latte,2,4.52,Mobile Pay,,9.04,October,Friday
ORD11965,C1572,2025-07-08,Downtown,Pastries,Cinnamon Roll,3,3.43,Mobile Pay,5.0,10.29,July,Tuesday
ORD11966,C1166,2025-03-13,Downtown,Food,Bagel,2,6.19,Mobile Pay,,12.38,March,Thursday
ORD11967,C1450,2025-05-03,Downtown,Pastries,Croissant,1,3.28,Mobile Pay,4.0,3.28,May,Saturday
ORD11968,C1090,2025-09-08,Riverside,Espresso Drinks,Americano,3,4.79,Mobile Pay,3.0,14.37,September,Monday
ORD11969,C1346,2025-02-27,Downtown,Brewed Coffee,Cold Brew,1,3.94,Mobile Pay,,3.94,February,Thursday
ORD11970,C1361,2025-07-10,Downtown,Pastries,Muffin,3,4.48,Mobile Pay,4.0,13.44,July,Thursday
ORD11971,C1093,2025-01-05,University Ave,Brewed Coffee,Drip Coffee,1,2.84,Gift Card,3.0,2.84,January,Sunday
ORD11972,C1297,2025-04-29,Downtown,Espresso Drinks,Americano,1,4.92,Cash,,4.92,April,Tuesday
ORD11973,C1021,2025-04-01,University Ave,Brewed Coffee,Cold Brew,1,4.06,Mobile Pay,4.0,4.06,April,Tuesday
ORD11974,C1404,2025-09-05,Riverside,Espresso Drinks,Espresso Shot,2,4.25,Card,4.0,8.5,September,Friday
ORD11975,C1489,2025-11-29,University Ave,Espresso Drinks,Flat White,1,5.22,Card,4.0,5.22,November,Saturday
ORD11976,C1288,2025-02-23,University Ave,Pastries,Muffin,1,3.54,Cash,,3.54,February,Sunday
ORD11977,C1419,2025-10-18,University Ave,Espresso Drinks,Americano,1,4.24,Card,,4.24,October,Saturday
ORD11978,C1479,2025-08-27,Downtown,Brewed Coffee,Drip Coffee,2,4.01,Card,,8.02,August,Wednesday
ORD11979,C1182,2025-12-20,Riverside,Brewed Coffee,Pour Over,2,2.84,Mobile Pay,,5.68,December,Saturday
ORD11980,C1537,2025-11-28,Downtown,Pastries,Muffin,2,3.04,Cash,,6.08,November,Friday
ORD11981,C1146,2025-02-06,Downtown,Brewed Coffee,Cold Brew,2,3.16,Card,,6.32,February,Thursday
ORD11982,C1412,2025-09-28,University Ave,Tea,Herbal Tea,2,4.23,Mobile Pay,,8.46,September,Sunday
ORD11983,C1585,2025-08-04,University Ave,Pastries,Scone,1,4.45,Cash,5.0,4.45,August,Monday
ORD11984,C1500,2025-02-11,Downtown,Pastries,Scone,3,2.59,Cash,,7.77,February,Tuesday
ORD11985,C1326,2025-04-04,Downtown,Brewed Coffee,Cold Brew,2,3.59,Cash,,7.18,April,Friday
ORD11986,C1416,2025-12-04,Downtown,Pastries,Croissant,1,3.08,Mobile Pay,3.0,3.08,December,Thursday
ORD11987,C1585,2025-07-17,Riverside,Brewed Coffee,Pour Over,1,3.7,Cash,,3.7,July,Thursday
ORD11988,C1124,2025-05-04,University Ave,Food,Breakfast Sandwich,1,7.01,Card,,7.01,May,Sunday
ORD11989,C1605,2025-04-27,Downtown,Espresso Drinks,Cappuccino,2,4.02,Cash,1.0,8.04,April,Sunday
ORD11990,C1611,2025-11-01,Downtown,Tea,Herbal Tea,3,4.63,Gift Card,,13.89,November,Saturday
ORD11991,C1620,2025-04-14,Riverside,Pastries,Cinnamon Roll,2,4.11,Card,,8.22,April,Monday
ORD11992,C1298,2025-02-27,University Ave,Food,Breakfast Sandwich,1,6.47,Cash,,6.47,February,Thursday
ORD11993,C1200,2025-07-28,Riverside,Brewed Coffee,Pour Over,1,3.46,Card,,3.46,July,Monday
ORD11994,C1049,2025-12-28,University Ave,Brewed Coffee,Pour Over,1,3.14,Cash,,3.14,December,Sunday
ORD11995,C1428,2025-03-08,Riverside,Brewed Coffee,Pour Over,2,3.37,Card,3.0,6.74,March,Saturday
ORD11996,C1312,2025-04-03,Downtown,Brewed Coffee,Drip Coffee,2,3.16,Card,3.0,6.32,April,Thursday
ORD11997,C1294,2025-06-20,Riverside,Espresso Drinks,Espresso Shot,1,5.12,Card,,5.12,June,Friday
ORD11998,C1485,2025-03-14,University Ave,Espresso Drinks,Flat White,2,5.72,Card,4.0,11.44,March,Friday
ORD11999,C1196,2025-08-25,University Ave,Espresso Drinks,Latte,2,5.5,Card,,11.0,August,Monday
ORD12000,C1350,2025-04-03,Riverside,Espresso Drinks,Cappuccino,1,5.64,Mobile Pay,5.0,5.64,April,Thursday
ORD12001,C1370,2025-02-16,Riverside,Espresso Drinks,Americano,3,4.75,Mobile Pay,,14.25,February,Sunday
ORD12002,C1191,2025-04-06,Riverside,Espresso Drinks,Flat White,1,3.88,Card,4.0,3.88,April,Sunday
ORD12003,C1450,2025-12-05,Riverside,Espresso Drinks,Espresso Shot,3,4.15,Cash,5.0,12.45,December,Friday
ORD12004,C1442,2025-12-07,Riverside,Espresso Drinks,Americano,1,4.69,Card,,4.69,December,Sunday
ORD12005,C1230,2025-07-04,Riverside,Brewed Coffee,Cold Brew,1,2.79,Mobile Pay,,2.79,July,Friday
ORD12006,C1114,2025-05-26,Downtown,Espresso Drinks,Latte,2,5.66,Card,,11.32,May,Monday
ORD12007,C1216,2025-10-26,Downtown,Pastries,Cinnamon Roll,2,3.97,Mobile Pay,,7.94,October,Sunday
ORD12008,C1309,2025-03-12,Downtown,Food,Bagel,1,6.58,Card,,6.58,March,Wednesday
ORD12009,C1309,2025-08-27,University Ave,Espresso Drinks,Cappuccino,2,5.47,Card,,10.94,August,Wednesday
ORD12010,C1004,2025-09-05,Riverside,Espresso Drinks,Cappuccino,1,5.04,Card,,5.04,September,Friday
ORD12011,C1154,2025-09-16,Downtown,Brewed Coffee,Cold Brew,1,4.07,Cash,,4.07,September,Tuesday
ORD12012,C1404,2025-03-21,Downtown,Espresso Drinks,Espresso Shot,3,4.34,Card,3.0,13.02,March,Friday
ORD12013,C1568,2025-09-18,Downtown,Espresso Drinks,Cappuccino,2,5.67,Card,4.0,11.34,September,Thursday
ORD12014,C1119,2025-08-11,University Ave,Espresso Drinks,Americano,1,4.56,Card,,4.56,August,Monday
ORD12015,C1607,2025-11-15,Downtown,Food,Avocado Toast,2,6.11,Mobile Pay,4.0,12.22,November,Saturday
ORD12016,C1501,2025-03-05,Downtown,Espresso Drinks,Latte,1,3.79,Gift Card,,3.79,March,Wednesday
ORD12017,C1299,2025-08-12,Downtown,Espresso Drinks,Flat White,2,4.76,Card,,9.52,August,Tuesday
ORD12018,C1175,2025-10-29,Downtown,Food,Avocado Toast,1,7.71,Card,3.0,7.71,October,Wednesday
ORD12019,C1440,2025-04-12,University Ave,Pastries,Croissant,2,3.75,Mobile Pay,,7.5,April,Saturday
ORD12020,C1127,2025-09-28,Downtown,Espresso Drinks,Espresso Shot,1,4.99,Cash,,4.99,September,Sunday
ORD12021,C1082,2025-02-06,Downtown,Pastries,Scone,1,3.49,Card,3.0,3.49,February,Thursday
ORD12022,C1607,2025-09-19,University Ave,Espresso Drinks,Latte,1,5.06,Mobile Pay,,5.06,September,Friday
ORD12023,C1277,2025-08-09,Riverside,Espresso Drinks,Americano,1,5.38,Card,,5.38,August,Saturday
ORD12024,C1008,2025-03-12,Downtown,Food,Bagel,3,7.14,Gift Card,,21.42,March,Wednesday
ORD12025,C1126,2025-01-25,Downtown,Espresso Drinks,Espresso Shot,2,4.4,Mobile Pay,,8.8,January,Saturday
ORD12026,C1174,2025-09-29,Downtown,Brewed Coffee,Drip Coffee,3,3.31,Cash,,9.93,September,Monday
ORD12027,C1124,2025-03-29,University Ave,Espresso Drinks,Flat White,3,4.78,Card,5.0,14.34,March,Saturday
ORD12028,C1528,2025-07-01,Riverside,Pastries,Cinnamon Roll,1,4.34,Cash,3.0,4.34,July,Tuesday
ORD12029,C1096,2025-01-23,Downtown,Pastries,Cinnamon Roll,1,3.91,Card,,3.91,January,Thursday
ORD12030,C1569,2025-12-17,University Ave,Espresso Drinks,Cappuccino,2,4.27,Cash,,8.54,December,Wednesday
ORD12031,C1271,2025-07-19,Downtown,Espresso Drinks,Cappuccino,1,3.83,Mobile Pay,4.0,3.83,July,Saturday
ORD12032,C1357,2025-12-06,Riverside,Espresso Drinks,Cappuccino,1,4.37,Card,,4.37,December,Saturday
ORD12033,C1063,2025-02-28,Downtown,Food,Avocado Toast,1,5.76,Card,4.0,5.76,February,Friday
ORD12034,C1505,2025-03-16,University Ave,Pastries,Muffin,1,4.04,Mobile Pay,,4.04,March,Sunday
ORD12035,C1334,2025-08-11,University Ave,Food,Breakfast Sandwich,1,6.07,Card,,6.07,August,Monday
ORD12036,C1042,2025-08-09,Downtown,Espresso Drinks,Latte,2,4.47,Cash,,8.94,August,Saturday
ORD12037,C1566,2025-10-15,Riverside,Espresso Drinks,Cappuccino,1,4.91,Card,,4.91,October,Wednesday
ORD12038,C1197,2025-12-04,Riverside,Food,Breakfast Sandwich,1,8.43,Mobile Pay,,8.43,December,Thursday
ORD12039,C1490,2025-10-27,Downtown,Food,Bagel,2,8.35,Cash,4.0,16.7,October,Monday
ORD12040,C1052,2025-02-21,Riverside,Pastries,Cinnamon Roll,1,3.36,Cash,3.0,3.36,February,Friday
ORD12041,C1360,2025-04-23,Riverside,Pastries,Croissant,2,3.88,Card,5.0,7.76,April,Wednesday
ORD12042,C1226,2025-11-29,Downtown,Food,Bagel,3,8.32,Mobile Pay,,24.96,November,Saturday
ORD12043,C1305,2025-07-19,Riverside,Brewed Coffee,Cold Brew,2,3.33,Card,4.0,6.66,July,Saturday
ORD12045,C1392,2025-07-24,Downtown,Food,Bagel,2,6.22,Card,,12.44,July,Thursday
ORD12046,C1020,2025-01-19,University Ave,Brewed Coffee,Drip Coffee,1,3.54,Mobile Pay,4.0,3.54,January,Sunday
ORD12047,C1187,2025-06-22,University Ave,Brewed Coffee,Cold Brew,1,2.9,Mobile Pay,,2.9,June,Sunday
ORD12048,C1643,2025-10-28,University Ave,Pastries,Scone,3,3.06,Card,4.0,9.18,October,Tuesday
ORD12049,C1590,2025-08-27,Riverside,Espresso Drinks,Cappuccino,1,3.84,Mobile Pay,4.0,3.84,August,Wednesday
ORD12050,C1311,2025-02-18,University Ave,Brewed Coffee,Pour Over,2,3.4,Mobile Pay,,6.8,February,Tuesday
ORD12051,C1526,2025-03-18,Riverside,Pastries,Cinnamon Roll,2,4.32,Cash,,8.64,March,Tuesday
ORD12052,C1338,2025-11-07,Riverside,Pastries,Cinnamon Roll,1,3.05,Mobile Pay,3.0,3.05,November,Friday
ORD12053,C1474,2025-12-23,Downtown,Pastries,Cinnamon Roll,1,2.52,Mobile Pay,2.0,2.52,December,Tuesday
ORD12054,C1281,2025-10-02,University Ave,Pastries,Croissant,1,3.11,Card,4.0,3.11,October,Thursday
ORD12055,C1326,2025-02-05,Riverside,Tea,Herbal Tea,3,4.07,Cash,4.0,12.21,February,Wednesday
ORD12056,C1241,2025-08-14,Downtown,Espresso Drinks,Flat White,2,5.09,Card,,10.18,August,Thursday
ORD12057,C1189,2025-10-29,Downtown,Espresso Drinks,Americano,1,4.43,Cash,5.0,4.43,October,Wednesday
ORD12058,C1014,2025-08-22,Downtown,Espresso Drinks,Americano,2,5.41,Mobile Pay,,10.82,August,Friday
ORD12059,C1121,2025-08-05,University Ave,Pastries,Cinnamon Roll,1,4.5,Mobile Pay,3.0,4.5,August,Tuesday
ORD12060,C1129,2025-06-20,Downtown,Espresso Drinks,Flat White,1,4.17,Mobile Pay,,4.17,June,Friday
ORD12061,C1510,2025-03-31,Downtown,Brewed Coffee,Pour Over,1,4.24,Gift Card,4.0,4.24,March,Monday
ORD12062,C1369,2025-04-13,Downtown,Espresso Drinks,Flat White,2,4.27,Cash,5.0,8.54,April,Sunday
ORD12063,C1115,2025-09-29,Downtown,Espresso Drinks,Latte,2,5.69,Card,,11.38,September,Monday
ORD12064,C1534,2025-01-26,Riverside,Espresso Drinks,Flat White,1,5.08,Card,4.0,5.08,January,Sunday
ORD12065,C1490,2025-01-31,Riverside,Food,Breakfast Sandwich,3,6.46,Mobile Pay,,19.38,January,Friday
ORD12066,C1511,2025-05-25,Downtown,Pastries,Muffin,1,4.29,Cash,,4.29,May,Sunday
ORD12067,C1072,2025-10-09,Downtown,Pastries,Cinnamon Roll,1,4.02,Card,,4.02,October,Thursday
ORD12068,C1517,2025-08-28,University Ave,Espresso Drinks,Espresso Shot,2,4.42,Gift Card,,8.84,August,Thursday
ORD12069,C1458,2025-08-03,Riverside,Espresso Drinks,Flat White,2,3.87,Gift Card,,7.74,August,Sunday
ORD12070,C1431,2025-07-14,University Ave,Pastries,Scone,1,3.7,Cash,,3.7,July,Monday
ORD12071,C1127,2025-02-10,University Ave,Pastries,Croissant,3,3.25,Mobile Pay,,9.75,February,Monday
ORD12072,C1071,2025-05-01,Downtown,Brewed Coffee,Pour Over,1,3.84,Cash,5.0,3.84,May,Thursday
ORD12073,C1455,2025-01-29,Downtown,Brewed Coffee,Cold Brew,2,3.57,Cash,,7.14,January,Wednesday
ORD12074,C1082,2025-10-03,University Ave,Pastries,Croissant,2,2.98,Mobile Pay,,5.96,October,Friday
ORD12075,C1383,2025-10-01,Riverside,Food,Avocado Toast,3,7.27,Card,5.0,21.81,October,Wednesday
ORD12076,C1300,2025-04-04,Downtown,Espresso Drinks,Americano,1,4.67,Card,,4.67,April,Friday
ORD12077,C1182,2025-04-17,Downtown,Brewed Coffee,Pour Over,2,3.79,Card,3.0,7.58,April,Thursday
ORD12078,C1045,2025-04-26,Riverside,Espresso Drinks,Espresso Shot,1,5.66,Cash,,5.66,April,Saturday
ORD12079,C1171,2025-11-20,Downtown,Pastries,Muffin,1,3.22,Mobile Pay,1.0,3.22,November,Thursday
ORD12080,C1427,2025-06-27,Downtown,Food,Breakfast Sandwich,1,6.21,Mobile Pay,,6.21,June,Friday
ORD12081,C1121,2025-10-05,University Ave,Tea,Herbal Tea,1,3.43,Mobile Pay,,3.43,October,Sunday
ORD12082,C1556,2025-06-13,Downtown,Espresso Drinks,Latte,1,5.49,Cash,4.0,5.49,June,Friday
ORD12083,C1237,2025-09-12,Riverside,Brewed Coffee,Pour Over,1,3.22,Card,5.0,3.22,September,Friday
ORD12084,C1313,2025-07-12,Downtown,Espresso Drinks,Latte,2,5.66,Mobile Pay,,11.32,July,Saturday
ORD12085,C1152,2025-04-12,Riverside,Pastries,Scone,2,3.6,Mobile Pay,,7.2,April,Saturday
ORD12086,C1004,2025-11-15,University Ave,Espresso Drinks,Espresso Shot,2,3.78,Card,4.0,7.56,November,Saturday
ORD12087,C1227,2025-09-16,Downtown,Pastries,Croissant,1,3.01,Cash,3.0,3.01,September,Tuesday
ORD12088,C1213,2025-10-08,Downtown,Pastries,Cinnamon Roll,1,2.85,Mobile Pay,4.0,2.85,October,Wednesday
ORD12089,C1543,2025-12-12,Downtown,Food,Bagel,3,8.36,Card,,25.08,December,Friday
ORD12090,C1150,2025-04-01,Riverside,Food,Breakfast Sandwich,1,7.25,Mobile Pay,,7.25,April,Tuesday
ORD12091,C1289,2025-02-03,University Ave,Food,Breakfast Sandwich,1,7.57,Mobile Pay,3.0,7.57,February,Monday
ORD12092,C1059,2025-07-31,Riverside,Espresso Drinks,Americano,2,4.22,Mobile Pay,,8.44,July,Thursday
ORD12093,C1140,2025-04-29,Riverside,Food,Bagel,1,7.83,Mobile Pay,4.0,7.83,April,Tuesday
ORD12094,C1123,2025-06-08,Riverside,Espresso Drinks,Flat White,1,4.98,Card,,4.98,June,Sunday
ORD12095,C1236,2025-03-27,University Ave,Pastries,Muffin,3,4.16,Mobile Pay,3.0,12.48,March,Thursday
ORD12096,C1042,2025-05-26,Downtown,Espresso Drinks,Latte,3,5.54,Mobile Pay,,16.62,May,Monday
ORD12097,C1268,2025-05-24,Riverside,Tea,Chai Latte,2,4.24,Cash,,8.48,May,Saturday
ORD12098,C1261,2025-05-08,Downtown,Espresso Drinks,Cappuccino,3,3.82,Mobile Pay,,11.46,May,Thursday
ORD12099,C1105,2025-09-28,Riverside,Tea,Chai Latte,2,4.44,Card,5.0,8.88,September,Sunday
ORD12100,C1016,2025-08-04,University Ave,Food,Bagel,1,7.82,Mobile Pay,,7.82,August,Monday
ORD12101,C1595,2025-06-22,University Ave,Brewed Coffee,Cold Brew,1,3.29,Card,,3.29,June,Sunday
ORD12102,C1549,2025-02-11,Riverside,Brewed Coffee,Cold Brew,3,4.23,Card,4.0,12.69,February,Tuesday
ORD12103,C1276,2025-07-27,Downtown,Espresso Drinks,Americano,1,3.82,Card,5.0,3.82,July,Sunday
ORD12104,C1442,2025-03-05,Downtown,Pastries,Cinnamon Roll,3,4.48,Mobile Pay,5.0,13.44,March,Wednesday
ORD12105,C1532,2025-04-25,Downtown,Food,Breakfast Sandwich,2,6.54,Card,,13.08,April,Friday
ORD12106,C1388,2025-06-01,University Ave,Espresso Drinks,Espresso Shot,2,4.93,Mobile Pay,5.0,9.86,June,Sunday
ORD12107,C1010,2025-02-21,Riverside,Brewed Coffee,Cold Brew,3,2.99,Card,,8.97,February,Friday
ORD12108,C1061,2025-05-22,Downtown,Pastries,Scone,3,3.93,Card,,11.79,May,Thursday
ORD12109,C1272,2025-04-08,University Ave,Tea,Herbal Tea,2,4.32,Card,4.0,8.64,April,Tuesday
ORD12110,C1589,2025-11-06,University Ave,Espresso Drinks,Latte,3,4.06,Card,,12.18,November,Thursday
ORD12111,C1545,2025-11-09,Downtown,Brewed Coffee,Pour Over,2,3.92,Gift Card,1.0,7.84,November,Sunday
ORD12112,C1327,2025-01-02,Riverside,Espresso Drinks,Flat White,2,4.72,Card,4.0,9.44,January,Thursday
ORD12113,C1522,2025-08-08,Riverside,Espresso Drinks,Latte,1,3.88,Cash,3.0,3.88,August,Friday
ORD12114,C1177,2025-08-22,University Ave,Espresso Drinks,Americano,1,4.11,Mobile Pay,,4.11,August,Friday
ORD12115,C1573,2025-05-18,Downtown,Tea,Green Tea,2,4.54,Card,,9.08,May,Sunday
ORD12116,C1194,2025-06-20,Riverside,Pastries,Croissant,1,3.6,Card,3.0,3.6,June,Friday
ORD12117,C1124,2025-10-15,University Ave,Espresso Drinks,Latte,1,5.54,Card,,5.54,October,Wednesday
ORD12118,C1435,2025-05-18,Riverside,Pastries,Muffin,2,4.03,Card,3.0,8.06,May,Sunday
ORD12119,C1564,2025-01-24,Riverside,Tea,Chai Latte,1,3.57,Card,,3.57,January,Friday
ORD12120,C1423,2025-05-16,Riverside,Espresso Drinks,Flat White,1,4.69,Card,,4.69,May,Friday
ORD12121,C1468,2025-04-03,Downtown,Espresso Drinks,Americano,2,4.21,Cash,,8.42,April,Thursday
ORD12122,C1368,2025-05-20,Downtown,Pastries,Cinnamon Roll,2,4.01,Mobile Pay,,8.02,May,Tuesday
ORD12123,C1281,2025-03-25,Riverside,Brewed Coffee,Drip Coffee,1,4.14,Mobile Pay,,4.14,March,Tuesday
ORD12124,C1200,2025-02-24,Downtown,Espresso Drinks,Espresso Shot,1,4.35,Card,,4.35,February,Monday
ORD12125,C1140,2025-12-25,Riverside,Espresso Drinks,Cappuccino,2,5.38,Card,2.0,10.76,December,Thursday
ORD12126,C1150,2025-02-16,Riverside,Espresso Drinks,Americano,1,5.27,Card,3.0,5.27,February,Sunday
ORD12127,C1299,2025-09-15,Riverside,Espresso Drinks,Flat White,1,3.87,Gift Card,,3.87,September,Monday
ORD12128,C1611,2025-09-19,University Ave,Pastries,Muffin,2,4.44,Mobile Pay,,8.88,September,Friday
ORD12129,C1194,2025-08-13,Riverside,Tea,Herbal Tea,2,4.05,Card,2.0,8.1,August,Wednesday
ORD12130,C1400,2025-11-28,Riverside,Espresso Drinks,Americano,1,5.21,Cash,,5.21,November,Friday
ORD12131,C1463,2025-01-02,University Ave,Food,Bagel,2,7.0,Cash,4.0,14.0,January,Thursday
ORD12132,C1059,2025-04-20,Downtown,Pastries,Croissant,3,3.66,Cash,1.0,10.98,April,Sunday
ORD12133,C1208,2025-03-09,University Ave,Brewed Coffee,Drip Coffee,1,3.92,Mobile Pay,5.0,3.92,March,Sunday
ORD12134,C1031,2025-07-30,Downtown,Pastries,Scone,1,4.42,Gift Card,,4.42,July,Wednesday
ORD12135,C1431,2025-08-20,University Ave,Espresso Drinks,Americano,1,5.74,Mobile Pay,5.0,5.74,August,Wednesday
ORD12136,C1327,2025-11-23,Downtown,Pastries,Muffin,1,2.6,Cash,,2.6,November,Sunday
ORD12137,C1461,2025-05-19,Downtown,Food,Breakfast Sandwich,1,5.91,Card,,5.91,May,Monday
ORD12138,C1431,2025-03-27,Downtown,Pastries,Muffin,1,4.07,Card,2.0,4.07,March,Thursday
ORD12139,C1192,2025-12-03,Riverside,Food,Avocado Toast,1,5.81,Mobile Pay,2.0,5.81,December,Wednesday
ORD12140,C1221,2025-09-02,University Ave,Espresso Drinks,Latte,1,4.73,Mobile Pay,,4.73,September,Tuesday
ORD12141,C1581,2025-10-06,Downtown,Pastries,Muffin,3,3.55,Card,,10.65,October,Monday
ORD12142,C1141,2025-06-11,University Ave,Brewed Coffee,Pour Over,2,3.45,Mobile Pay,,6.9,June,Wednesday
ORD12143,C1035,2025-06-12,Riverside,Pastries,Muffin,1,4.32,Card,,4.32,June,Thursday
ORD12144,C1020,2025-05-22,University Ave,Pastries,Muffin,1,2.98,Card,2.0,2.98,May,Thursday
ORD12145,C1401,2025-09-30,Downtown,Espresso Drinks,Americano,2,5.11,Cash,3.0,10.22,September,Tuesday
ORD12146,C1552,2025-03-18,Riverside,Pastries,Cinnamon Roll,3,4.32,Card,,12.96,March,Tuesday
ORD12147,C1297,2025-12-22,Downtown,Tea,Chai Latte,3,3.92,Gift Card,4.0,11.76,December,Monday
ORD12148,C1194,2025-03-06,University Ave,Espresso Drinks,Americano,1,5.15,Card,,5.15,March,Thursday
ORD12149,C1622,2025-06-17,Riverside,Brewed Coffee,Cold Brew,1,3.15,Gift Card,,3.15,June,Tuesday
ORD12150,C1406,2025-04-25,Riverside,Tea,Chai Latte,1,4.29,Card,,4.29,April,Friday
ORD12151,C1001,2025-08-22,Riverside,Espresso Drinks,Flat White,1,4.35,Mobile Pay,,4.35,August,Friday
ORD12152,C1522,2025-09-05,Downtown,Pastries,Muffin,1,4.12,Card,3.0,4.12,September,Friday
ORD12153,C1179,2025-12-01,Riverside,Food,Avocado Toast,2,6.0,Card,2.0,12.0,December,Monday
ORD12154,C1588,2025-10-15,University Ave,Tea,Chai Latte,2,3.65,Card,5.0,7.3,October,Wednesday
ORD12155,C1151,2025-04-01,Downtown,Pastries,Croissant,2,2.96,Card,,5.92,April,Tuesday
ORD12156,C1443,2025-03-17,Downtown,Espresso Drinks,Cappuccino,1,5.4,Card,,5.4,March,Monday
ORD12157,C1102,2025-11-19,Riverside,Pastries,Scone,1,4.1,Card,,4.1,November,Wednesday
ORD12158,C1070,2025-06-27,Riverside,Food,Avocado Toast,3,8.43,Mobile Pay,4.0,25.29,June,Friday
ORD12159,C1206,2025-02-05,Riverside,Pastries,Croissant,2,4.41,Card,5.0,8.82,February,Wednesday
ORD12160,C1372,2025-10-28,Riverside,Pastries,Scone,1,3.83,Card,5.0,3.83,October,Tuesday
ORD12161,C1226,2025-08-25,Downtown,Espresso Drinks,Espresso Shot,3,5.06,Cash,,15.18,August,Monday
ORD12162,C1012,2025-01-10,Downtown,Brewed Coffee,Pour Over,2,3.24,Cash,,6.48,January,Friday
ORD12163,C1545,2025-10-12,Downtown,Pastries,Scone,2,3.02,Card,5.0,6.04,October,Sunday
ORD12164,C1558,2025-08-10,University Ave,Espresso Drinks,Espresso Shot,2,5.5,Card,,11.0,August,Sunday
ORD12165,C1252,2025-08-12,Riverside,Pastries,Scone,2,3.23,Cash,,6.46,August,Tuesday
ORD12166,C1313,2025-11-11,University Ave,Pastries,Scone,2,2.56,Cash,,5.12,November,Tuesday
ORD12167,C1019,2025-06-30,University Ave,Brewed Coffee,Drip Coffee,2,4.01,Cash,4.0,8.02,June,Monday
ORD12168,C1518,2025-06-17,Riverside,Food,Avocado Toast,1,8.03,Card,,8.03,June,Tuesday
ORD12169,C1485,2025-08-13,Downtown,Espresso Drinks,Cappuccino,3,5.27,Card,,15.81,August,Wednesday
ORD12170,C1079,2025-03-13,Riverside,Pastries,Cinnamon Roll,3,3.95,Card,2.0,11.85,March,Thursday
ORD12171,C1067,2025-02-25,Downtown,Espresso Drinks,Flat White,2,3.75,Gift Card,,7.5,February,Tuesday
ORD12172,C1478,2025-11-04,University Ave,Espresso Drinks,Cappuccino,1,3.92,Card,,3.92,November,Tuesday
ORD12173,C1481,2025-03-20,Riverside,Food,Breakfast Sandwich,1,8.0,Card,2.0,8.0,March,Thursday
ORD12174,C1369,2025-07-03,Downtown,Tea,Herbal Tea,1,4.11,Mobile Pay,,4.11,July,Thursday
ORD12175,C1300,2025-04-09,Riverside,Espresso Drinks,Flat White,2,4.69,Card,,9.38,April,Wednesday
ORD12176,C1420,2025-03-25,University Ave,Pastries,Scone,1,3.09,Cash,5.0,3.09,March,Tuesday
ORD12177,C1633,2025-08-06,Riverside,Food,Breakfast Sandwich,2,6.56,Card,4.0,13.12,August,Wednesday
ORD12178,C1061,2025-10-20,Riverside,Food,Bagel,3,7.99,Card,4.0,23.97,October,Monday
ORD12179,C1251,2025-06-10,Riverside,Espresso Drinks,Americano,2,4.75,Mobile Pay,,9.5,June,Tuesday
ORD12180,C1412,2025-02-20,Riverside,Espresso Drinks,Espresso Shot,1,4.52,Mobile Pay,,4.52,February,Thursday
ORD12181,C1182,2025-03-30,Riverside,Brewed Coffee,Drip Coffee,2,4.09,Card,,8.18,March,Sunday
ORD12182,C1329,2025-03-01,Riverside,Brewed Coffee,Drip Coffee,2,3.0,Mobile Pay,4.0,6.0,March,Saturday
ORD12183,C1347,2025-11-18,Riverside,Tea,Green Tea,2,3.49,Mobile Pay,4.0,6.98,November,Tuesday
ORD12184,C1102,2025-04-27,Downtown,Food,Avocado Toast,2,8.03,Mobile Pay,,16.06,April,Sunday
ORD12185,C1237,2025-05-17,University Ave,Pastries,Scone,1,4.02,Cash,,4.02,May,Saturday
ORD12186,C1157,2025-01-26,Downtown,Espresso Drinks,Latte,1,4.8,Mobile Pay,,4.8,January,Sunday
ORD12187,C1241,2025-06-12,Downtown,Brewed Coffee,Cold Brew,1,3.99,Card,5.0,3.99,June,Thursday
ORD12188,C1120,2025-11-29,Riverside,Brewed Coffee,Pour Over,2,3.23,Mobile Pay,,6.46,November,Saturday
ORD12189,C1165,2025-05-30,Downtown,Espresso Drinks,Americano,1,4.2,Card,,4.2,May,Friday
ORD12190,C1494,2025-08-26,Downtown,Espresso Drinks,Latte,1,5.05,Mobile Pay,3.0,5.05,August,Tuesday
ORD12191,C1115,2025-03-08,Riverside,Food,Bagel,1,8.43,Mobile Pay,3.0,8.43,March,Saturday
ORD12192,C1092,2025-02-22,University Ave,Brewed Coffee,Pour Over,1,4.15,Card,,4.15,February,Saturday
ORD12193,C1502,2025-09-24,Downtown,Tea,Green Tea,3,4.7,Card,3.0,14.1,September,Wednesday
ORD12194,C1316,2025-01-24,Downtown,Tea,Green Tea,1,4.53,Card,3.0,4.53,January,Friday
ORD12195,C1453,2025-06-13,University Ave,Brewed Coffee,Cold Brew,1,3.07,Mobile Pay,4.0,3.07,June,Friday
ORD12196,C1203,2025-04-26,Downtown,Brewed Coffee,Cold Brew,2,2.98,Mobile Pay,,5.96,April,Saturday
ORD12197,C1604,2025-01-06,University Ave,Tea,Herbal Tea,1,4.6,Gift Card,,4.6,January,Monday
ORD12198,C1438,2025-07-13,Downtown,Pastries,Croissant,1,3.87,Card,2.0,3.87,July,Sunday
ORD12199,C1455,2025-12-17,Downtown,Espresso Drinks,Cappuccino,3,5.51,Gift Card,3.0,16.53,December,Wednesday
ORD12200,C1178,2025-01-26,Downtown,Brewed Coffee,Cold Brew,1,2.88,Mobile Pay,4.0,2.88,January,Sunday
ORD12201,C1258,2025-10-24,Riverside,Food,Avocado Toast,2,7.86,Mobile Pay,,15.72,October,Friday
ORD12202,C1311,2025-07-16,Downtown,Brewed Coffee,Cold Brew,1,3.98,Gift Card,,3.98,July,Wednesday
ORD12203,C1343,2025-09-21,Downtown,Espresso Drinks,Latte,1,4.41,Card,,4.41,September,Sunday
ORD12204,C1180,2025-02-05,Downtown,Espresso Drinks,Cappuccino,2,4.24,Mobile Pay,,8.48,February,Wednesday
ORD12205,C1464,2025-11-13,University Ave,Pastries,Cinnamon Roll,1,2.79,Card,5.0,2.79,November,Thursday
ORD12206,C1597,2025-01-05,Downtown,Espresso Drinks,Flat White,2,5.36,Card,4.0,10.72,January,Sunday
ORD12207,C1258,2025-11-27,Riverside,Brewed Coffee,Pour Over,1,3.57,Card,4.0,3.57,November,Thursday
ORD12208,C1112,2025-08-28,University Ave,Brewed Coffee,Drip Coffee,2,3.24,Card,,6.48,August,Thursday
ORD12209,C1101,2025-05-03,Downtown,Espresso Drinks,Americano,1,4.51,Card,3.0,4.51,May,Saturday
ORD12210,C1302,2025-01-03,Downtown,Pastries,Scone,2,3.32,Mobile Pay,,6.64,January,Friday
ORD12211,C1430,2025-08-11,University Ave,Pastries,Scone,2,4.26,Card,5.0,8.52,August,Monday
ORD12212,C1545,2025-02-01,Riverside,Brewed Coffee,Pour Over,1,2.8,Gift Card,5.0,2.8,February,Saturday
ORD12213,C1075,2025-08-10,University Ave,Espresso Drinks,Espresso Shot,1,4.6,Card,,4.6,August,Sunday
ORD12214,C1184,2025-10-09,Riverside,Espresso Drinks,Espresso Shot,1,4.88,Card,,4.88,October,Thursday
ORD12215,C1439,2025-04-08,Riverside,Food,Breakfast Sandwich,1,8.46,Gift Card,3.0,8.46,April,Tuesday
ORD12216,C1346,2025-03-28,Downtown,Espresso Drinks,Latte,1,4.52,Card,,4.52,March,Friday
ORD12217,C1390,2025-03-22,University Ave,Espresso Drinks,Americano,1,5.7,Card,,5.7,March,Saturday
ORD12218,C1004,2025-03-23,Downtown,Pastries,Cinnamon Roll,2,2.96,Mobile Pay,3.0,5.92,March,Sunday
ORD12219,C1033,2025-02-11,Downtown,Pastries,Cinnamon Roll,2,4.42,Mobile Pay,,8.84,February,Tuesday
ORD12220,C1205,2025-04-01,Downtown,Espresso Drinks,Cappuccino,3,5.09,Card,3.0,15.27,April,Tuesday
ORD12221,C1234,2025-08-28,Riverside,Brewed Coffee,Cold Brew,3,3.61,Card,,10.83,August,Thursday
ORD12222,C1064,2025-04-21,Riverside,Tea,Chai Latte,1,4.5,Card,4.0,4.5,April,Monday
ORD12223,C1618,2025-10-12,University Ave,Espresso Drinks,Espresso Shot,2,4.83,Card,4.0,9.66,October,Sunday
ORD12224,C1207,2025-10-26,Downtown,Food,Avocado Toast,3,8.35,Cash,4.0,25.05,October,Sunday
ORD12225,C1583,2025-10-04,Riverside,Brewed Coffee,Pour Over,2,3.54,Mobile Pay,,7.08,October,Saturday
ORD12226,C1517,2025-07-16,Downtown,Espresso Drinks,Cappuccino,2,4.5,Card,,9.0,July,Wednesday
ORD12227,C1223,2025-04-26,Downtown,Espresso Drinks,Americano,2,5.5,Cash,2.0,11.0,April,Saturday
ORD12228,C1634,2025-12-05,University Ave,Tea,Herbal Tea,1,3.87,Card,3.0,3.87,December,Friday
ORD12229,C1117,2025-03-16,Downtown,Espresso Drinks,Latte,1,4.98,Mobile Pay,,4.98,March,Sunday
ORD12230,C1369,2025-06-19,Riverside,Espresso Drinks,Americano,1,4.58,Card,5.0,4.58,June,Thursday
ORD12231,C1586,2025-06-15,Riverside,Brewed Coffee,Pour Over,2,3.9,Cash,5.0,7.8,June,Sunday
ORD12232,C1409,2025-09-29,University Ave,Pastries,Cinnamon Roll,1,2.63,Card,3.0,2.63,September,Monday
ORD12233,C1337,2025-07-19,Riverside,Pastries,Scone,1,2.82,Cash,4.0,2.82,July,Saturday
ORD12234,C1456,2025-10-19,Downtown,Brewed Coffee,Drip Coffee,3,2.91,Gift Card,,8.73,October,Sunday
ORD12235,C1440,2025-12-01,Riverside,Brewed Coffee,Cold Brew,3,3.0,Mobile Pay,3.0,9.0,December,Monday
ORD12236,C1559,2025-05-23,Downtown,Espresso Drinks,Cappuccino,1,4.01,Card,,4.01,May,Friday
ORD12237,C1155,2025-11-15,Downtown,Espresso Drinks,Cappuccino,2,4.43,Card,,8.86,November,Saturday
ORD12238,C1313,2025-03-03,University Ave,Espresso Drinks,Americano,2,4.72,Card,4.0,9.44,March,Monday
ORD12239,C1210,2025-11-30,Riverside,Espresso Drinks,Americano,1,4.41,Mobile Pay,,4.41,November,Sunday
ORD12240,C1524,2025-03-06,University Ave,Espresso Drinks,Latte,1,5.09,Mobile Pay,4.0,5.09,March,Thursday
ORD12241,C1195,2025-11-06,University Ave,Espresso Drinks,Americano,2,4.23,Card,,8.46,November,Thursday
ORD12242,C1060,2025-05-23,Riverside,Tea,Green Tea,1,3.53,Card,,3.53,May,Friday
ORD12243,C1633,2025-12-18,Downtown,Pastries,Croissant,1,4.25,Card,4.0,4.25,December,Thursday
ORD12244,C1328,2025-02-17,Riverside,Espresso Drinks,Flat White,1,4.47,Gift Card,,4.47,February,Monday
ORD12245,C1646,2025-06-19,Riverside,Pastries,Muffin,2,2.78,Mobile Pay,,5.56,June,Thursday
ORD12246,C1024,2025-11-25,Riverside,Brewed Coffee,Drip Coffee,1,3.48,Card,,3.48,November,Tuesday
ORD12247,C1580,2025-01-18,University Ave,Food,Bagel,1,8.16,Card,3.0,8.16,January,Saturday
ORD12248,C1257,2025-04-07,Riverside,Brewed Coffee,Cold Brew,3,3.37,Card,4.0,10.11,April,Monday
ORD12249,C1313,2025-01-31,Downtown,Tea,Herbal Tea,3,4.27,Mobile Pay,,12.81,January,Friday
ORD12250,C1534,2025-04-27,Riverside,Brewed Coffee,Cold Brew,1,3.63,Mobile Pay,4.0,3.63,April,Sunday
ORD12251,C1016,2025-05-23,Riverside,Pastries,Scone,1,4.39,Card,,4.39,May,Friday
ORD12252,C1518,2025-08-14,Downtown,Food,Bagel,2,6.79,Cash,,13.58,August,Thursday
ORD12253,C1180,2025-04-04,Riverside,Espresso Drinks,Cappuccino,2,4.33,Card,,8.66,April,Friday
ORD12254,C1183,2025-02-27,Riverside,Espresso Drinks,Latte,1,5.68,Card,,5.68,February,Thursday
ORD12255,C1520,2025-03-03,University Ave,Pastries,Scone,1,4.26,Gift Card,4.0,4.26,March,Monday
ORD12256,C1340,2025-12-08,University Ave,Brewed Coffee,Pour Over,2,3.64,Card,,7.28,December,Monday
ORD12257,C1112,2025-12-13,Downtown,Brewed Coffee,Pour Over,3,4.11,Card,4.0,12.33,December,Saturday
ORD12258,C1091,2025-03-22,Downtown,Espresso Drinks,Americano,2,3.91,Mobile Pay,,7.82,March,Saturday
ORD12259,C1438,2025-03-13,Downtown,Espresso Drinks,Americano,3,5.1,Card,4.0,15.3,March,Thursday
ORD12260,C1419,2025-01-20,Riverside,Espresso Drinks,Americano,1,5.35,Card,3.0,5.35,January,Monday
ORD12261,C1505,2025-12-16,Riverside,Pastries,Scone,1,3.33,Card,,3.33,December,Tuesday
ORD12262,C1626,2025-09-15,Downtown,Brewed Coffee,Pour Over,1,3.89,Card,,3.89,September,Monday
ORD12263,C1011,2025-10-04,University Ave,Espresso Drinks,Espresso Shot,1,4.75,Card,,4.75,October,Saturday
ORD12264,C1257,2025-04-16,Downtown,Food,Bagel,1,6.64,Mobile Pay,4.0,6.64,April,Wednesday
ORD12265,C1277,2025-08-22,Riverside,Pastries,Croissant,1,3.68,Cash,,3.68,August,Friday
ORD12266,C1625,2025-01-22,Downtown,Espresso Drinks,Latte,1,4.58,Card,,4.58,January,Wednesday
ORD12267,C1426,2025-09-04,Riverside,Brewed Coffee,Drip Coffee,1,3.41,Card,,3.41,September,Thursday
ORD12268,C1348,2025-07-30,Riverside,Espresso Drinks,Latte,1,5.37,Card,,5.37,July,Wednesday
ORD12269,C1026,2025-05-01,Downtown,Brewed Coffee,Pour Over,3,3.07,Cash,,9.21,May,Thursday
ORD12270,C1253,2025-09-16,Downtown,Espresso Drinks,Espresso Shot,3,4.02,Card,3.0,12.06,September,Tuesday
ORD12271,C1116,2025-08-24,University Ave,Food,Bagel,1,7.33,Mobile Pay,5.0,7.33,August,Sunday
ORD12272,C1297,2025-06-09,Downtown,Food,Avocado Toast,1,7.59,Card,,7.59,June,Monday
ORD12273,C1547,2025-03-09,University Ave,Food,Bagel,2,6.76,Gift Card,4.0,13.52,March,Sunday
ORD12274,C1644,2025-01-09,Downtown,Food,Avocado Toast,1,6.57,Mobile Pay,2.0,6.57,January,Thursday
ORD12275,C1006,2025-12-08,Downtown,Brewed Coffee,Cold Brew,1,4.09,Card,,4.09,December,Monday
ORD12276,C1468,2025-04-13,Downtown,Pastries,Cinnamon Roll,1,3.4,Mobile Pay,,3.4,April,Sunday
ORD12277,C1298,2025-04-20,Riverside,Espresso Drinks,Flat White,3,4.31,Card,3.0,12.93,April,Sunday
ORD12278,C1464,2025-09-05,Downtown,Espresso Drinks,Americano,2,4.69,Cash,2.0,9.38,September,Friday
ORD12279,C1455,2025-04-03,Riverside,Brewed Coffee,Drip Coffee,2,3.08,Card,,6.16,April,Thursday
ORD12280,C1359,2025-05-17,Downtown,Espresso Drinks,Cappuccino,3,3.83,Card,,11.49,May,Saturday
ORD12281,C1095,2025-09-16,Downtown,Espresso Drinks,Flat White,1,4.74,Cash,3.0,4.74,September,Tuesday
ORD12282,C1177,2025-08-05,University Ave,Brewed Coffee,Cold Brew,1,2.99,Card,,2.99,August,Tuesday
ORD12283,C1047,2025-08-27,Riverside,Espresso Drinks,Espresso Shot,1,4.5,Card,,4.5,August,Wednesday
ORD12284,C1276,2025-01-02,Downtown,Pastries,Croissant,1,3.35,Cash,4.0,3.35,January,Thursday
ORD12285,C1322,2025-06-14,University Ave,Espresso Drinks,Cappuccino,2,5.53,Card,,11.06,June,Saturday
ORD12286,C1076,2025-06-22,University Ave,Espresso Drinks,Espresso Shot,1,4.22,Mobile Pay,,4.22,June,Sunday
ORD12287,C1212,2025-08-19,Riverside,Espresso Drinks,Espresso Shot,1,5.4,Card,,5.4,August,Tuesday
ORD12288,C1056,2025-02-25,University Ave,Brewed Coffee,Drip Coffee,2,3.97,Cash,5.0,7.94,February,Tuesday
ORD12289,C1527,2025-02-28,University Ave,Tea,Chai Latte,2,4.42,Card,3.0,8.84,February,Friday
ORD12290,C1396,2025-10-05,Downtown,Espresso Drinks,Flat White,1,5.42,Cash,,5.42,October,Sunday
ORD12291,C1436,2025-09-03,Downtown,Espresso Drinks,Latte,1,4.56,Cash,,4.56,September,Wednesday
ORD12292,C1021,2025-10-23,Downtown,Food,Breakfast Sandwich,2,6.78,Mobile Pay,4.0,13.56,October,Thursday
ORD12293,C1454,2025-04-09,Riverside,Espresso Drinks,Cappuccino,1,3.8,Card,,3.8,April,Wednesday
ORD12294,C1498,2025-12-30,University Ave,Espresso Drinks,Latte,1,4.12,Gift Card,,4.12,December,Tuesday
ORD12295,C1044,2025-04-10,University Ave,Pastries,Croissant,3,2.58,Card,4.0,7.74,April,Thursday
ORD12296,C1056,2025-08-25,Riverside,Espresso Drinks,Espresso Shot,1,4.05,Gift Card,5.0,4.05,August,Monday
ORD12297,C1578,2025-03-01,Downtown,Espresso Drinks,Espresso Shot,1,5.26,Card,4.0,5.26,March,Saturday
ORD12298,C1219,2025-12-01,Riverside,Tea,Chai Latte,1,3.86,Gift Card,,3.86,December,Monday
ORD12299,C1587,2025-05-01,University Ave,Espresso Drinks,Espresso Shot,3,5.53,Card,5.0,16.59,May,Thursday
ORD12300,C1341,2025-10-20,Downtown,Brewed Coffee,Pour Over,2,4.08,Mobile Pay,,8.16,October,Monday
ORD12301,C1218,2025-05-01,Riverside,Tea,Herbal Tea,1,3.74,Cash,3.0,3.74,May,Thursday
ORD12302,C1557,2025-10-15,Riverside,Tea,Chai Latte,2,4.01,Card,,8.02,October,Wednesday
ORD12303,C1267,2025-06-15,Riverside,Brewed Coffee,Cold Brew,1,4.11,Mobile Pay,,4.11,June,Sunday
ORD12304,C1156,2025-01-23,Downtown,Espresso Drinks,Latte,3,5.08,Card,5.0,15.24,January,Thursday
ORD12305,C1582,2025-03-11,Downtown,Espresso Drinks,Latte,2,5.36,Mobile Pay,3.0,10.72,March,Tuesday
ORD12306,C1072,2025-09-06,Riverside,Espresso Drinks,Cappuccino,1,4.99,Cash,4.0,4.99,September,Saturday
ORD12307,C1184,2025-03-12,Riverside,Brewed Coffee,Pour Over,2,3.46,Cash,,6.92,March,Wednesday
ORD12308,C1106,2025-04-11,Downtown,Pastries,Cinnamon Roll,2,3.26,Cash,4.0,6.52,April,Friday
ORD12309,C1406,2025-07-17,Downtown,Pastries,Cinnamon Roll,3,4.18,Gift Card,,12.54,July,Thursday
ORD12310,C1591,2025-04-03,University Ave,Pastries,Muffin,3,2.74,Card,4.0,8.22,April,Thursday
ORD12311,C1390,2025-02-16,Downtown,Brewed Coffee,Pour Over,1,2.77,Cash,,2.77,February,Sunday
ORD12312,C1353,2025-08-16,Downtown,Espresso Drinks,Espresso Shot,1,5.0,Cash,5.0,5.0,August,Saturday
ORD12313,C1312,2025-09-08,Downtown,Espresso Drinks,Latte,2,5.51,Gift Card,4.0,11.02,September,Monday
ORD12314,C1056,2025-09-24,University Ave,Food,Bagel,2,6.2,Card,,12.4,September,Wednesday
ORD12315,C1041,2025-12-10,Downtown,Espresso Drinks,Flat White,1,5.1,Card,,5.1,December,Wednesday
ORD12316,C1498,2025-02-15,Downtown,Food,Avocado Toast,1,8.21,Cash,,8.21,February,Saturday
ORD12317,C1059,2025-06-05,Downtown,Tea,Green Tea,1,4.2,Card,4.0,4.2,June,Thursday
ORD12318,C1278,2025-03-27,Downtown,Espresso Drinks,Latte,1,3.91,Cash,5.0,3.91,March,Thursday
ORD12319,C1637,2025-11-25,Downtown,Espresso Drinks,Americano,3,4.62,Card,3.0,13.86,November,Tuesday
ORD12320,C1286,2025-07-16,University Ave,Brewed Coffee,Cold Brew,2,3.41,Cash,,6.82,July,Wednesday
ORD12321,C1523,2025-02-05,Downtown,Tea,Green Tea,2,3.7,Card,3.0,7.4,February,Wednesday
ORD12322,C1500,2025-09-09,Downtown,Espresso Drinks,Flat White,2,4.89,Card,5.0,9.78,September,Tuesday
ORD12323,C1583,2025-01-16,Riverside,Espresso Drinks,Espresso Shot,2,3.94,Mobile Pay,3.0,7.88,January,Thursday
ORD12324,C1203,2025-04-10,Downtown,Brewed Coffee,Drip Coffee,1,3.28,Card,,3.28,April,Thursday
ORD12325,C1368,2025-09-20,University Ave,Brewed Coffee,Cold Brew,1,3.03,Mobile Pay,5.0,3.03,September,Saturday
ORD12326,C1411,2025-07-04,University Ave,Pastries,Cinnamon Roll,1,3.82,Gift Card,4.0,3.82,July,Friday
ORD12327,C1584,2025-10-05,University Ave,Brewed Coffee,Pour Over,1,2.78,Mobile Pay,3.0,2.78,October,Sunday
ORD12328,C1022,2025-07-27,University Ave,Espresso Drinks,Espresso Shot,3,4.11,Card,4.0,12.33,July,Sunday
ORD12329,C1529,2025-11-03,University Ave,Food,Bagel,1,7.02,Gift Card,,7.02,November,Monday
ORD12330,C1369,2025-07-24,University Ave,Espresso Drinks,Espresso Shot,2,4.32,Mobile Pay,4.0,8.64,July,Thursday
ORD12331,C1177,2025-01-21,Riverside,Pastries,Croissant,3,3.4,Mobile Pay,5.0,10.2,January,Tuesday
ORD12332,C1543,2025-01-26,Downtown,Pastries,Muffin,1,3.31,Mobile Pay,4.0,3.31,January,Sunday
ORD12333,C1643,2025-10-10,Downtown,Food,Bagel,1,6.46,Card,,6.46,October,Friday
ORD12334,C1546,2025-01-15,Downtown,Food,Bagel,2,8.25,Card,,16.5,January,Wednesday
ORD12335,C1511,2025-05-18,Riverside,Espresso Drinks,Americano,2,5.75,Card,2.0,11.5,May,Sunday
ORD12336,C1003,2025-01-06,Riverside,Tea,Herbal Tea,1,3.88,Card,,3.88,January,Monday
ORD12337,C1283,2025-04-21,Riverside,Espresso Drinks,Latte,2,3.84,Gift Card,,7.68,April,Monday
ORD12338,C1384,2025-08-05,University Ave,Espresso Drinks,Espresso Shot,2,5.05,Cash,,10.1,August,Tuesday
ORD12339,C1355,2025-03-04,Riverside,Espresso Drinks,Espresso Shot,3,4.22,Cash,,12.66,March,Tuesday
ORD12340,C1239,2025-06-19,University Ave,Food,Bagel,2,8.05,Card,,16.1,June,Thursday
ORD12341,C1440,2025-12-29,Riverside,Pastries,Muffin,1,4.41,Mobile Pay,5.0,4.41,December,Monday
ORD12342,C1284,2025-01-26,Downtown,Food,Breakfast Sandwich,3,6.94,Card,,20.82,January,Sunday
ORD12343,C1363,2025-01-24,University Ave,Food,Avocado Toast,3,7.35,Gift Card,4.0,22.05,January,Friday
ORD12344,C1028,2025-04-09,Downtown,Brewed Coffee,Pour Over,2,3.21,Cash,,6.42,April,Wednesday
ORD12345,C1183,2025-10-29,Riverside,Pastries,Cinnamon Roll,3,3.07,Mobile Pay,,9.21,October,Wednesday
ORD12346,C1352,2025-05-28,Downtown,Espresso Drinks,Espresso Shot,1,4.07,Cash,3.0,4.07,May,Wednesday
ORD12347,C1498,2025-08-21,Downtown,Espresso Drinks,Latte,3,4.25,Card,,12.75,August,Thursday
ORD12348,C1572,2025-01-13,Downtown,Brewed Coffee,Pour Over,2,3.32,Card,,6.64,January,Monday
ORD12349,C1546,2025-09-25,Riverside,Espresso Drinks,Latte,1,4.38,Gift Card,3.0,4.38,September,Thursday
ORD12350,C1287,2025-01-25,Downtown,Pastries,Scone,1,4.36,Mobile Pay,,4.36,January,Saturday
ORD12351,C1330,2025-09-17,Downtown,Pastries,Muffin,1,3.95,Cash,4.0,3.95,September,Wednesday
ORD12352,C1283,2025-02-23,University Ave,Brewed Coffee,Pour Over,2,3.9,Mobile Pay,4.0,7.8,February,Sunday
ORD12353,C1425,2025-11-09,Riverside,Espresso Drinks,Espresso Shot,1,4.74,Cash,,4.74,November,Sunday
ORD12354,C1320,2025-04-18,Downtown,Espresso Drinks,Espresso Shot,3,3.76,Mobile Pay,,11.28,April,Friday
ORD12355,C1011,2025-03-08,University Ave,Brewed Coffee,Pour Over,1,3.76,Card,4.0,3.76,March,Saturday
ORD12356,C1499,2025-05-03,University Ave,Pastries,Scone,2,3.31,Mobile Pay,3.0,6.62,May,Saturday
ORD12357,C1333,2025-01-01,University Ave,Espresso Drinks,Flat White,1,4.55,Card,3.0,4.55,January,Wednesday
ORD12358,C1488,2025-03-02,Downtown,Food,Breakfast Sandwich,1,6.86,Mobile Pay,3.0,6.86,March,Sunday
ORD12359,C1016,2025-08-06,Riverside,Food,Avocado Toast,1,8.34,Gift Card,,8.34,August,Wednesday
ORD12360,C1020,2025-04-20,University Ave,Espresso Drinks,Americano,3,4.26,Card,2.0,12.78,April,Sunday
ORD12361,C1383,2025-05-09,Downtown,Tea,Green Tea,2,3.42,Card,,6.84,May,Friday
ORD12362,C1644,2025-10-21,Downtown,Brewed Coffee,Cold Brew,2,3.4,Cash,,6.8,October,Tuesday
ORD12363,C1544,2025-02-15,University Ave,Pastries,Scone,2,3.27,Mobile Pay,3.0,6.54,February,Saturday
ORD12364,C1415,2025-05-25,University Ave,Pastries,Muffin,1,2.94,Mobile Pay,,2.94,May,Sunday
ORD12365,C1287,2025-03-09,Downtown,Espresso Drinks,Americano,1,4.24,Mobile Pay,,4.24,March,Sunday
ORD12366,C1619,2025-06-25,University Ave,Brewed Coffee,Pour Over,3,2.94,Mobile Pay,,8.82,June,Wednesday
ORD12367,C1151,2025-05-01,Downtown,Pastries,Croissant,2,2.96,Cash,,5.92,May,Thursday
ORD12368,C1419,2025-01-17,Riverside,Pastries,Scone,2,4.35,Mobile Pay,,8.7,January,Friday
ORD12369,C1101,2025-01-26,Downtown,Espresso Drinks,Flat White,1,4.09,Cash,4.0,4.09,January,Sunday
ORD12370,C1130,2025-11-07,Riverside,Espresso Drinks,Americano,2,5.17,Card,,10.34,November,Friday
ORD12371,C1011,2025-01-21,University Ave,Food,Avocado Toast,2,7.57,Mobile Pay,3.0,15.14,January,Tuesday
ORD12372,C1036,2025-10-12,Downtown,Tea,Green Tea,1,3.76,Card,4.0,3.76,October,Sunday
ORD12373,C1003,2025-11-30,University Ave,Pastries,Cinnamon Roll,3,3.1,Mobile Pay,3.0,9.3,November,Sunday
ORD12374,C1457,2025-06-19,Riverside,Pastries,Cinnamon Roll,1,4.32,Card,3.0,4.32,June,Thursday
ORD12375,C1101,2025-04-24,Downtown,Brewed Coffee,Pour Over,1,3.85,Mobile Pay,,3.85,April,Thursday
ORD12376,C1172,2025-10-10,Riverside,Brewed Coffee,Drip Coffee,1,3.61,Cash,2.0,3.61,October,Friday
ORD12377,C1602,2025-12-24,Downtown,Pastries,Croissant,2,3.68,Card,,7.36,December,Wednesday
ORD12378,C1620,2025-02-13,University Ave,Espresso Drinks,Cappuccino,1,5.33,Mobile Pay,,5.33,February,Thursday
ORD12379,C1438,2025-12-18,Downtown,Pastries,Muffin,3,2.54,Card,,7.62,December,Thursday
ORD12380,C1559,2025-12-10,Downtown,Brewed Coffee,Drip Coffee,2,3.75,Mobile Pay,,7.5,December,Wednesday
ORD12381,C1464,2025-02-21,University Ave,Espresso Drinks,Flat White,1,4.25,Card,,4.25,February,Friday
ORD12382,C1280,2025-01-20,Riverside,Espresso Drinks,Espresso Shot,2,4.48,Card,,8.96,January,Monday
ORD12383,C1149,2025-09-18,University Ave,Pastries,Muffin,2,3.19,Gift Card,,6.38,September,Thursday
ORD12384,C1247,2025-01-29,Riverside,Espresso Drinks,Latte,1,4.47,Card,2.0,4.47,January,Wednesday
ORD12385,C1445,2025-08-07,Riverside,Espresso Drinks,Americano,1,4.82,Gift Card,,4.82,August,Thursday
ORD12386,C1197,2025-01-24,Riverside,Tea,Herbal Tea,2,4.33,Card,5.0,8.66,January,Friday
ORD12387,C1220,2025-09-09,Downtown,Brewed Coffee,Drip Coffee,1,3.85,Card,5.0,3.85,September,Tuesday
ORD12388,C1260,2025-03-26,University Ave,Espresso Drinks,Latte,2,4.9,Card,5.0,9.8,March,Wednesday
ORD12389,C1560,2025-02-05,Riverside,Espresso Drinks,Cappuccino,1,4.82,Card,,4.82,February,Wednesday
ORD12390,C1438,2025-01-25,Downtown,Espresso Drinks,Flat White,2,3.8,Card,4.0,7.6,January,Saturday
ORD12391,C1000,2025-03-10,Riverside,Espresso Drinks,Latte,1,4.14,Card,3.0,4.14,March,Monday
ORD12392,C1641,2025-07-16,Riverside,Tea,Chai Latte,1,3.95,Card,,3.95,July,Wednesday
ORD12393,C1447,2025-01-28,Riverside,Tea,Chai Latte,2,4.57,Cash,4.0,9.14,January,Tuesday
ORD12394,C1050,2025-10-20,Riverside,Food,Bagel,1,5.96,Card,5.0,5.96,October,Monday
ORD12395,C1079,2025-08-08,University Ave,Food,Avocado Toast,3,8.09,Card,4.0,24.27,August,Friday
ORD12396,C1204,2025-04-19,Downtown,Espresso Drinks,Americano,1,4.81,Mobile Pay,,4.81,April,Saturday
ORD12397,C1486,2025-12-26,University Ave,Brewed Coffee,Pour Over,3,4.09,Mobile Pay,,12.27,December,Friday
ORD12398,C1319,2025-08-28,Downtown,Pastries,Croissant,2,3.57,Card,5.0,7.14,August,Thursday
ORD12399,C1081,2025-09-02,Downtown,Brewed Coffee,Pour Over,1,2.79,Card,5.0,2.79,September,Tuesday
ORD12400,C1428,2025-03-05,Downtown,Brewed Coffee,Pour Over,1,3.49,Card,3.0,3.49,March,Wednesday
ORD12401,C1190,2025-09-16,University Ave,Espresso Drinks,Espresso Shot,1,3.8,Card,5.0,3.8,September,Tuesday
ORD12402,C1246,2025-07-23,Downtown,Food,Bagel,1,6.93,Gift Card,,6.93,July,Wednesday
ORD12403,C1464,2025-12-25,Downtown,Pastries,Cinnamon Roll,2,3.65,Mobile Pay,,7.3,December,Thursday
ORD12404,C1402,2025-06-23,Riverside,Brewed Coffee,Pour Over,1,3.25,Mobile Pay,4.0,3.25,June,Monday
ORD12405,C1012,2025-09-04,Riverside,Brewed Coffee,Cold Brew,2,3.43,Mobile Pay,5.0,6.86,September,Thursday
ORD12406,C1241,2025-05-05,University Ave,Food,Breakfast Sandwich,2,7.85,Gift Card,,15.7,May,Monday
ORD12407,C1364,2025-01-15,Riverside,Brewed Coffee,Pour Over,1,4.14,Card,5.0,4.14,January,Wednesday
ORD12408,C1534,2025-02-16,Downtown,Brewed Coffee,Pour Over,1,3.47,Card,,3.47,February,Sunday
ORD12409,C1518,2025-11-12,University Ave,Pastries,Scone,2,3.57,Mobile Pay,2.0,7.14,November,Wednesday
ORD12410,C1431,2025-09-26,Riverside,Brewed Coffee,Cold Brew,3,4.07,Card,,12.21,September,Friday
ORD12411,C1453,2025-05-13,Downtown,Espresso Drinks,Latte,1,4.77,Mobile Pay,,4.77,May,Tuesday
ORD12412,C1346,2025-09-12,Downtown,Food,Bagel,2,8.25,Cash,,16.5,September,Friday
ORD12413,C1465,2025-01-02,Downtown,Espresso Drinks,Flat White,2,4.76,Card,5.0,9.52,January,Thursday
ORD12414,C1199,2025-01-14,Riverside,Pastries,Scone,2,3.92,Card,4.0,7.84,January,Tuesday
ORD12415,C1039,2025-07-04,Downtown,Espresso Drinks,Americano,1,5.28,Mobile Pay,2.0,5.28,July,Friday
ORD12416,C1237,2025-08-16,Riverside,Espresso Drinks,Flat White,3,5.38,Card,,16.14,August,Saturday
ORD12417,C1127,2025-12-08,Riverside,Tea,Green Tea,1,3.66,Cash,,3.66,December,Monday
ORD12418,C1036,2025-10-04,Riverside,Pastries,Croissant,1,4.28,Mobile Pay,,4.28,October,Saturday
ORD12419,C1489,2025-04-04,Riverside,Food,Breakfast Sandwich,1,8.11,Card,4.0,8.11,April,Friday
ORD12420,C1603,2025-10-24,University Ave,Food,Bagel,1,6.15,Mobile Pay,,6.15,October,Friday
ORD12421,C1624,2025-06-28,University Ave,Espresso Drinks,Latte,1,4.22,Cash,,4.22,June,Saturday
ORD12422,C1224,2025-10-28,Riverside,Espresso Drinks,Espresso Shot,1,5.43,Card,,5.43,October,Tuesday
ORD12423,C1036,2025-03-05,University Ave,Brewed Coffee,Pour Over,2,2.89,Mobile Pay,,5.78,March,Wednesday
ORD12424,C1483,2025-01-10,Downtown,Pastries,Croissant,1,3.69,Card,,3.69,January,Friday
ORD12425,C1335,2025-01-22,Riverside,Food,Avocado Toast,1,5.86,Mobile Pay,5.0,5.86,January,Wednesday
ORD12426,C1488,2025-12-27,Downtown,Food,Bagel,2,6.95,Gift Card,,13.9,December,Saturday
ORD12427,C1240,2025-01-30,University Ave,Brewed Coffee,Cold Brew,1,3.88,Mobile Pay,3.0,3.88,January,Thursday
ORD12428,C1623,2025-12-08,University Ave,Espresso Drinks,Espresso Shot,2,4.12,Mobile Pay,,8.24,December,Monday
ORD12429,C1072,2025-09-22,Downtown,Pastries,Croissant,2,3.84,Card,,7.68,September,Monday
ORD12430,C1544,2025-02-23,Riverside,Espresso Drinks,Flat White,1,5.19,Card,4.0,5.19,February,Sunday
ORD12431,C1305,2025-11-11,Riverside,Espresso Drinks,Latte,2,4.16,Card,,8.32,November,Tuesday
ORD12432,C1127,2025-02-22,Riverside,Brewed Coffee,Pour Over,1,4.08,Mobile Pay,,4.08,February,Saturday
ORD12433,C1251,2025-02-22,Riverside,Espresso Drinks,Espresso Shot,2,5.06,Cash,4.0,10.12,February,Saturday
ORD12434,C1225,2025-07-29,University Ave,Food,Breakfast Sandwich,1,5.78,Mobile Pay,5.0,5.78,July,Tuesday
ORD12435,C1629,2025-04-15,Riverside,Brewed Coffee,Pour Over,2,3.44,Cash,,6.88,April,Tuesday
ORD12436,C1230,2025-04-16,Riverside,Food,Avocado Toast,2,6.13,Card,,12.26,April,Wednesday
ORD12437,C1274,2025-03-12,Riverside,Tea,Herbal Tea,2,4.58,Card,5.0,9.16,March,Wednesday
ORD12438,C1193,2025-08-10,Downtown,Espresso Drinks,Flat White,2,5.21,Mobile Pay,,10.42,August,Sunday
ORD12439,C1212,2025-01-10,Downtown,Tea,Chai Latte,3,3.81,Gift Card,,11.43,January,Friday
ORD12440,C1571,2025-03-31,Downtown,Tea,Green Tea,2,4.26,Mobile Pay,4.0,8.52,March,Monday
ORD12441,C1017,2025-07-21,Downtown,Food,Bagel,2,6.83,Mobile Pay,5.0,13.66,July,Monday
ORD12442,C1116,2025-06-27,Downtown,Espresso Drinks,Americano,1,4.21,Mobile Pay,,4.21,June,Friday
ORD12443,C1608,2025-09-12,University Ave,Brewed Coffee,Pour Over,1,3.33,Mobile Pay,,3.33,September,Friday
ORD12444,C1082,2025-03-20,Downtown,Brewed Coffee,Cold Brew,2,4.23,Cash,,8.46,March,Thursday
ORD12445,C1019,2025-08-24,University Ave,Food,Bagel,2,7.18,Card,3.0,14.36,August,Sunday
ORD12446,C1486,2025-10-04,University Ave,Espresso Drinks,Flat White,2,3.83,Card,4.0,7.66,October,Saturday
ORD12447,C1289,2025-05-22,Downtown,Espresso Drinks,Flat White,1,4.92,Card,3.0,4.92,May,Thursday
ORD12448,C1375,2025-04-04,University Ave,Tea,Herbal Tea,2,4.63,Card,,9.26,April,Friday
ORD12449,C1300,2025-07-22,University Ave,Brewed Coffee,Cold Brew,3,3.98,Card,5.0,11.94,July,Tuesday
ORD12450,C1390,2025-07-30,Downtown,Brewed Coffee,Pour Over,1,2.91,Card,4.0,2.91,July,Wednesday
ORD12451,C1346,2025-02-04,University Ave,Espresso Drinks,Cappuccino,1,4.42,Mobile Pay,4.0,4.42,February,Tuesday
ORD12452,C1527,2025-07-25,University Ave,Espresso Drinks,Latte,2,4.42,Card,,8.84,July,Friday
ORD12453,C1044,2025-02-26,Downtown,Brewed Coffee,Drip Coffee,1,3.19,Mobile Pay,,3.19,February,Wednesday
ORD12454,C1433,2025-07-27,Downtown,Espresso Drinks,Cappuccino,1,4.01,Gift Card,,4.01,July,Sunday
ORD12455,C1502,2025-12-06,Downtown,Brewed Coffee,Pour Over,1,2.78,Mobile Pay,4.0,2.78,December,Saturday
ORD12456,C1085,2025-07-15,University Ave,Espresso Drinks,Cappuccino,1,5.05,Card,,5.05,July,Tuesday
ORD12457,C1021,2025-10-05,University Ave,Espresso Drinks,Cappuccino,2,4.33,Card,,8.66,October,Sunday
ORD12458,C1044,2025-04-23,Riverside,Pastries,Muffin,1,4.31,Gift Card,,4.31,April,Wednesday
ORD12459,C1251,2025-12-02,Riverside,Espresso Drinks,Flat White,1,4.88,Cash,4.0,4.88,December,Tuesday
ORD12460,C1572,2025-10-23,Riverside,Brewed Coffee,Drip Coffee,1,3.98,Mobile Pay,3.0,3.98,October,Thursday
ORD12461,C1511,2025-11-30,Riverside,Food,Bagel,2,8.31,Gift Card,4.0,16.62,November,Sunday
ORD12462,C1052,2025-09-27,Downtown,Pastries,Scone,1,3.47,Mobile Pay,3.0,3.47,September,Saturday
ORD12463,C1225,2025-08-25,University Ave,Pastries,Scone,2,4.06,Mobile Pay,,8.12,August,Monday
ORD12464,C1197,2025-07-11,Downtown,Espresso Drinks,Flat White,1,5.26,Card,,5.26,July,Friday
ORD12465,C1117,2025-12-04,University Ave,Brewed Coffee,Drip Coffee,2,3.82,Mobile Pay,,7.64,December,Thursday
ORD12466,C1423,2025-11-05,Downtown,Brewed Coffee,Drip Coffee,2,3.25,Mobile Pay,3.0,6.5,November,Wednesday
ORD12467,C1136,2025-06-01,University Ave,Brewed Coffee,Drip Coffee,1,3.41,Mobile Pay,2.0,3.41,June,Sunday
ORD12468,C1606,2025-02-01,Downtown,Pastries,Cinnamon Roll,2,2.53,Card,,5.06,February,Saturday
ORD12469,C1471,2025-01-02,Downtown,Pastries,Muffin,1,4.08,Card,,4.08,January,Thursday
ORD12470,C1598,2025-03-26,Downtown,Espresso Drinks,Cappuccino,3,4.57,Card,,13.71,March,Wednesday
ORD12471,C1334,2025-01-23,University Ave,Food,Avocado Toast,1,6.32,Cash,1.0,6.32,January,Thursday
ORD12472,C1624,2025-03-18,University Ave,Espresso Drinks,Americano,1,5.05,Card,,5.05,March,Tuesday
ORD12473,C1279,2025-02-09,Downtown,Tea,Herbal Tea,1,3.99,Card,5.0,3.99,February,Sunday
ORD12474,C1059,2025-12-24,University Ave,Pastries,Scone,2,3.92,Mobile Pay,3.0,7.84,December,Wednesday
ORD12475,C1571,2025-02-04,Downtown,Espresso Drinks,Espresso Shot,2,5.0,Card,,10.0,February,Tuesday
ORD12476,C1278,2025-08-17,Riverside,Pastries,Cinnamon Roll,1,2.62,Card,,2.62,August,Sunday
ORD12477,C1327,2025-05-09,Riverside,Tea,Herbal Tea,1,4.03,Mobile Pay,,4.03,May,Friday
ORD12478,C1626,2025-03-05,Riverside,Espresso Drinks,Cappuccino,3,4.69,Cash,3.0,14.07,March,Wednesday
ORD12479,C1098,2025-09-13,University Ave,Brewed Coffee,Cold Brew,2,3.99,Gift Card,,7.98,September,Saturday
ORD12480,C1394,2025-12-20,Downtown,Brewed Coffee,Drip Coffee,2,3.31,Mobile Pay,4.0,6.62,December,Saturday
ORD12481,C1009,2025-10-15,Riverside,Espresso Drinks,Espresso Shot,3,5.53,Cash,5.0,16.59,October,Wednesday
ORD12482,C1004,2025-12-21,Riverside,Espresso Drinks,Flat White,1,4.05,Card,4.0,4.05,December,Sunday
ORD12483,C1023,2025-08-03,University Ave,Espresso Drinks,Latte,1,4.71,Cash,,4.71,August,Sunday
ORD12484,C1519,2025-09-03,Riverside,Espresso Drinks,Espresso Shot,1,4.2,Card,,4.2,September,Wednesday
ORD12485,C1585,2025-02-23,Downtown,Food,Bagel,3,5.71,Card,,17.13,February,Sunday
ORD12486,C1164,2025-11-07,Riverside,Pastries,Muffin,1,4.04,Card,,4.04,November,Friday
ORD12487,C1449,2025-09-30,Downtown,Pastries,Muffin,2,3.85,Cash,4.0,7.7,September,Tuesday
ORD12488,C1134,2025-04-03,University Ave,Espresso Drinks,Latte,3,5.73,Card,4.0,17.19,April,Thursday
ORD12489,C1432,2025-05-10,Downtown,Espresso Drinks,Americano,1,5.38,Card,,5.38,May,Saturday
ORD12490,C1601,2025-08-11,Riverside,Tea,Chai Latte,1,3.65,Card,5.0,3.65,August,Monday
ORD12491,C1065,2025-01-05,Downtown,Brewed Coffee,Drip Coffee,1,3.48,Card,5.0,3.48,January,Sunday
ORD12492,C1578,2025-10-25,Riverside,Espresso Drinks,Cappuccino,1,4.09,Card,,4.09,October,Saturday
ORD12493,C1063,2025-04-13,Riverside,Espresso Drinks,Cappuccino,1,3.77,Card,,3.77,April,Sunday
ORD12494,C1346,2025-01-28,Riverside,Brewed Coffee,Drip Coffee,1,2.83,Cash,,2.83,January,Tuesday
ORD12495,C1643,2025-05-01,Riverside,Espresso Drinks,Flat White,1,4.27,Gift Card,,4.27,May,Thursday
ORD12496,C1103,2025-11-01,Riverside,Pastries,Scone,3,3.59,Mobile Pay,2.0,10.77,November,Saturday
ORD12497,C1598,2025-04-10,Downtown,Brewed Coffee,Pour Over,3,3.93,Mobile Pay,4.0,11.79,April,Thursday
ORD12498,C1545,2025-07-16,University Ave,Pastries,Croissant,2,2.71,Gift Card,3.0,5.42,July,Wednesday
ORD12499,C1226,2025-10-23,University Ave,Brewed Coffee,Cold Brew,2,3.14,Card,4.0,6.28,October,Thursday
ORD12500,C1180,2025-01-13,Downtown,Espresso Drinks,Americano,2,4.27,Cash,1.0,8.54,January,Monday
ORD12501,C1293,2025-10-04,University Ave,Brewed Coffee,Pour Over,1,3.13,Card,,3.13,October,Saturday
ORD12502,C1496,2025-04-16,Downtown,Food,Avocado Toast,2,6.68,Card,3.0,13.36,April,Wednesday
ORD12503,C1363,2025-09-11,University Ave,Espresso Drinks,Latte,2,5.17,Card,,10.34,September,Thursday
ORD12504,C1411,2025-03-10,University Ave,Brewed Coffee,Cold Brew,2,3.42,Card,,6.84,March,Monday
ORD12505,C1614,2025-02-20,Riverside,Tea,Green Tea,2,4.4,Card,5.0,8.8,February,Thursday
ORD12506,C1142,2025-10-14,Downtown,Espresso Drinks,Espresso Shot,1,5.59,Mobile Pay,,5.59,October,Tuesday
ORD12507,C1461,2025-10-22,Downtown,Pastries,Croissant,1,3.0,Gift Card,3.0,3.0,October,Wednesday
ORD12508,C1385,2025-12-24,Downtown,Espresso Drinks,Espresso Shot,1,5.02,Card,4.0,5.02,December,Wednesday
ORD12509,C1584,2025-09-04,Downtown,Brewed Coffee,Drip Coffee,1,3.94,Cash,4.0,3.94,September,Thursday
ORD12510,C1141,2025-06-19,University Ave,Brewed Coffee,Pour Over,2,4.01,Card,,8.02,June,Thursday
ORD12511,C1268,2025-03-12,Riverside,Tea,Herbal Tea,2,3.61,Mobile Pay,4.0,7.22,March,Wednesday
ORD12512,C1487,2025-04-18,Downtown,Pastries,Cinnamon Roll,1,3.26,Card,,3.26,April,Friday
ORD12513,C1388,2025-08-24,Downtown,Espresso Drinks,Latte,2,4.04,Card,,8.08,August,Sunday
ORD12514,C1387,2025-05-06,Downtown,Brewed Coffee,Drip Coffee,2,3.09,Mobile Pay,3.0,6.18,May,Tuesday
ORD12515,C1418,2025-06-25,Downtown,Food,Breakfast Sandwich,1,7.72,Card,3.0,7.72,June,Wednesday
ORD12516,C1069,2025-03-03,Riverside,Brewed Coffee,Cold Brew,1,3.01,Card,4.0,3.01,March,Monday
ORD12517,C1329,2025-06-09,Downtown,Brewed Coffee,Cold Brew,1,2.94,Card,3.0,2.94,June,Monday
ORD12518,C1016,2025-03-28,Downtown,Espresso Drinks,Latte,1,3.76,Card,4.0,3.76,March,Friday
ORD12519,C1358,2025-02-10,University Ave,Tea,Chai Latte,2,3.93,Card,2.0,7.86,February,Monday
ORD12520,C1257,2025-02-18,Downtown,Brewed Coffee,Pour Over,2,3.23,Gift Card,,6.46,February,Tuesday
ORD12521,C1403,2025-07-08,Downtown,Espresso Drinks,Americano,1,5.0,Mobile Pay,3.0,5.0,July,Tuesday
ORD12522,C1247,2025-05-14,Riverside,Food,Bagel,3,5.79,Mobile Pay,,17.37,May,Wednesday
ORD12523,C1618,2025-02-06,Riverside,Pastries,Croissant,1,2.72,Card,4.0,2.72,February,Thursday
ORD12524,C1354,2025-07-07,Downtown,Espresso Drinks,Latte,2,5.55,Card,5.0,11.1,July,Monday
ORD12525,C1479,2025-03-01,University Ave,Espresso Drinks,Cappuccino,1,5.11,Card,,5.11,March,Saturday
ORD12526,C1649,2025-01-06,Downtown,Pastries,Scone,1,3.52,Card,4.0,3.52,January,Monday
ORD12527,C1170,2025-02-18,Downtown,Brewed Coffee,Drip Coffee,3,3.16,Card,,9.48,February,Tuesday
ORD12528,C1448,2025-06-13,Riverside,Brewed Coffee,Cold Brew,2,3.3,Mobile Pay,,6.6,June,Friday
ORD12529,C1385,2025-12-14,University Ave,Espresso Drinks,Americano,3,4.89,Card,5.0,14.67,December,Sunday
ORD12530,C1446,2025-03-29,Downtown,Espresso Drinks,Cappuccino,1,4.87,Card,,4.87,March,Saturday
ORD12531,C1402,2025-04-14,Downtown,Brewed Coffee,Cold Brew,2,4.12,Mobile Pay,,8.24,April,Monday
ORD12532,C1041,2025-03-30,Downtown,Brewed Coffee,Cold Brew,3,3.32,Card,,9.96,March,Sunday
ORD12533,C1539,2025-05-10,University Ave,Brewed Coffee,Drip Coffee,1,3.5,Card,5.0,3.5,May,Saturday
ORD12534,C1434,2025-09-19,Downtown,Brewed Coffee,Drip Coffee,2,3.22,Card,,6.44,September,Friday
ORD12535,C1091,2025-04-28,University Ave,Espresso Drinks,Espresso Shot,1,5.51,Card,5.0,5.51,April,Monday
ORD12536,C1036,2025-08-28,Downtown,Pastries,Muffin,1,2.9,Card,1.0,2.9,August,Thursday
ORD12537,C1115,2025-11-23,Riverside,Espresso Drinks,Flat White,1,4.29,Mobile Pay,,4.29,November,Sunday
ORD12538,C1023,2025-12-11,Downtown,Brewed Coffee,Drip Coffee,2,4.21,Mobile Pay,,8.42,December,Thursday
ORD12539,C1450,2025-07-24,Downtown,Brewed Coffee,Drip Coffee,1,3.08,Card,3.0,3.08,July,Thursday
ORD12540,C1091,2025-09-17,Downtown,Brewed Coffee,Pour Over,1,3.97,Cash,3.0,3.97,September,Wednesday
ORD12541,C1160,2025-12-01,Downtown,Pastries,Muffin,1,2.68,Cash,,2.68,December,Monday
ORD12542,C1057,2025-10-14,Downtown,Espresso Drinks,Cappuccino,2,5.53,Card,,11.06,October,Tuesday
ORD12543,C1188,2025-04-20,Downtown,Tea,Herbal Tea,1,3.94,Card,,3.94,April,Sunday
ORD12544,C1071,2025-02-18,Riverside,Food,Avocado Toast,3,7.12,Card,5.0,21.36,February,Tuesday
ORD12545,C1565,2025-02-11,Riverside,Espresso Drinks,Cappuccino,2,4.22,Card,,8.44,February,Tuesday
ORD12546,C1573,2025-11-18,Riverside,Brewed Coffee,Drip Coffee,1,3.17,Card,,3.17,November,Tuesday
ORD12547,C1050,2025-07-22,Riverside,Espresso Drinks,Cappuccino,2,5.13,Mobile Pay,,10.26,July,Tuesday
ORD12548,C1272,2025-04-18,University Ave,Espresso Drinks,Cappuccino,3,4.94,Mobile Pay,,14.82,April,Friday
ORD12549,C1147,2025-05-06,Riverside,Food,Bagel,2,7.54,Cash,,15.08,May,Tuesday
ORD12550,C1032,2025-04-13,Riverside,Brewed Coffee,Pour Over,2,3.09,Card,,6.18,April,Sunday
ORD12551,C1595,2025-10-19,Riverside,Food,Avocado Toast,2,7.4,Mobile Pay,,14.8,October,Sunday
ORD12552,C1178,2025-08-11,Riverside,Espresso Drinks,Americano,2,4.98,Mobile Pay,4.0,9.96,August,Monday
ORD12553,C1014,2025-11-17,University Ave,Pastries,Cinnamon Roll,2,3.34,Card,2.0,6.68,November,Monday
ORD12554,C1512,2025-04-20,Riverside,Espresso Drinks,Latte,2,4.47,Mobile Pay,2.0,8.94,April,Sunday
ORD12555,C1148,2025-06-22,Downtown,Tea,Chai Latte,3,3.28,Mobile Pay,5.0,9.84,June,Sunday
ORD12556,C1392,2025-02-14,University Ave,Pastries,Croissant,3,2.86,Card,,8.58,February,Friday
ORD12557,C1540,2025-12-20,Downtown,Brewed Coffee,Pour Over,1,3.31,Mobile Pay,3.0,3.31,December,Saturday
ORD12558,C1365,2025-07-06,Riverside,Tea,Herbal Tea,3,4.58,Cash,,13.74,July,Sunday
ORD12559,C1339,2025-07-21,Riverside,Pastries,Scone,1,4.27,Card,,4.27,July,Monday
ORD12560,C1167,2025-05-31,Riverside,Espresso Drinks,Espresso Shot,2,3.94,Mobile Pay,,7.88,May,Saturday
ORD12561,C1092,2025-04-09,Downtown,Espresso Drinks,Latte,1,4.25,Card,,4.25,April,Wednesday
ORD12562,C1539,2025-12-12,Downtown,Espresso Drinks,Latte,2,5.69,Mobile Pay,,11.38,December,Friday
ORD12563,C1634,2025-06-27,University Ave,Pastries,Croissant,1,3.27,Card,,3.27,June,Friday
ORD12564,C1101,2025-09-03,Downtown,Brewed Coffee,Drip Coffee,1,3.53,Mobile Pay,1.0,3.53,September,Wednesday
ORD12565,C1305,2025-01-14,Downtown,Espresso Drinks,Espresso Shot,3,4.29,Mobile Pay,4.0,12.87,January,Tuesday
ORD12566,C1361,2025-04-11,Downtown,Food,Breakfast Sandwich,2,6.47,Mobile Pay,,12.94,April,Friday
ORD12567,C1296,2025-10-20,Riverside,Brewed Coffee,Pour Over,1,2.96,Card,2.0,2.96,October,Monday
ORD12568,C1400,2025-02-01,University Ave,Food,Bagel,1,6.88,Card,,6.88,February,Saturday
ORD12569,C1561,2025-02-06,Riverside,Tea,Chai Latte,3,3.36,Card,,10.08,February,Thursday
ORD12570,C1361,2025-10-22,Downtown,Brewed Coffee,Cold Brew,1,3.36,Mobile Pay,3.0,3.36,October,Wednesday
ORD12571,C1643,2025-04-23,University Ave,Espresso Drinks,Americano,2,5.33,Mobile Pay,5.0,10.66,April,Wednesday
ORD12572,C1249,2025-04-10,Downtown,Pastries,Muffin,2,2.93,Card,3.0,5.86,April,Thursday
ORD12573,C1486,2025-07-25,Downtown,Food,Avocado Toast,1,8.36,Gift Card,,8.36,July,Friday
ORD12574,C1344,2025-03-12,Downtown,Brewed Coffee,Cold Brew,2,3.7,Card,4.0,7.4,March,Wednesday
ORD12575,C1208,2025-01-16,Riverside,Brewed Coffee,Pour Over,1,3.0,Gift Card,5.0,3.0,January,Thursday
ORD12576,C1272,2025-01-02,University Ave,Food,Bagel,3,6.3,Card,,18.9,January,Thursday
ORD12577,C1517,2025-01-29,Riverside,Espresso Drinks,Flat White,1,4.97,Cash,,4.97,January,Wednesday
ORD12578,C1619,2025-02-27,University Ave,Food,Bagel,1,6.84,Gift Card,,6.84,February,Thursday
ORD12579,C1538,2025-09-11,Riverside,Food,Bagel,1,6.76,Mobile Pay,,6.76,September,Thursday
ORD12580,C1435,2025-04-19,Downtown,Brewed Coffee,Pour Over,3,3.69,Cash,5.0,11.07,April,Saturday
ORD12581,C1021,2025-01-27,Downtown,Brewed Coffee,Drip Coffee,1,2.8,Cash,,2.8,January,Monday
ORD12582,C1272,2025-01-06,University Ave,Brewed Coffee,Pour Over,2,3.76,Gift Card,,7.52,January,Monday
ORD12583,C1084,2025-06-23,Riverside,Espresso Drinks,Espresso Shot,1,4.04,Mobile Pay,4.0,4.04,June,Monday
ORD12584,C1055,2025-11-02,Riverside,Espresso Drinks,Espresso Shot,2,5.0,Card,,10.0,November,Sunday
ORD12585,C1372,2025-05-04,University Ave,Brewed Coffee,Pour Over,3,3.88,Gift Card,4.0,11.64,May,Sunday
ORD12586,C1565,2025-01-24,Riverside,Brewed Coffee,Pour Over,3,2.98,Card,3.0,8.94,January,Friday
ORD12587,C1334,2025-03-25,Riverside,Brewed Coffee,Drip Coffee,2,3.41,Mobile Pay,,6.82,March,Tuesday
ORD12588,C1382,2025-07-01,Downtown,Brewed Coffee,Pour Over,1,3.61,Mobile Pay,,3.61,July,Tuesday
ORD12589,C1568,2025-03-10,Downtown,Food,Bagel,1,7.38,Mobile Pay,,7.38,March,Monday
ORD12590,C1638,2025-12-23,Riverside,Brewed Coffee,Cold Brew,1,3.24,Gift Card,,3.24,December,Tuesday
ORD12591,C1354,2025-10-05,Downtown,Food,Avocado Toast,1,8.2,Mobile Pay,3.0,8.2,October,Sunday
ORD12592,C1028,2025-05-06,Downtown,Food,Breakfast Sandwich,1,7.29,Mobile Pay,,7.29,May,Tuesday
ORD12593,C1596,2025-12-13,Riverside,Pastries,Muffin,3,2.96,Card,,8.88,December,Saturday
ORD12594,C1396,2025-04-29,University Ave,Pastries,Muffin,1,4.06,Mobile Pay,,4.06,April,Tuesday
ORD12595,C1353,2025-02-21,University Ave,Pastries,Cinnamon Roll,1,4.03,Card,,4.03,February,Friday
ORD12596,C1422,2025-12-08,Downtown,Brewed Coffee,Drip Coffee,1,3.66,Card,,3.66,December,Monday
ORD12597,C1033,2025-12-16,Downtown,Brewed Coffee,Cold Brew,1,4.19,Mobile Pay,,4.19,December,Tuesday
ORD12598,C1379,2025-04-24,Downtown,Tea,Green Tea,3,4.17,Mobile Pay,4.0,12.51,April,Thursday
ORD12599,C1472,2025-08-05,University Ave,Tea,Chai Latte,1,3.35,Cash,3.0,3.35,August,Tuesday
ORD12600,C1101,2025-03-05,University Ave,Pastries,Cinnamon Roll,1,4.16,Mobile Pay,,4.16,March,Wednesday
ORD12601,C1334,2025-08-22,Downtown,Espresso Drinks,Cappuccino,1,4.15,Card,,4.15,August,Friday
ORD12602,C1343,2025-09-09,Downtown,Espresso Drinks,Cappuccino,1,4.27,Card,4.0,4.27,September,Tuesday
ORD12603,C1342,2025-09-16,Riverside,Tea,Green Tea,3,4.37,Card,,13.11,September,Tuesday
ORD12604,C1220,2025-07-27,Riverside,Espresso Drinks,Americano,2,5.7,Card,,11.4,July,Sunday
ORD12605,C1082,2025-09-14,University Ave,Espresso Drinks,Americano,1,5.09,Card,4.0,5.09,September,Sunday
ORD12606,C1320,2025-07-22,Riverside,Brewed Coffee,Pour Over,2,3.52,Card,,7.04,July,Tuesday
ORD12607,C1530,2025-10-26,Downtown,Brewed Coffee,Cold Brew,3,4.01,Card,5.0,12.03,October,Sunday
ORD12608,C1291,2025-03-07,Riverside,Espresso Drinks,Latte,1,5.72,Card,4.0,5.72,March,Friday
ORD12609,C1251,2025-06-25,Downtown,Pastries,Cinnamon Roll,1,2.99,Card,4.0,2.99,June,Wednesday
ORD12610,C1366,2025-06-01,Downtown,Espresso Drinks,Americano,2,4.46,Card,4.0,8.92,June,Sunday
ORD12611,C1180,2025-07-14,Downtown,Espresso Drinks,Cappuccino,1,4.86,Mobile Pay,,4.86,July,Monday
ORD12612,C1272,2025-02-21,Downtown,Espresso Drinks,Flat White,2,5.67,Mobile Pay,,11.34,February,Friday
ORD12613,C1340,2025-04-28,Riverside,Food,Avocado Toast,1,6.34,Mobile Pay,5.0,6.34,April,Monday
ORD12614,C1191,2025-12-14,Downtown,Espresso Drinks,Flat White,1,4.95,Card,5.0,4.95,December,Sunday
ORD12615,C1490,2025-02-08,Riverside,Espresso Drinks,Americano,2,4.62,Card,4.0,9.24,February,Saturday
ORD12616,C1035,2025-08-20,University Ave,Espresso Drinks,Flat White,2,3.83,Card,,7.66,August,Wednesday
ORD12617,C1135,2025-08-30,Riverside,Espresso Drinks,Cappuccino,2,5.26,Mobile Pay,4.0,10.52,August,Saturday
ORD12618,C1607,2025-06-22,Downtown,Brewed Coffee,Pour Over,2,3.78,Cash,,7.56,June,Sunday
ORD12619,C1520,2025-01-13,University Ave,Pastries,Croissant,2,2.74,Card,4.0,5.48,January,Monday
ORD12620,C1084,2025-01-13,Downtown,Brewed Coffee,Pour Over,1,4.2,Card,4.0,4.2,January,Monday
ORD12621,C1436,2025-04-11,Downtown,Brewed Coffee,Drip Coffee,2,2.92,Gift Card,4.0,5.84,April,Friday
ORD12622,C1368,2025-02-07,Riverside,Pastries,Cinnamon Roll,2,4.09,Card,5.0,8.18,February,Friday
ORD12623,C1633,2025-02-04,Downtown,Brewed Coffee,Drip Coffee,3,3.6,Cash,,10.8,February,Tuesday
ORD12624,C1572,2025-02-28,Downtown,Espresso Drinks,Latte,1,3.86,Card,,3.86,February,Friday
ORD12625,C1157,2025-03-11,Riverside,Food,Avocado Toast,2,6.15,Mobile Pay,3.0,12.3,March,Tuesday
ORD12626,C1295,2025-11-02,Downtown,Food,Bagel,2,6.16,Card,5.0,12.32,November,Sunday
ORD12627,C1335,2025-08-21,Downtown,Espresso Drinks,Espresso Shot,1,4.98,Gift Card,,4.98,August,Thursday
ORD12628,C1494,2025-01-12,Riverside,Espresso Drinks,Espresso Shot,1,4.53,Mobile Pay,,4.53,January,Sunday
ORD12629,C1432,2025-08-17,Downtown,Espresso Drinks,Latte,2,5.2,Card,3.0,10.4,August,Sunday
ORD12630,C1079,2025-02-19,Downtown,Espresso Drinks,Cappuccino,2,4.8,Card,,9.6,February,Wednesday
ORD12631,C1265,2025-06-03,Downtown,Food,Breakfast Sandwich,2,5.72,Card,5.0,11.44,June,Tuesday
ORD12632,C1273,2025-01-14,Downtown,Tea,Green Tea,1,3.71,Card,4.0,3.71,January,Tuesday
ORD12633,C1431,2025-02-02,Riverside,Brewed Coffee,Pour Over,1,3.02,Mobile Pay,4.0,3.02,February,Sunday
ORD12634,C1275,2025-02-18,University Ave,Tea,Herbal Tea,3,3.82,Card,5.0,11.46,February,Tuesday
ORD12635,C1173,2025-06-07,Downtown,Food,Bagel,2,8.42,Card,,16.84,June,Saturday
ORD12636,C1132,2025-06-18,Riverside,Brewed Coffee,Cold Brew,2,2.8,Mobile Pay,3.0,5.6,June,Wednesday
ORD12637,C1416,2025-05-09,Downtown,Food,Bagel,1,5.57,Card,3.0,5.57,May,Friday
ORD12638,C1213,2025-08-14,Downtown,Brewed Coffee,Drip Coffee,2,3.5,Mobile Pay,5.0,7.0,August,Thursday
ORD12639,C1100,2025-09-20,Downtown,Pastries,Croissant,1,3.99,Card,4.0,3.99,September,Saturday
ORD12640,C1444,2025-09-23,Riverside,Pastries,Croissant,3,3.1,Mobile Pay,2.0,9.3,September,Tuesday
ORD12641,C1410,2025-07-30,Riverside,Brewed Coffee,Cold Brew,2,3.34,Mobile Pay,,6.68,July,Wednesday
ORD12642,C1458,2025-07-18,Riverside,Brewed Coffee,Cold Brew,1,3.5,Mobile Pay,2.0,3.5,July,Friday
ORD12643,C1585,2025-06-28,Downtown,Espresso Drinks,Cappuccino,1,4.22,Card,,4.22,June,Saturday
ORD12644,C1329,2025-03-28,Riverside,Pastries,Muffin,1,4.31,Cash,3.0,4.31,March,Friday
ORD12645,C1231,2025-06-27,Downtown,Brewed Coffee,Drip Coffee,2,4.01,Card,,8.02,June,Friday
ORD12646,C1294,2025-01-04,Riverside,Brewed Coffee,Pour Over,1,3.05,Card,4.0,3.05,January,Saturday
ORD12647,C1430,2025-12-18,Downtown,Pastries,Scone,3,3.88,Mobile Pay,4.0,11.64,December,Thursday
ORD12648,C1005,2025-05-15,Riverside,Food,Bagel,2,7.17,Mobile Pay,,14.34,May,Thursday
ORD12649,C1605,2025-10-03,Riverside,Pastries,Muffin,3,3.28,Card,4.0,9.84,October,Friday
ORD12650,C1066,2025-12-15,Riverside,Brewed Coffee,Cold Brew,1,3.27,Cash,4.0,3.27,December,Monday
ORD12651,C1513,2025-06-30,Downtown,Pastries,Muffin,1,3.3,Card,,3.3,June,Monday
ORD12652,C1216,2025-11-10,Downtown,Tea,Chai Latte,1,3.65,Mobile Pay,,3.65,November,Monday
ORD12653,C1183,2025-06-24,Downtown,Tea,Herbal Tea,3,3.91,Card,,11.73,June,Tuesday
ORD12654,C1416,2025-02-18,Riverside,Pastries,Scone,1,3.15,Card,,3.15,February,Tuesday
ORD12655,C1476,2025-01-10,Riverside,Tea,Herbal Tea,2,4.59,Card,5.0,9.18,January,Friday
ORD12656,C1455,2025-02-19,Riverside,Tea,Herbal Tea,1,3.98,Mobile Pay,4.0,3.98,February,Wednesday
ORD12657,C1176,2025-12-10,Riverside,Food,Bagel,1,7.82,Cash,,7.82,December,Wednesday
ORD12658,C1190,2025-06-22,Riverside,Brewed Coffee,Drip Coffee,2,3.34,Card,5.0,6.68,June,Sunday
ORD12659,C1340,2025-04-27,Downtown,Pastries,Muffin,2,4.09,Card,3.0,8.18,April,Sunday
ORD12660,C1093,2025-06-12,Riverside,Espresso Drinks,Espresso Shot,2,4.21,Mobile Pay,4.0,8.42,June,Thursday
ORD12661,C1363,2025-04-04,University Ave,Pastries,Scone,2,3.86,Cash,4.0,7.72,April,Friday
ORD12662,C1007,2025-11-13,University Ave,Pastries,Scone,2,3.9,Card,5.0,7.8,November,Thursday
ORD12663,C1166,2025-12-30,University Ave,Food,Avocado Toast,1,8.17,Card,,8.17,December,Tuesday
ORD12664,C1031,2025-01-31,Downtown,Food,Bagel,1,7.46,Cash,4.0,7.46,January,Friday
ORD12665,C1485,2025-09-19,Downtown,Tea,Herbal Tea,1,3.49,Cash,,3.49,September,Friday
ORD12666,C1263,2025-05-03,Downtown,Tea,Chai Latte,1,4.03,Card,,4.03,May,Saturday
ORD12667,C1100,2025-01-18,University Ave,Espresso Drinks,Cappuccino,1,4.02,Card,,4.02,January,Saturday
ORD12668,C1349,2025-12-02,Riverside,Pastries,Cinnamon Roll,1,4.23,Mobile Pay,,4.23,December,Tuesday
ORD12669,C1314,2025-01-23,Downtown,Espresso Drinks,Cappuccino,3,3.83,Card,4.0,11.49,January,Thursday
ORD12670,C1534,2025-03-16,Downtown,Brewed Coffee,Drip Coffee,2,3.19,Cash,3.0,6.38,March,Sunday
ORD12671,C1566,2025-01-10,Riverside,Tea,Green Tea,2,4.24,Cash,4.0,8.48,January,Friday
ORD12672,C1159,2025-06-21,University Ave,Espresso Drinks,Flat White,1,5.3,Card,,5.3,June,Saturday
ORD12673,C1284,2025-08-07,Downtown,Brewed Coffee,Cold Brew,2,3.92,Cash,,7.84,August,Thursday
ORD12674,C1034,2025-04-27,Downtown,Brewed Coffee,Cold Brew,1,3.84,Card,5.0,3.84,April,Sunday
ORD12675,C1194,2025-01-27,Downtown,Pastries,Scone,1,3.86,Mobile Pay,,3.86,January,Monday
ORD12676,C1556,2025-02-12,Downtown,Tea,Chai Latte,3,4.49,Card,3.0,13.47,February,Wednesday
ORD12677,C1640,2025-12-06,Downtown,Pastries,Muffin,1,4.45,Mobile Pay,4.0,4.45,December,Saturday
ORD12678,C1370,2025-10-21,Riverside,Food,Breakfast Sandwich,1,5.7,Card,4.0,5.7,October,Tuesday
ORD12679,C1007,2025-12-08,Downtown,Espresso Drinks,Espresso Shot,1,5.26,Gift Card,4.0,5.26,December,Monday
ORD12680,C1076,2025-07-13,Riverside,Espresso Drinks,Espresso Shot,1,4.23,Mobile Pay,,4.23,July,Sunday
ORD12681,C1359,2025-07-18,Downtown,Brewed Coffee,Cold Brew,1,3.25,Cash,,3.25,July,Friday
ORD12682,C1444,2025-10-14,Riverside,Espresso Drinks,Flat White,2,4.73,Mobile Pay,3.0,9.46,October,Tuesday
ORD12683,C1263,2025-08-13,University Ave,Brewed Coffee,Cold Brew,1,2.95,Card,4.0,2.95,August,Wednesday
ORD12684,C1439,2025-06-08,Downtown,Espresso Drinks,Latte,2,4.11,Card,,8.22,June,Sunday
ORD12685,C1305,2025-04-17,Downtown,Espresso Drinks,Flat White,2,4.79,Cash,,9.58,April,Thursday
ORD12686,C1555,2025-06-26,Riverside,Brewed Coffee,Cold Brew,1,2.9,Card,,2.9,June,Thursday
ORD12687,C1003,2025-01-24,Downtown,Food,Bagel,1,5.72,Gift Card,3.0,5.72,January,Friday
ORD12688,C1286,2025-03-12,University Ave,Tea,Green Tea,2,3.85,Card,,7.7,March,Wednesday
ORD12689,C1171,2025-09-26,Downtown,Food,Bagel,1,6.94,Mobile Pay,,6.94,September,Friday
ORD12690,C1431,2025-11-12,Riverside,Pastries,Scone,1,3.85,Cash,4.0,3.85,November,Wednesday
ORD12691,C1579,2025-02-07,University Ave,Espresso Drinks,Espresso Shot,1,5.59,Card,3.0,5.59,February,Friday
ORD12692,C1316,2025-02-05,Downtown,Pastries,Cinnamon Roll,1,4.02,Cash,,4.02,February,Wednesday
ORD12693,C1341,2025-02-01,University Ave,Brewed Coffee,Cold Brew,1,3.19,Card,,3.19,February,Saturday
ORD12694,C1600,2025-10-16,University Ave,Pastries,Muffin,1,2.68,Cash,,2.68,October,Thursday
ORD12695,C1140,2025-04-24,University Ave,Pastries,Muffin,1,3.44,Mobile Pay,,3.44,April,Thursday
ORD12696,C1637,2025-04-29,Downtown,Brewed Coffee,Drip Coffee,2,3.39,Card,,6.78,April,Tuesday
ORD12697,C1162,2025-01-05,Riverside,Brewed Coffee,Drip Coffee,1,3.78,Card,5.0,3.78,January,Sunday
ORD12698,C1646,2025-12-21,University Ave,Food,Breakfast Sandwich,1,8.42,Card,4.0,8.42,December,Sunday
ORD12699,C1225,2025-06-07,University Ave,Espresso Drinks,Americano,2,4.07,Gift Card,,8.14,June,Saturday
ORD12700,C1624,2025-10-18,Riverside,Brewed Coffee,Cold Brew,2,4.22,Mobile Pay,,8.44,October,Saturday
ORD12701,C1073,2025-09-15,Riverside,Pastries,Cinnamon Roll,1,4.45,Card,,4.45,September,Monday
ORD12702,C1353,2025-02-21,University Ave,Espresso Drinks,Espresso Shot,1,4.83,Card,3.0,4.83,February,Friday
ORD12703,C1324,2025-10-19,Riverside,Food,Avocado Toast,3,6.93,Card,,20.79,October,Sunday
ORD12704,C1315,2025-07-20,Downtown,Tea,Chai Latte,1,4.06,Card,,4.06,July,Sunday
ORD12705,C1606,2025-08-08,Riverside,Brewed Coffee,Pour Over,2,3.31,Card,2.0,6.62,August,Friday
ORD12706,C1235,2025-03-14,Downtown,Food,Avocado Toast,3,6.74,Card,,20.22,March,Friday
ORD12707,C1413,2025-11-05,University Ave,Pastries,Muffin,1,2.98,Card,4.0,2.98,November,Wednesday
ORD12708,C1436,2025-12-06,Downtown,Pastries,Cinnamon Roll,2,3.12,Mobile Pay,4.0,6.24,December,Saturday
ORD12709,C1596,2025-05-28,Riverside,Espresso Drinks,Espresso Shot,2,5.51,Cash,,11.02,May,Wednesday
ORD12710,C1357,2025-02-03,Riverside,Espresso Drinks,Espresso Shot,3,4.35,Gift Card,,13.05,February,Monday
ORD12711,C1041,2025-11-05,Riverside,Food,Bagel,2,6.1,Mobile Pay,3.0,12.2,November,Wednesday
ORD12712,C1600,2025-11-20,Riverside,Pastries,Croissant,1,3.53,Card,,3.53,November,Thursday
ORD12713,C1026,2025-07-04,University Ave,Food,Bagel,1,7.22,Mobile Pay,4.0,7.22,July,Friday
ORD12714,C1443,2025-07-30,Downtown,Tea,Herbal Tea,1,3.7,Card,4.0,3.7,July,Wednesday
ORD12715,C1287,2025-03-23,Downtown,Food,Bagel,1,6.21,Card,3.0,6.21,March,Sunday
ORD12716,C1282,2025-01-25,Downtown,Espresso Drinks,Cappuccino,2,4.61,Card,,9.22,January,Saturday
ORD12717,C1440,2025-12-10,Downtown,Brewed Coffee,Drip Coffee,2,3.26,Mobile Pay,4.0,6.52,December,Wednesday
ORD12718,C1415,2025-06-25,Downtown,Espresso Drinks,Latte,1,4.68,Card,,4.68,June,Wednesday
ORD12719,C1290,2025-04-11,Downtown,Pastries,Scone,1,4.35,Card,,4.35,April,Friday
ORD12720,C1421,2025-09-10,University Ave,Espresso Drinks,Latte,1,4.72,Card,,4.72,September,Wednesday
ORD12721,C1139,2025-01-10,University Ave,Brewed Coffee,Cold Brew,3,3.51,Mobile Pay,4.0,10.53,January,Friday
ORD12722,C1510,2025-01-30,University Ave,Brewed Coffee,Drip Coffee,2,3.43,Mobile Pay,,6.86,January,Thursday
ORD12723,C1521,2025-03-30,University Ave,Pastries,Cinnamon Roll,1,4.24,Cash,2.0,4.24,March,Sunday
ORD12724,C1224,2025-06-14,University Ave,Espresso Drinks,Americano,1,4.31,Card,,4.31,June,Saturday
ORD12725,C1273,2025-05-14,Downtown,Food,Avocado Toast,2,5.64,Card,,11.28,May,Wednesday
ORD12726,C1345,2025-03-10,University Ave,Espresso Drinks,Espresso Shot,2,4.69,Cash,,9.38,March,Monday
ORD12727,C1431,2025-05-08,University Ave,Brewed Coffee,Drip Coffee,3,3.86,Mobile Pay,4.0,11.58,May,Thursday
ORD12728,C1390,2025-05-02,Downtown,Brewed Coffee,Drip Coffee,1,3.84,Card,3.0,3.84,May,Friday
ORD12729,C1279,2025-07-10,University Ave,Brewed Coffee,Drip Coffee,1,2.94,Mobile Pay,,2.94,July,Thursday
ORD12730,C1341,2025-07-24,Downtown,Espresso Drinks,Cappuccino,1,4.83,Card,,4.83,July,Thursday
ORD12731,C1259,2025-11-18,University Ave,Pastries,Croissant,2,3.35,Card,,6.7,November,Tuesday
ORD12732,C1492,2025-10-21,Riverside,Pastries,Scone,3,3.88,Mobile Pay,3.0,11.64,October,Tuesday
ORD12733,C1162,2025-04-17,Riverside,Tea,Green Tea,3,3.35,Card,4.0,10.05,April,Thursday
ORD12734,C1266,2025-11-25,University Ave,Espresso Drinks,Americano,3,4.13,Mobile Pay,4.0,12.39,November,Tuesday
ORD12735,C1361,2025-07-09,Riverside,Espresso Drinks,Americano,2,5.08,Card,3.0,10.16,July,Wednesday
ORD12736,C1410,2025-03-10,University Ave,Brewed Coffee,Pour Over,1,2.76,Card,,2.76,March,Monday
ORD12737,C1567,2025-05-04,University Ave,Espresso Drinks,Americano,1,4.95,Card,,4.95,May,Sunday
ORD12738,C1140,2025-09-28,University Ave,Espresso Drinks,Cappuccino,1,4.24,Card,4.0,4.24,September,Sunday
ORD12739,C1360,2025-10-27,Downtown,Brewed Coffee,Drip Coffee,1,3.26,Card,,3.26,October,Monday
ORD12740,C1603,2025-05-17,University Ave,Brewed Coffee,Drip Coffee,2,3.26,Card,4.0,6.52,May,Saturday
ORD12741,C1483,2025-02-27,University Ave,Pastries,Croissant,2,4.32,Cash,,8.64,February,Thursday
ORD12742,C1072,2025-03-11,University Ave,Pastries,Scone,3,3.53,Gift Card,2.0,10.59,March,Tuesday
ORD12743,C1104,2025-02-07,University Ave,Espresso Drinks,Espresso Shot,1,5.16,Card,4.0,5.16,February,Friday
ORD12744,C1236,2025-09-12,Riverside,Brewed Coffee,Drip Coffee,3,3.84,Card,,11.52,September,Friday
ORD12745,C1000,2025-07-03,Riverside,Tea,Chai Latte,3,3.98,Card,,11.94,July,Thursday
ORD12746,C1189,2025-06-14,Downtown,Brewed Coffee,Drip Coffee,1,3.25,Gift Card,3.0,3.25,June,Saturday
ORD12747,C1054,2025-09-02,University Ave,Brewed Coffee,Pour Over,1,3.58,Mobile Pay,,3.58,September,Tuesday
ORD12748,C1087,2025-10-29,Riverside,Tea,Herbal Tea,1,3.62,Card,,3.62,October,Wednesday
ORD12749,C1040,2025-10-17,Downtown,Espresso Drinks,Flat White,1,5.74,Mobile Pay,,5.74,October,Friday
ORD12750,C1617,2025-02-19,Downtown,Espresso Drinks,Espresso Shot,3,4.58,Card,,13.74,February,Wednesday
ORD12751,C1646,2025-08-03,Downtown,Brewed Coffee,Drip Coffee,1,2.8,Card,4.0,2.8,August,Sunday
ORD12752,C1500,2025-11-18,Downtown,Espresso Drinks,Espresso Shot,1,4.3,Card,,4.3,November,Tuesday
ORD12753,C1348,2025-10-09,Riverside,Brewed Coffee,Pour Over,2,3.5,Card,3.0,7.0,October,Thursday
ORD12754,C1579,2025-04-30,Downtown,Espresso Drinks,Latte,1,5.6,Card,5.0,5.6,April,Wednesday
ORD12755,C1490,2025-05-23,Downtown,Espresso Drinks,Cappuccino,2,3.98,Mobile Pay,2.0,7.96,May,Friday
ORD12756,C1521,2025-11-21,Riverside,Tea,Chai Latte,1,4.0,Mobile Pay,,4.0,November,Friday
ORD12757,C1575,2025-01-12,University Ave,Tea,Chai Latte,2,3.98,Card,4.0,7.96,January,Sunday
ORD12758,C1129,2025-07-11,Riverside,Espresso Drinks,Americano,1,3.9,Card,,3.9,July,Friday
ORD12759,C1327,2025-02-12,University Ave,Brewed Coffee,Pour Over,2,3.79,Card,,7.58,February,Wednesday
ORD12760,C1010,2025-11-22,University Ave,Espresso Drinks,Flat White,2,4.51,Card,,9.02,November,Saturday
ORD12761,C1481,2025-01-15,Riverside,Brewed Coffee,Cold Brew,3,3.23,Card,,9.69,January,Wednesday
ORD12762,C1020,2025-01-09,University Ave,Pastries,Scone,1,2.51,Cash,4.0,2.51,January,Thursday
ORD12763,C1455,2025-04-30,Riverside,Espresso Drinks,Espresso Shot,2,4.21,Mobile Pay,4.0,8.42,April,Wednesday
ORD12764,C1375,2025-03-14,Downtown,Pastries,Croissant,3,4.1,Mobile Pay,,12.3,March,Friday
ORD12765,C1602,2025-06-30,Riverside,Espresso Drinks,Espresso Shot,1,4.36,Card,,4.36,June,Monday
ORD12766,C1522,2025-04-20,University Ave,Espresso Drinks,Latte,2,4.55,Card,,9.1,April,Sunday
ORD12767,C1407,2025-05-10,Downtown,Brewed Coffee,Drip Coffee,3,3.24,Card,5.0,9.72,May,Saturday
ORD12768,C1025,2025-07-25,Downtown,Espresso Drinks,Americano,1,3.79,Card,,3.79,July,Friday
ORD12769,C1371,2025-07-24,Riverside,Espresso Drinks,Cappuccino,1,5.61,Cash,,5.61,July,Thursday
ORD12770,C1198,2025-12-07,Riverside,Espresso Drinks,Americano,3,4.04,Card,3.0,12.12,December,Sunday
ORD12771,C1590,2025-06-24,Riverside,Pastries,Croissant,2,4.32,Card,,8.64,June,Tuesday
ORD12772,C1311,2025-07-25,Riverside,Espresso Drinks,Cappuccino,2,4.03,Cash,,8.06,July,Friday
ORD12773,C1542,2025-09-04,Downtown,Pastries,Muffin,2,2.62,Cash,,5.24,September,Thursday
ORD12774,C1587,2025-03-05,Downtown,Espresso Drinks,Cappuccino,1,4.0,Card,,4.0,March,Wednesday
ORD12775,C1600,2025-08-31,Downtown,Tea,Chai Latte,1,3.59,Card,,3.59,August,Sunday
ORD12776,C1526,2025-11-10,Downtown,Espresso Drinks,Americano,3,5.11,Mobile Pay,,15.33,November,Monday
ORD12777,C1091,2025-04-26,Riverside,Espresso Drinks,Americano,2,4.8,Card,,9.6,April,Saturday
ORD12778,C1119,2025-03-06,Riverside,Tea,Chai Latte,2,4.58,Card,,9.16,March,Thursday
ORD12779,C1540,2025-05-07,University Ave,Espresso Drinks,Flat White,3,5.4,Card,4.0,16.2,May,Wednesday
ORD12780,C1263,2025-04-11,Riverside,Food,Avocado Toast,3,6.94,Cash,,20.82,April,Friday
ORD12781,C1230,2025-08-01,Downtown,Pastries,Scone,1,4.33,Card,5.0,4.33,August,Friday
ORD12782,C1275,2025-11-11,Riverside,Tea,Herbal Tea,1,4.25,Card,4.0,4.25,November,Tuesday
ORD12783,C1285,2025-08-06,Downtown,Food,Breakfast Sandwich,1,7.69,Card,4.0,7.69,August,Wednesday
ORD12784,C1548,2025-02-15,Downtown,Brewed Coffee,Drip Coffee,1,3.33,Card,,3.33,February,Saturday
ORD12785,C1312,2025-04-25,Downtown,Food,Avocado Toast,1,7.1,Card,5.0,7.1,April,Friday
ORD12786,C1194,2025-09-08,University Ave,Espresso Drinks,Cappuccino,2,5.23,Card,,10.46,September,Monday
ORD12787,C1363,2025-05-01,University Ave,Espresso Drinks,Latte,2,4.05,Cash,,8.1,May,Thursday
ORD12788,C1560,2025-08-02,Riverside,Espresso Drinks,Cappuccino,2,4.45,Mobile Pay,,8.9,August,Saturday
ORD12789,C1206,2025-09-10,Downtown,Pastries,Muffin,2,4.09,Mobile Pay,,8.18,September,Wednesday
ORD12790,C1238,2025-04-30,Downtown,Food,Bagel,1,6.71,Mobile Pay,,6.71,April,Wednesday
ORD12791,C1271,2025-08-24,Downtown,Tea,Chai Latte,3,4.26,Mobile Pay,,12.78,August,Sunday
ORD12792,C1013,2025-05-25,University Ave,Espresso Drinks,Espresso Shot,3,5.0,Gift Card,,15.0,May,Sunday
ORD12793,C1008,2025-02-19,Downtown,Espresso Drinks,Cappuccino,3,5.69,Card,5.0,17.07,February,Wednesday
ORD12794,C1369,2025-05-16,Riverside,Espresso Drinks,Latte,2,4.14,Card,,8.28,May,Friday
ORD12795,C1362,2025-06-10,Downtown,Pastries,Muffin,1,4.14,Mobile Pay,4.0,4.14,June,Tuesday
ORD12796,C1340,2025-01-01,University Ave,Pastries,Cinnamon Roll,2,2.7,Card,,5.4,January,Wednesday
ORD12797,C1292,2025-11-21,Downtown,Espresso Drinks,Espresso Shot,2,3.91,Card,3.0,7.82,November,Friday
ORD12798,C1541,2025-07-12,Riverside,Brewed Coffee,Pour Over,2,2.98,Cash,,5.96,July,Saturday
ORD12799,C1627,2025-01-14,University Ave,Tea,Green Tea,1,3.44,Mobile Pay,,3.44,January,Tuesday
ORD12800,C1094,2025-11-12,University Ave,Brewed Coffee,Drip Coffee,1,2.9,Cash,,2.9,November,Wednesday
ORD12801,C1337,2025-11-08,Downtown,Brewed Coffee,Pour Over,3,3.07,Card,4.0,9.21,November,Saturday
ORD12802,C1105,2025-01-05,University Ave,Food,Avocado Toast,1,6.31,Card,5.0,6.31,January,Sunday
ORD12803,C1475,2025-03-01,University Ave,Pastries,Cinnamon Roll,2,3.0,Cash,4.0,6.0,March,Saturday
ORD12804,C1366,2025-05-13,University Ave,Espresso Drinks,Flat White,2,4.64,Cash,,9.28,May,Tuesday
ORD12805,C1149,2025-07-04,Riverside,Espresso Drinks,Flat White,2,5.15,Cash,4.0,10.3,July,Friday
ORD12806,C1566,2025-09-22,Downtown,Brewed Coffee,Cold Brew,1,3.72,Mobile Pay,3.0,3.72,September,Monday
ORD12807,C1214,2025-06-04,University Ave,Espresso Drinks,Americano,2,4.3,Card,,8.6,June,Wednesday
ORD12808,C1145,2025-08-11,Downtown,Espresso Drinks,Cappuccino,2,5.05,Card,,10.1,August,Monday
ORD12809,C1434,2025-01-04,University Ave,Food,Bagel,2,6.05,Card,4.0,12.1,January,Saturday
ORD12810,C1496,2025-08-28,University Ave,Espresso Drinks,Flat White,1,5.0,Card,,5.0,August,Thursday
ORD12811,C1280,2025-11-30,Downtown,Espresso Drinks,Flat White,1,4.6,Card,,4.6,November,Sunday
ORD12812,C1389,2025-07-11,Downtown,Tea,Chai Latte,2,4.55,Card,,9.1,July,Friday
ORD12813,C1611,2025-06-15,Downtown,Food,Bagel,2,8.4,Mobile Pay,4.0,16.8,June,Sunday
ORD12814,C1294,2025-04-19,Downtown,Food,Breakfast Sandwich,1,8.27,Cash,,8.27,April,Saturday
ORD12815,C1101,2025-12-14,Riverside,Espresso Drinks,Americano,1,5.55,Mobile Pay,,5.55,December,Sunday
ORD12816,C1456,2025-01-13,Riverside,Food,Breakfast Sandwich,1,8.02,Mobile Pay,5.0,8.02,January,Monday
ORD12817,C1181,2025-04-15,Riverside,Tea,Green Tea,1,4.6,Gift Card,4.0,4.6,April,Tuesday
ORD12818,C1089,2025-02-20,Riverside,Espresso Drinks,Espresso Shot,3,5.35,Mobile Pay,,16.05,February,Thursday
ORD12819,C1187,2025-11-12,Downtown,Brewed Coffee,Drip Coffee,2,3.26,Card,5.0,6.52,November,Wednesday
ORD12820,C1352,2025-06-25,University Ave,Espresso Drinks,Cappuccino,1,5.15,Cash,3.0,5.15,June,Wednesday
ORD12821,C1412,2025-12-02,Riverside,Espresso Drinks,Flat White,1,5.23,Gift Card,,5.23,December,Tuesday
ORD12822,C1347,2025-08-31,Downtown,Espresso Drinks,Latte,1,4.14,Mobile Pay,,4.14,August,Sunday
ORD12823,C1239,2025-07-22,Downtown,Food,Breakfast Sandwich,1,7.15,Card,,7.15,July,Tuesday
ORD12824,C1594,2025-07-08,Riverside,Pastries,Muffin,2,2.95,Cash,,5.9,July,Tuesday
ORD12825,C1464,2025-03-15,University Ave,Espresso Drinks,Flat White,1,5.67,Mobile Pay,5.0,5.67,March,Saturday
ORD12826,C1204,2025-07-24,Riverside,Espresso Drinks,Flat White,2,4.33,Mobile Pay,,8.66,July,Thursday
ORD12827,C1580,2025-09-07,Downtown,Food,Avocado Toast,1,8.13,Card,,8.13,September,Sunday
ORD12828,C1114,2025-12-18,Riverside,Espresso Drinks,Latte,2,4.6,Mobile Pay,5.0,9.2,December,Thursday
ORD12829,C1379,2025-07-19,Riverside,Espresso Drinks,Latte,2,4.04,Card,,8.08,July,Saturday
ORD12830,C1460,2025-12-08,Downtown,Tea,Chai Latte,2,3.36,Mobile Pay,4.0,6.72,December,Monday
ORD12831,C1486,2025-12-10,University Ave,Espresso Drinks,Americano,3,5.68,Card,,17.04,December,Wednesday
ORD12832,C1570,2025-07-10,University Ave,Pastries,Scone,1,3.54,Cash,3.0,3.54,July,Thursday
ORD12833,C1615,2025-06-09,Downtown,Espresso Drinks,Latte,2,4.4,Card,,8.8,June,Monday
ORD12834,C1473,2025-02-21,Downtown,Brewed Coffee,Drip Coffee,2,4.07,Mobile Pay,,8.14,February,Friday
ORD12835,C1282,2025-04-08,University Ave,Brewed Coffee,Drip Coffee,2,3.99,Mobile Pay,,7.98,April,Tuesday
ORD12836,C1400,2025-11-16,University Ave,Espresso Drinks,Flat White,1,5.56,Card,4.0,5.56,November,Sunday
ORD12837,C1206,2025-02-20,Riverside,Espresso Drinks,Latte,2,4.41,Mobile Pay,,8.82,February,Thursday
ORD12838,C1364,2025-05-25,Riverside,Pastries,Scone,1,3.3,Mobile Pay,5.0,3.3,May,Sunday
ORD12839,C1590,2025-09-12,University Ave,Pastries,Cinnamon Roll,1,2.8,Card,4.0,2.8,September,Friday
ORD12840,C1447,2025-03-29,Riverside,Espresso Drinks,Flat White,2,4.88,Card,4.0,9.76,March,Saturday
ORD12841,C1302,2025-12-21,University Ave,Pastries,Muffin,3,2.56,Mobile Pay,,7.68,December,Sunday
ORD12842,C1529,2025-08-25,University Ave,Espresso Drinks,Cappuccino,2,5.12,Mobile Pay,3.0,10.24,August,Monday
ORD12843,C1184,2025-01-11,Downtown,Pastries,Croissant,1,2.89,Card,,2.89,January,Saturday
ORD12844,C1424,2025-03-31,Riverside,Tea,Herbal Tea,2,3.33,Card,4.0,6.66,March,Monday
ORD12845,C1187,2025-09-27,University Ave,Pastries,Scone,2,3.25,Card,4.0,6.5,September,Saturday
ORD12846,C1593,2025-11-11,Downtown,Espresso Drinks,Flat White,1,3.83,Card,,3.83,November,Tuesday
ORD12847,C1307,2025-12-04,University Ave,Pastries,Cinnamon Roll,1,3.55,Mobile Pay,,3.55,December,Thursday
ORD12848,C1425,2025-11-06,Riverside,Brewed Coffee,Cold Brew,3,3.88,Cash,,11.64,November,Thursday
ORD12849,C1445,2025-01-28,University Ave,Food,Avocado Toast,2,5.61,Mobile Pay,2.0,11.22,January,Tuesday
ORD12850,C1113,2025-09-23,Downtown,Brewed Coffee,Cold Brew,1,2.9,Mobile Pay,4.0,2.9,September,Tuesday
ORD12851,C1294,2025-02-10,Riverside,Espresso Drinks,Espresso Shot,1,4.22,Card,,4.22,February,Monday
ORD12852,C1618,2025-01-28,Downtown,Espresso Drinks,Americano,2,4.56,Mobile Pay,,9.12,January,Tuesday
ORD12853,C1474,2025-09-09,Riverside,Brewed Coffee,Drip Coffee,2,3.76,Card,,7.52,September,Tuesday
ORD12854,C1350,2025-06-24,Riverside,Espresso Drinks,Americano,1,5.2,Card,3.0,5.2,June,Tuesday
ORD12855,C1379,2025-08-24,Riverside,Pastries,Scone,1,3.12,Card,,3.12,August,Sunday
ORD12856,C1536,2025-11-06,University Ave,Pastries,Muffin,2,3.72,Card,5.0,7.44,November,Thursday
ORD12857,C1119,2025-01-26,University Ave,Brewed Coffee,Cold Brew,2,3.9,Mobile Pay,,7.8,January,Sunday
ORD12858,C1282,2025-07-12,University Ave,Espresso Drinks,Flat White,1,5.18,Mobile Pay,3.0,5.18,July,Saturday
ORD12859,C1577,2025-10-31,Downtown,Espresso Drinks,Americano,1,5.03,Card,,5.03,October,Friday
ORD12860,C1288,2025-06-10,University Ave,Brewed Coffee,Drip Coffee,2,2.86,Card,,5.72,June,Tuesday
ORD12861,C1558,2025-07-10,Riverside,Pastries,Cinnamon Roll,2,4.24,Card,,8.48,July,Thursday
ORD12862,C1274,2025-07-01,Downtown,Pastries,Muffin,2,2.72,Mobile Pay,4.0,5.44,July,Tuesday
ORD12863,C1593,2025-11-27,University Ave,Espresso Drinks,Cappuccino,1,5.33,Gift Card,,5.33,November,Thursday
ORD12864,C1274,2025-01-19,University Ave,Espresso Drinks,Americano,3,5.61,Card,,16.83,January,Sunday
ORD12865,C1481,2025-11-16,Downtown,Pastries,Cinnamon Roll,1,3.14,Gift Card,4.0,3.14,November,Sunday
ORD12866,C1180,2025-10-25,Riverside,Brewed Coffee,Cold Brew,3,3.99,Mobile Pay,3.0,11.97,October,Saturday
ORD12867,C1193,2025-10-23,Downtown,Brewed Coffee,Pour Over,1,3.89,Card,4.0,3.89,October,Thursday
ORD12868,C1546,2025-05-31,University Ave,Tea,Green Tea,2,3.8,Card,,7.6,May,Saturday
ORD12869,C1531,2025-07-07,University Ave,Espresso Drinks,Cappuccino,2,5.43,Card,3.0,10.86,July,Monday
ORD12870,C1198,2025-05-15,University Ave,Tea,Green Tea,1,4.14,Card,,4.14,May,Thursday
ORD12871,C1374,2025-04-02,University Ave,Espresso Drinks,Americano,1,5.6,Mobile Pay,,5.6,April,Wednesday
ORD12872,C1492,2025-11-15,University Ave,Espresso Drinks,Latte,3,4.13,Card,4.0,12.39,November,Saturday
ORD12873,C1519,2025-07-04,University Ave,Espresso Drinks,Cappuccino,2,5.55,Mobile Pay,,11.1,July,Friday
ORD12874,C1505,2025-09-21,Riverside,Espresso Drinks,Espresso Shot,2,4.84,Mobile Pay,5.0,9.68,September,Sunday
ORD12875,C1568,2025-02-06,Downtown,Pastries,Muffin,2,4.09,Card,,8.18,February,Thursday
ORD12876,C1503,2025-10-15,Riverside,Food,Avocado Toast,1,5.76,Card,,5.76,October,Wednesday
ORD12877,C1534,2025-08-28,University Ave,Pastries,Scone,1,2.75,Card,3.0,2.75,August,Thursday
ORD12878,C1301,2025-12-30,Downtown,Espresso Drinks,Americano,1,5.44,Card,4.0,5.44,December,Tuesday
ORD12879,C1336,2025-02-18,University Ave,Pastries,Scone,1,3.93,Mobile Pay,3.0,3.93,February,Tuesday
ORD12880,C1446,2025-07-16,Downtown,Espresso Drinks,Americano,1,5.57,Mobile Pay,5.0,5.57,July,Wednesday
ORD12881,C1017,2025-07-06,Downtown,Espresso Drinks,Cappuccino,2,4.36,Gift Card,,8.72,July,Sunday
ORD12882,C1013,2025-07-15,Downtown,Espresso Drinks,Latte,2,5.41,Card,,10.82,July,Tuesday
ORD12883,C1265,2025-01-20,Riverside,Espresso Drinks,Americano,1,5.61,Mobile Pay,,5.61,January,Monday
ORD12884,C1337,2025-06-22,Riverside,Tea,Chai Latte,2,3.69,Card,3.0,7.38,June,Sunday
ORD12885,C1202,2025-04-20,University Ave,Espresso Drinks,Americano,2,5.0,Card,2.0,10.0,April,Sunday
ORD12886,C1343,2025-08-13,Downtown,Espresso Drinks,Cappuccino,3,4.9,Mobile Pay,,14.7,August,Wednesday
ORD12887,C1212,2025-03-26,Downtown,Food,Avocado Toast,1,6.69,Gift Card,,6.69,March,Wednesday
ORD12888,C1394,2025-06-08,Downtown,Food,Bagel,1,5.6,Mobile Pay,,5.6,June,Sunday
ORD12889,C1564,2025-08-14,Downtown,Espresso Drinks,Espresso Shot,2,4.55,Card,3.0,9.1,August,Thursday
ORD12890,C1590,2025-01-24,University Ave,Espresso Drinks,Americano,2,5.6,Mobile Pay,,11.2,January,Friday
ORD12891,C1257,2025-10-14,Downtown,Brewed Coffee,Cold Brew,1,2.86,Mobile Pay,,2.86,October,Tuesday
ORD12892,C1516,2025-09-18,Downtown,Pastries,Croissant,1,3.82,Mobile Pay,,3.82,September,Thursday
ORD12893,C1109,2025-01-21,Downtown,Brewed Coffee,Cold Brew,1,4.18,Cash,,4.18,January,Tuesday
ORD12894,C1362,2025-01-24,Riverside,Brewed Coffee,Drip Coffee,2,3.6,Card,5.0,7.2,January,Friday
ORD12895,C1250,2025-11-06,Downtown,Brewed Coffee,Cold Brew,2,2.81,Card,,5.62,November,Thursday
ORD12896,C1097,2025-04-14,Downtown,Pastries,Muffin,2,3.13,Mobile Pay,,6.26,April,Monday
ORD12897,C1618,2025-11-10,Downtown,Pastries,Muffin,2,3.3,Card,1.0,6.6,November,Monday
ORD12898,C1226,2025-07-01,University Ave,Espresso Drinks,Americano,2,3.9,Mobile Pay,,7.8,July,Tuesday
ORD12899,C1598,2025-05-05,Riverside,Tea,Green Tea,1,3.69,Mobile Pay,,3.69,May,Monday
ORD12900,C1478,2025-04-10,Downtown,Espresso Drinks,Cappuccino,2,4.79,Card,,9.58,April,Thursday
ORD12901,C1509,2025-08-28,Downtown,Tea,Herbal Tea,2,4.7,Card,5.0,9.4,August,Thursday
ORD12902,C1587,2025-02-09,Riverside,Espresso Drinks,Espresso Shot,1,5.43,Card,5.0,5.43,February,Sunday
ORD12903,C1164,2025-05-27,Downtown,Pastries,Cinnamon Roll,1,3.73,Card,3.0,3.73,May,Tuesday
ORD12904,C1015,2025-05-06,Downtown,Pastries,Croissant,1,3.7,Card,,3.7,May,Tuesday
ORD12905,C1209,2025-02-26,Riverside,Espresso Drinks,Latte,1,5.04,Mobile Pay,3.0,5.04,February,Wednesday
ORD12906,C1195,2025-05-09,Downtown,Food,Breakfast Sandwich,1,8.25,Card,,8.25,May,Friday
ORD12907,C1082,2025-07-12,Downtown,Pastries,Muffin,2,2.89,Card,,5.78,July,Saturday
ORD12908,C1163,2025-09-04,Downtown,Food,Breakfast Sandwich,2,8.01,Mobile Pay,,16.02,September,Thursday
ORD12909,C1310,2025-02-01,Downtown,Food,Bagel,1,7.82,Card,3.0,7.82,February,Saturday
ORD12910,C1173,2025-11-14,University Ave,Pastries,Croissant,1,3.53,Cash,,3.53,November,Friday
ORD12911,C1621,2025-11-16,Riverside,Tea,Green Tea,2,4.03,Mobile Pay,4.0,8.06,November,Sunday
ORD12912,C1413,2025-09-09,Downtown,Espresso Drinks,Americano,2,5.58,Gift Card,,11.16,September,Tuesday
ORD12913,C1545,2025-12-03,University Ave,Brewed Coffee,Pour Over,1,2.91,Mobile Pay,4.0,2.91,December,Wednesday
ORD12914,C1556,2025-06-05,University Ave,Pastries,Cinnamon Roll,1,2.75,Card,5.0,2.75,June,Thursday
ORD12915,C1594,2025-10-27,Riverside,Food,Bagel,1,7.59,Gift Card,4.0,7.59,October,Monday
ORD12916,C1502,2025-09-22,Downtown,Brewed Coffee,Pour Over,1,2.76,Cash,,2.76,September,Monday
ORD12917,C1088,2025-07-24,Downtown,Pastries,Croissant,1,3.08,Mobile Pay,,3.08,July,Thursday
ORD12918,C1544,2025-03-07,Downtown,Pastries,Scone,1,2.78,Card,5.0,2.78,March,Friday
ORD12919,C1578,2025-07-22,University Ave,Food,Avocado Toast,1,8.06,Cash,5.0,8.06,July,Tuesday
ORD12920,C1402,2025-11-25,University Ave,Food,Breakfast Sandwich,3,8.26,Gift Card,5.0,24.78,November,Tuesday
ORD12921,C1449,2025-12-25,Downtown,Tea,Green Tea,1,4.66,Card,,4.66,December,Thursday
ORD12922,C1078,2025-06-13,Riverside,Food,Avocado Toast,2,8.17,Mobile Pay,4.0,16.34,June,Friday
ORD12923,C1108,2025-04-01,Downtown,Tea,Chai Latte,1,3.29,Mobile Pay,,3.29,April,Tuesday
ORD12924,C1348,2025-09-30,Downtown,Brewed Coffee,Pour Over,1,3.32,Card,3.0,3.32,September,Tuesday
ORD12925,C1431,2025-01-28,Riverside,Espresso Drinks,Latte,2,3.88,Mobile Pay,,7.76,January,Tuesday
ORD12926,C1471,2025-02-24,Downtown,Brewed Coffee,Pour Over,2,3.6,Cash,,7.2,February,Monday
ORD12927,C1514,2025-07-24,University Ave,Espresso Drinks,Flat White,1,4.46,Card,,4.46,July,Thursday
ORD12928,C1621,2025-12-27,Riverside,Espresso Drinks,Flat White,1,3.84,Card,3.0,3.84,December,Saturday
ORD12929,C1154,2025-04-30,Downtown,Pastries,Muffin,2,2.69,Mobile Pay,,5.38,April,Wednesday
ORD12930,C1378,2025-06-11,University Ave,Tea,Green Tea,1,4.23,Mobile Pay,4.0,4.23,June,Wednesday
ORD12931,C1347,2025-04-28,University Ave,Tea,Herbal Tea,2,4.62,Cash,,9.24,April,Monday
ORD12932,C1363,2025-06-10,Riverside,Brewed Coffee,Cold Brew,2,2.99,Card,,5.98,June,Tuesday
ORD12933,C1551,2025-01-03,Riverside,Tea,Herbal Tea,2,3.43,Cash,,6.86,January,Friday
ORD12934,C1427,2025-08-05,University Ave,Tea,Chai Latte,2,4.64,Card,,9.28,August,Tuesday
ORD12935,C1514,2025-08-06,Riverside,Tea,Chai Latte,1,3.52,Card,4.0,3.52,August,Wednesday
ORD12936,C1191,2025-04-25,Riverside,Food,Breakfast Sandwich,3,6.88,Card,,20.64,April,Friday
ORD12937,C1053,2025-04-07,University Ave,Brewed Coffee,Cold Brew,1,3.24,Mobile Pay,,3.24,April,Monday
ORD12938,C1536,2025-10-05,Riverside,Espresso Drinks,Flat White,2,4.12,Cash,,8.24,October,Sunday
ORD12939,C1271,2025-03-10,University Ave,Pastries,Scone,3,4.39,Mobile Pay,,13.17,March,Monday
ORD12940,C1040,2025-01-18,Downtown,Espresso Drinks,Flat White,1,4.45,Mobile Pay,5.0,4.45,January,Saturday
ORD12941,C1550,2025-01-15,University Ave,Brewed Coffee,Drip Coffee,1,3.73,Card,,3.73,January,Wednesday
ORD12942,C1453,2025-11-17,Downtown,Espresso Drinks,Flat White,1,5.73,Card,,5.73,November,Monday
ORD12943,C1325,2025-05-13,Riverside,Brewed Coffee,Cold Brew,1,4.16,Card,5.0,4.16,May,Tuesday
ORD12944,C1085,2025-02-07,Downtown,Pastries,Scone,1,3.97,Card,4.0,3.97,February,Friday
ORD12945,C1059,2025-11-16,Downtown,Espresso Drinks,Latte,3,5.46,Mobile Pay,4.0,16.38,November,Sunday
ORD12946,C1483,2025-02-24,Riverside,Pastries,Scone,1,3.4,Card,,3.4,February,Monday
ORD12947,C1604,2025-05-03,Downtown,Pastries,Croissant,1,3.65,Card,,3.65,May,Saturday
ORD12948,C1094,2025-01-08,Riverside,Brewed Coffee,Drip Coffee,1,3.65,Mobile Pay,3.0,3.65,January,Wednesday
ORD12949,C1615,2025-09-05,Riverside,Espresso Drinks,Flat White,2,5.02,Card,,10.04,September,Friday
ORD12950,C1160,2025-09-12,Downtown,Brewed Coffee,Drip Coffee,3,4.17,Mobile Pay,4.0,12.51,September,Friday
ORD12951,C1182,2025-10-03,Downtown,Pastries,Cinnamon Roll,1,2.54,Mobile Pay,,2.54,October,Friday
ORD12952,C1214,2025-04-06,University Ave,Food,Avocado Toast,1,8.27,Card,,8.27,April,Sunday
ORD12953,C1558,2025-04-30,University Ave,Tea,Green Tea,1,4.63,Card,,4.63,April,Wednesday
ORD12954,C1260,2025-12-08,Downtown,Espresso Drinks,Latte,2,4.24,Gift Card,,8.48,December,Monday
ORD12955,C1318,2025-10-27,University Ave,Espresso Drinks,Cappuccino,1,3.93,Card,4.0,3.93,October,Monday
ORD12956,C1222,2025-01-14,Riverside,Brewed Coffee,Cold Brew,1,3.53,Card,,3.53,January,Tuesday
ORD12957,C1320,2025-09-09,Riverside,Brewed Coffee,Pour Over,1,2.86,Card,,2.86,September,Tuesday
ORD12958,C1518,2025-10-23,Downtown,Food,Avocado Toast,1,6.74,Mobile Pay,,6.74,October,Thursday
ORD12959,C1360,2025-07-23,University Ave,Espresso Drinks,Cappuccino,2,5.68,Card,,11.36,July,Wednesday
ORD12960,C1032,2025-08-21,Riverside,Tea,Green Tea,1,4.2,Gift Card,5.0,4.2,August,Thursday
ORD12961,C1180,2025-01-01,Riverside,Espresso Drinks,Cappuccino,2,4.73,Mobile Pay,5.0,9.46,January,Wednesday
ORD12962,C1246,2025-01-11,Downtown,Pastries,Cinnamon Roll,2,4.18,Mobile Pay,3.0,8.36,January,Saturday
ORD12963,C1568,2025-01-13,Riverside,Espresso Drinks,Espresso Shot,1,4.85,Mobile Pay,5.0,4.85,January,Monday
ORD12964,C1150,2025-02-27,Downtown,Espresso Drinks,Americano,1,4.66,Mobile Pay,,4.66,February,Thursday
ORD12965,C1334,2025-12-27,Riverside,Espresso Drinks,Flat White,2,4.84,Mobile Pay,3.0,9.68,December,Saturday
ORD12966,C1434,2025-08-19,Riverside,Espresso Drinks,Flat White,2,5.63,Cash,,11.26,August,Tuesday
ORD12967,C1253,2025-10-12,Downtown,Pastries,Muffin,2,3.98,Card,,7.96,October,Sunday
ORD12968,C1571,2025-04-18,Downtown,Pastries,Scone,1,4.02,Card,4.0,4.02,April,Friday
ORD12969,C1066,2025-12-08,University Ave,Tea,Herbal Tea,1,4.08,Card,,4.08,December,Monday
ORD12970,C1545,2025-03-14,Riverside,Espresso Drinks,Flat White,3,5.75,Cash,,17.25,March,Friday
ORD12971,C1572,2025-11-25,Downtown,Espresso Drinks,Cappuccino,1,5.31,Card,4.0,5.31,November,Tuesday
ORD12972,C1055,2025-01-12,Downtown,Brewed Coffee,Drip Coffee,3,3.27,Card,4.0,9.81,January,Sunday
ORD12973,C1591,2025-01-08,Riverside,Espresso Drinks,Cappuccino,2,4.38,Cash,,8.76,January,Wednesday
ORD12974,C1174,2025-01-29,University Ave,Espresso Drinks,Espresso Shot,3,4.26,Card,4.0,12.78,January,Wednesday
ORD12975,C1394,2025-10-16,Downtown,Food,Bagel,1,7.05,Mobile Pay,3.0,7.05,October,Thursday
ORD12976,C1523,2025-04-04,Downtown,Espresso Drinks,Americano,1,4.55,Card,5.0,4.55,April,Friday
ORD12977,C1610,2025-06-14,University Ave,Food,Breakfast Sandwich,2,6.18,Card,2.0,12.36,June,Saturday
ORD12978,C1641,2025-06-21,Downtown,Pastries,Scone,1,4.27,Gift Card,,4.27,June,Saturday
ORD12979,C1296,2025-10-15,Downtown,Espresso Drinks,Latte,2,4.02,Mobile Pay,,8.04,October,Wednesday
ORD12980,C1062,2025-05-07,Downtown,Brewed Coffee,Cold Brew,1,3.3,Mobile Pay,5.0,3.3,May,Wednesday
ORD12981,C1070,2025-01-03,Downtown,Brewed Coffee,Cold Brew,3,3.21,Mobile Pay,,9.63,January,Friday
ORD12982,C1062,2025-05-21,Downtown,Brewed Coffee,Drip Coffee,2,3.6,Gift Card,,7.2,May,Wednesday
ORD12983,C1305,2025-04-15,Downtown,Food,Avocado Toast,1,7.33,Mobile Pay,3.0,7.33,April,Tuesday
ORD12984,C1247,2025-09-24,Downtown,Pastries,Croissant,1,4.17,Mobile Pay,,4.17,September,Wednesday
ORD12985,C1587,2025-10-01,University Ave,Pastries,Muffin,1,4.24,Mobile Pay,,4.24,October,Wednesday
ORD12986,C1484,2025-02-03,Riverside,Espresso Drinks,Cappuccino,2,4.38,Cash,,8.76,February,Monday
ORD12987,C1438,2025-10-16,Downtown,Pastries,Scone,1,3.8,Mobile Pay,,3.8,October,Thursday
ORD12988,C1296,2025-01-26,University Ave,Food,Breakfast Sandwich,1,5.58,Card,,5.58,January,Sunday
ORD12989,C1505,2025-08-14,Downtown,Pastries,Croissant,1,4.16,Card,4.0,4.16,August,Thursday
ORD12990,C1332,2025-05-22,University Ave,Brewed Coffee,Pour Over,1,3.87,Mobile Pay,5.0,3.87,May,Thursday
ORD12991,C1279,2025-04-20,Riverside,Pastries,Muffin,1,4.17,Card,,4.17,April,Sunday
ORD12992,C1033,2025-06-25,Downtown,Espresso Drinks,Flat White,1,5.15,Card,,5.15,June,Wednesday
ORD12993,C1406,2025-04-23,Downtown,Brewed Coffee,Pour Over,2,3.5,Card,5.0,7.0,April,Wednesday
ORD12994,C1606,2025-10-16,Downtown,Food,Avocado Toast,2,7.49,Cash,5.0,14.98,October,Thursday
ORD12995,C1260,2025-12-18,Downtown,Food,Avocado Toast,1,6.05,Cash,,6.05,December,Thursday
ORD12996,C1148,2025-10-24,University Ave,Tea,Green Tea,2,3.73,Card,3.0,7.46,October,Friday
ORD12997,C1394,2025-06-09,Downtown,Tea,Chai Latte,2,3.45,Cash,,6.9,June,Monday
ORD12998,C1252,2025-07-03,Downtown,Espresso Drinks,Espresso Shot,3,5.02,Cash,,15.06,July,Thursday
ORD12999,C1283,2025-06-12,Downtown,Brewed Coffee,Drip Coffee,1,3.51,Card,,3.51,June,Thursday
ORD13000,C1016,2025-10-16,University Ave,Pastries,Croissant,1,2.65,Card,1.0,2.65,October,Thursday
ORD13001,C1021,2025-07-21,Downtown,Food,Avocado Toast,3,6.95,Card,,20.85,July,Monday
ORD13002,C1373,2025-06-20,Riverside,Espresso Drinks,Espresso Shot,2,5.48,Card,,10.96,June,Friday
ORD13003,C1524,2025-05-30,Riverside,Food,Breakfast Sandwich,1,6.37,Mobile Pay,,6.37,May,Friday
ORD13004,C1584,2025-05-17,Riverside,Brewed Coffee,Cold Brew,3,3.74,Mobile Pay,4.0,11.22,May,Saturday
ORD13005,C1396,2025-07-21,Downtown,Food,Avocado Toast,1,7.45,Card,3.0,7.45,July,Monday
ORD13006,C1274,2025-09-08,University Ave,Espresso Drinks,Latte,2,4.48,Card,,8.96,September,Monday
ORD13007,C1274,2025-06-07,Riverside,Brewed Coffee,Drip Coffee,2,3.37,Card,,6.74,June,Saturday
ORD13008,C1202,2025-10-21,Riverside,Espresso Drinks,Latte,2,4.37,Card,,8.74,October,Tuesday
ORD13009,C1556,2025-10-28,Riverside,Brewed Coffee,Cold Brew,2,3.3,Card,,6.6,October,Tuesday
ORD13010,C1343,2025-06-06,Downtown,Espresso Drinks,Latte,1,4.52,Card,,4.52,June,Friday
ORD13011,C1177,2025-11-27,Riverside,Tea,Herbal Tea,2,3.96,Card,5.0,7.92,November,Thursday
ORD13012,C1086,2025-03-04,University Ave,Espresso Drinks,Cappuccino,1,4.85,Card,5.0,4.85,March,Tuesday
ORD13013,C1304,2025-12-06,University Ave,Brewed Coffee,Pour Over,2,3.38,Card,4.0,6.76,December,Saturday
ORD13014,C1169,2025-04-18,University Ave,Tea,Herbal Tea,2,3.31,Cash,5.0,6.62,April,Friday
ORD13015,C1104,2025-07-25,University Ave,Brewed Coffee,Pour Over,3,2.89,Cash,5.0,8.67,July,Friday
ORD13016,C1639,2025-04-14,University Ave,Espresso Drinks,Americano,1,5.26,Mobile Pay,,5.26,April,Monday
ORD13017,C1498,2025-06-10,University Ave,Espresso Drinks,Latte,1,5.29,Card,,5.29,June,Tuesday
ORD13018,C1516,2025-05-04,Riverside,Pastries,Cinnamon Roll,1,3.98,Mobile Pay,4.0,3.98,May,Sunday
ORD13019,C1401,2025-09-14,Downtown,Food,Breakfast Sandwich,1,6.55,Cash,3.0,6.55,September,Sunday
ORD13020,C1082,2025-01-30,Downtown,Food,Avocado Toast,2,6.39,Gift Card,,12.78,January,Thursday
ORD13021,C1614,2025-11-02,University Ave,Brewed Coffee,Drip Coffee,2,3.44,Card,5.0,6.88,November,Sunday
ORD13022,C1529,2025-11-25,Downtown,Brewed Coffee,Pour Over,2,4.14,Card,4.0,8.28,November,Tuesday
ORD13023,C1161,2025-07-24,Riverside,Brewed Coffee,Pour Over,2,3.16,Mobile Pay,5.0,6.32,July,Thursday
ORD13024,C1525,2025-07-19,Downtown,Pastries,Cinnamon Roll,3,4.14,Card,3.0,12.42,July,Saturday
ORD13025,C1560,2025-09-12,Riverside,Espresso Drinks,Americano,1,5.52,Mobile Pay,,5.52,September,Friday
ORD13026,C1478,2025-03-14,Downtown,Espresso Drinks,Cappuccino,1,4.42,Mobile Pay,,4.42,March,Friday
ORD13027,C1415,2025-09-30,Downtown,Brewed Coffee,Cold Brew,1,3.4,Mobile Pay,3.0,3.4,September,Tuesday
ORD13028,C1424,2025-03-21,University Ave,Espresso Drinks,Latte,2,4.68,Card,5.0,9.36,March,Friday
ORD13029,C1398,2025-09-04,University Ave,Pastries,Scone,1,3.05,Card,4.0,3.05,September,Thursday
ORD13030,C1379,2025-04-22,University Ave,Tea,Herbal Tea,3,4.37,Mobile Pay,5.0,13.11,April,Tuesday
ORD13031,C1228,2025-09-29,Downtown,Food,Breakfast Sandwich,3,5.88,Mobile Pay,,17.64,September,Monday
ORD13032,C1641,2025-10-15,University Ave,Brewed Coffee,Cold Brew,3,2.96,Cash,3.0,8.88,October,Wednesday
ORD13033,C1268,2025-03-17,Downtown,Brewed Coffee,Pour Over,2,3.13,Card,5.0,6.26,March,Monday
ORD13034,C1277,2025-08-13,University Ave,Espresso Drinks,Americano,1,3.91,Cash,,3.91,August,Wednesday
ORD13035,C1606,2025-07-01,Downtown,Tea,Green Tea,1,3.28,Gift Card,,3.28,July,Tuesday
ORD13036,C1098,2025-04-18,Riverside,Pastries,Scone,2,4.01,Mobile Pay,,8.02,April,Friday
ORD13037,C1217,2025-08-03,Riverside,Brewed Coffee,Cold Brew,1,3.71,Cash,,3.71,August,Sunday
ORD13038,C1448,2025-12-28,Riverside,Brewed Coffee,Drip Coffee,2,3.51,Card,5.0,7.02,December,Sunday
ORD13039,C1222,2025-01-01,Downtown,Espresso Drinks,Cappuccino,3,5.7,Mobile Pay,,17.1,January,Wednesday
ORD13040,C1397,2025-12-15,Downtown,Tea,Green Tea,1,4.55,Card,5.0,4.55,December,Monday
ORD13041,C1223,2025-11-08,Downtown,Espresso Drinks,Americano,1,5.12,Mobile Pay,,5.12,November,Saturday
ORD13042,C1064,2025-07-12,University Ave,Brewed Coffee,Cold Brew,3,3.81,Card,5.0,11.43,July,Saturday
ORD13043,C1287,2025-08-11,Riverside,Brewed Coffee,Cold Brew,1,3.49,Cash,4.0,3.49,August,Monday
ORD13044,C1552,2025-05-15,Downtown,Espresso Drinks,Flat White,1,4.92,Card,1.0,4.92,May,Thursday
ORD13045,C1613,2025-02-17,Riverside,Brewed Coffee,Drip Coffee,1,3.44,Card,,3.44,February,Monday
ORD13046,C1217,2025-07-28,Downtown,Pastries,Scone,1,3.88,Mobile Pay,,3.88,July,Monday
ORD13047,C1089,2025-10-25,Riverside,Brewed Coffee,Cold Brew,2,3.37,Mobile Pay,,6.74,October,Saturday
ORD13048,C1408,2025-03-26,Downtown,Espresso Drinks,Cappuccino,2,3.99,Cash,,7.98,March,Wednesday
ORD13049,C1182,2025-09-19,University Ave,Pastries,Muffin,3,3.89,Card,5.0,11.67,September,Friday
ORD13050,C1470,2025-09-30,Downtown,Espresso Drinks,Americano,2,5.44,Mobile Pay,,10.88,September,Tuesday
ORD13051,C1299,2025-10-04,University Ave,Tea,Green Tea,1,4.31,Card,5.0,4.31,October,Saturday
ORD13052,C1188,2025-05-04,Downtown,Espresso Drinks,Cappuccino,1,4.15,Cash,4.0,4.15,May,Sunday
ORD13053,C1192,2025-05-23,University Ave,Espresso Drinks,Latte,3,4.57,Card,4.0,13.71,May,Friday
ORD13054,C1407,2025-06-01,Downtown,Espresso Drinks,Flat White,2,4.47,Card,,8.94,June,Sunday
ORD13055,C1394,2025-11-07,Riverside,Espresso Drinks,Espresso Shot,2,5.51,Mobile Pay,4.0,11.02,November,Friday
ORD13056,C1289,2025-11-24,University Ave,Pastries,Cinnamon Roll,2,4.04,Mobile Pay,3.0,8.08,November,Monday
ORD13057,C1191,2025-05-31,Riverside,Espresso Drinks,Flat White,1,5.02,Card,2.0,5.02,May,Saturday
ORD13058,C1561,2025-12-20,University Ave,Tea,Herbal Tea,1,3.62,Card,3.0,3.62,December,Saturday
ORD13059,C1410,2025-07-27,Riverside,Espresso Drinks,Flat White,1,3.95,Cash,4.0,3.95,July,Sunday
ORD13060,C1027,2025-05-21,Riverside,Pastries,Scone,1,3.36,Card,,3.36,May,Wednesday
ORD13061,C1147,2025-01-01,Downtown,Pastries,Croissant,1,4.07,Mobile Pay,,4.07,January,Wednesday
ORD13062,C1403,2025-08-11,Riverside,Food,Bagel,2,6.29,Card,3.0,12.58,August,Monday
ORD13063,C1076,2025-08-23,Downtown,Espresso Drinks,Cappuccino,2,5.65,Cash,,11.3,August,Saturday
ORD13064,C1338,2025-12-19,Downtown,Food,Bagel,1,8.14,Card,3.0,8.14,December,Friday
ORD13065,C1311,2025-09-19,Riverside,Brewed Coffee,Cold Brew,2,4.11,Mobile Pay,,8.22,September,Friday
ORD13066,C1178,2025-01-11,Riverside,Pastries,Muffin,2,4.29,Cash,,8.58,January,Saturday
ORD13067,C1201,2025-07-26,Downtown,Tea,Herbal Tea,1,3.94,Card,3.0,3.94,July,Saturday
ORD13068,C1208,2025-09-28,Riverside,Pastries,Muffin,2,3.14,Cash,,6.28,September,Sunday
ORD13069,C1464,2025-06-30,University Ave,Pastries,Cinnamon Roll,3,3.22,Card,4.0,9.66,June,Monday
ORD13070,C1134,2025-06-06,Riverside,Espresso Drinks,Americano,1,5.62,Cash,5.0,5.62,June,Friday
ORD13071,C1607,2025-10-22,Downtown,Espresso Drinks,Americano,1,4.49,Card,,4.49,October,Wednesday
ORD13072,C1542,2025-08-11,University Ave,Pastries,Cinnamon Roll,1,3.07,Card,3.0,3.07,August,Monday
ORD13073,C1337,2025-09-06,Riverside,Espresso Drinks,Flat White,1,5.07,Card,,5.07,September,Saturday
ORD13074,C1388,2025-06-18,Downtown,Espresso Drinks,Cappuccino,3,5.2,Cash,,15.6,June,Wednesday
ORD13075,C1109,2025-04-12,Downtown,Brewed Coffee,Drip Coffee,1,3.26,Cash,,3.26,April,Saturday
ORD13076,C1496,2025-07-08,Riverside,Espresso Drinks,Latte,3,4.19,Card,,12.57,July,Tuesday
ORD13077,C1522,2025-12-16,University Ave,Brewed Coffee,Pour Over,3,4.02,Cash,5.0,12.06,December,Tuesday
ORD13078,C1128,2025-08-08,Riverside,Tea,Herbal Tea,1,4.15,Mobile Pay,2.0,4.15,August,Friday
ORD13079,C1533,2025-09-15,University Ave,Espresso Drinks,Latte,2,4.01,Card,3.0,8.02,September,Monday
ORD13080,C1130,2025-02-15,Riverside,Espresso Drinks,Flat White,2,5.22,Card,,10.44,February,Saturday
ORD13081,C1330,2025-12-26,Riverside,Pastries,Croissant,1,3.02,Card,,3.02,December,Friday
ORD13082,C1307,2025-03-31,Downtown,Espresso Drinks,Latte,1,3.91,Gift Card,,3.91,March,Monday
ORD13083,C1256,2025-12-20,Downtown,Pastries,Scone,1,3.33,Mobile Pay,4.0,3.33,December,Saturday
ORD13084,C1636,2025-06-12,Riverside,Espresso Drinks,Espresso Shot,1,3.98,Card,4.0,3.98,June,Thursday
ORD13085,C1387,2025-12-01,Riverside,Pastries,Croissant,1,3.62,Cash,5.0,3.62,December,Monday
ORD13086,C1215,2025-11-21,Downtown,Espresso Drinks,Cappuccino,1,4.08,Card,,4.08,November,Friday
ORD13087,C1562,2025-10-02,University Ave,Brewed Coffee,Cold Brew,1,3.74,Card,,3.74,October,Thursday
ORD13088,C1079,2025-11-30,Riverside,Pastries,Croissant,2,3.15,Mobile Pay,,6.3,November,Sunday
ORD13089,C1063,2025-08-10,University Ave,Espresso Drinks,Flat White,2,5.28,Mobile Pay,,10.56,August,Sunday
ORD13090,C1496,2025-11-05,Riverside,Pastries,Scone,2,3.12,Card,5.0,6.24,November,Wednesday
ORD13091,C1304,2025-03-04,University Ave,Brewed Coffee,Cold Brew,3,3.1,Card,,9.3,March,Tuesday
ORD13092,C1033,2025-01-26,Downtown,Brewed Coffee,Cold Brew,1,2.77,Mobile Pay,5.0,2.77,January,Sunday
ORD13093,C1340,2025-07-17,University Ave,Espresso Drinks,Flat White,3,4.85,Card,,14.55,July,Thursday
ORD13094,C1309,2025-10-22,Riverside,Espresso Drinks,Latte,1,5.52,Card,,5.52,October,Wednesday
ORD13095,C1276,2025-10-06,Downtown,Espresso Drinks,Flat White,2,4.36,Card,4.0,8.72,October,Monday
ORD13096,C1342,2025-07-12,Downtown,Brewed Coffee,Drip Coffee,1,3.35,Mobile Pay,3.0,3.35,July,Saturday
ORD13097,C1366,2025-07-09,Riverside,Espresso Drinks,Espresso Shot,2,3.97,Cash,,7.94,July,Wednesday
ORD13098,C1648,2025-08-10,Downtown,Tea,Green Tea,2,3.77,Cash,,7.54,August,Sunday
ORD13099,C1384,2025-11-13,University Ave,Espresso Drinks,Cappuccino,2,5.13,Card,4.0,10.26,November,Thursday
ORD13100,C1487,2025-11-03,University Ave,Espresso Drinks,Latte,2,5.04,Card,,10.08,November,Monday
ORD13101,C1229,2025-02-09,Riverside,Pastries,Croissant,3,3.15,Cash,,9.45,February,Sunday
ORD13102,C1326,2025-08-05,Riverside,Pastries,Cinnamon Roll,1,2.91,Mobile Pay,5.0,2.91,August,Tuesday
ORD13103,C1560,2025-05-19,Riverside,Brewed Coffee,Drip Coffee,1,3.07,Card,5.0,3.07,May,Monday
ORD13104,C1577,2025-10-18,Riverside,Pastries,Muffin,2,3.39,Mobile Pay,,6.78,October,Saturday
ORD13105,C1568,2025-07-04,University Ave,Pastries,Scone,2,3.36,Card,,6.72,July,Friday
ORD13106,C1193,2025-12-27,Downtown,Food,Bagel,1,8.19,Card,5.0,8.19,December,Saturday
ORD13107,C1607,2025-06-07,University Ave,Tea,Green Tea,1,3.52,Mobile Pay,,3.52,June,Saturday
ORD13108,C1460,2025-09-05,Riverside,Espresso Drinks,Cappuccino,1,3.81,Card,,3.81,September,Friday
ORD13109,C1215,2025-02-09,Riverside,Tea,Herbal Tea,1,4.16,Card,,4.16,February,Sunday
ORD13110,C1525,2025-12-06,University Ave,Espresso Drinks,Flat White,1,5.26,Cash,,5.26,December,Saturday
ORD13111,C1636,2025-02-25,Riverside,Pastries,Croissant,3,4.22,Mobile Pay,4.0,12.66,February,Tuesday
ORD13112,C1050,2025-05-18,Riverside,Brewed Coffee,Cold Brew,3,3.96,Card,4.0,11.88,May,Sunday
ORD13113,C1390,2025-11-01,Riverside,Espresso Drinks,Flat White,2,4.43,Card,4.0,8.86,November,Saturday
ORD13114,C1522,2025-12-19,Downtown,Tea,Green Tea,1,4.33,Card,,4.33,December,Friday
ORD13115,C1313,2025-06-26,Downtown,Pastries,Muffin,2,3.2,Card,5.0,6.4,June,Thursday
ORD13116,C1122,2025-06-26,Riverside,Espresso Drinks,Latte,3,5.4,Card,4.0,16.2,June,Thursday
ORD13117,C1561,2025-01-18,Downtown,Espresso Drinks,Espresso Shot,2,5.69,Cash,5.0,11.38,January,Saturday
ORD13118,C1442,2025-12-23,Downtown,Brewed Coffee,Drip Coffee,3,3.14,Card,4.0,9.42,December,Tuesday
ORD13119,C1108,2025-01-07,Riverside,Espresso Drinks,Espresso Shot,2,5.35,Cash,4.0,10.7,January,Tuesday
ORD13120,C1396,2025-01-10,Downtown,Brewed Coffee,Cold Brew,2,3.88,Card,,7.76,January,Friday
ORD13121,C1543,2025-06-22,Riverside,Brewed Coffee,Cold Brew,2,4.03,Mobile Pay,,8.06,June,Sunday
ORD13122,C1551,2025-01-02,Downtown,Pastries,Cinnamon Roll,1,4.21,Card,5.0,4.21,January,Thursday
ORD13123,C1072,2025-03-01,Downtown,Pastries,Cinnamon Roll,2,4.42,Mobile Pay,,8.84,March,Saturday
ORD13124,C1595,2025-08-17,Downtown,Espresso Drinks,Flat White,1,5.66,Card,3.0,5.66,August,Sunday
ORD13125,C1109,2025-09-14,Riverside,Pastries,Muffin,2,2.66,Mobile Pay,3.0,5.32,September,Sunday
ORD13126,C1294,2025-04-19,University Ave,Espresso Drinks,Flat White,1,5.18,Card,3.0,5.18,April,Saturday
ORD13127,C1454,2025-10-17,Downtown,Espresso Drinks,Latte,2,3.92,Gift Card,,7.84,October,Friday
ORD13128,C1330,2025-08-10,Downtown,Brewed Coffee,Drip Coffee,1,3.52,Mobile Pay,,3.52,August,Sunday
ORD13129,C1249,2025-03-25,Downtown,Brewed Coffee,Pour Over,1,4.03,Cash,,4.03,March,Tuesday
ORD13130,C1127,2025-09-17,University Ave,Espresso Drinks,Americano,1,3.9,Cash,,3.9,September,Wednesday
ORD13131,C1479,2025-08-04,University Ave,Tea,Green Tea,2,4.24,Cash,,8.48,August,Monday
ORD13132,C1379,2025-10-23,Downtown,Pastries,Cinnamon Roll,1,3.38,Mobile Pay,,3.38,October,Thursday
ORD13133,C1535,2025-02-26,Downtown,Food,Avocado Toast,2,6.03,Card,4.0,12.06,February,Wednesday
ORD13134,C1251,2025-03-26,Downtown,Brewed Coffee,Drip Coffee,3,3.73,Gift Card,3.0,11.19,March,Wednesday
ORD13135,C1422,2025-04-21,Downtown,Espresso Drinks,Americano,1,4.83,Card,,4.83,April,Monday
ORD13136,C1627,2025-05-05,University Ave,Brewed Coffee,Drip Coffee,2,3.23,Card,5.0,6.46,May,Monday
ORD13137,C1518,2025-11-20,Riverside,Espresso Drinks,Espresso Shot,2,4.47,Card,,8.94,November,Thursday
ORD13138,C1346,2025-09-24,Riverside,Espresso Drinks,Espresso Shot,3,4.32,Cash,5.0,12.96,September,Wednesday
ORD13139,C1088,2025-07-18,Downtown,Espresso Drinks,Cappuccino,2,4.98,Card,,9.96,July,Friday
ORD13140,C1566,2025-07-16,Downtown,Food,Breakfast Sandwich,1,7.92,Mobile Pay,5.0,7.92,July,Wednesday
ORD13141,C1359,2025-11-19,Downtown,Pastries,Muffin,1,2.86,Card,,2.86,November,Wednesday
ORD13142,C1250,2025-06-12,Riverside,Espresso Drinks,Cappuccino,1,3.75,Card,,3.75,June,Thursday
ORD13143,C1591,2025-03-23,Downtown,Food,Avocado Toast,2,6.77,Mobile Pay,,13.54,March,Sunday
ORD13144,C1440,2025-02-19,Riverside,Pastries,Croissant,1,3.26,Mobile Pay,3.0,3.26,February,Wednesday
ORD13145,C1323,2025-05-01,Riverside,Espresso Drinks,Americano,2,5.31,Gift Card,2.0,10.62,May,Thursday
ORD13146,C1588,2025-08-26,Riverside,Food,Avocado Toast,2,7.07,Cash,5.0,14.14,August,Tuesday
ORD13147,C1028,2025-06-21,Downtown,Pastries,Muffin,2,3.6,Mobile Pay,,7.2,June,Saturday
ORD13148,C1104,2025-06-03,University Ave,Tea,Herbal Tea,3,4.19,Mobile Pay,,12.57,June,Tuesday
ORD13149,C1579,2025-06-24,Riverside,Espresso Drinks,Americano,2,5.51,Mobile Pay,,11.02,June,Tuesday
ORD13150,C1275,2025-12-21,Downtown,Espresso Drinks,Americano,2,4.51,Mobile Pay,,9.02,December,Sunday
ORD13151,C1375,2025-12-30,Riverside,Brewed Coffee,Cold Brew,3,3.01,Card,3.0,9.03,December,Tuesday
ORD13152,C1192,2025-02-28,University Ave,Brewed Coffee,Drip Coffee,3,4.16,Card,4.0,12.48,February,Friday
ORD13153,C1499,2025-02-11,University Ave,Brewed Coffee,Pour Over,1,4.03,Card,5.0,4.03,February,Tuesday
ORD13154,C1188,2025-03-30,Downtown,Brewed Coffee,Pour Over,2,4.24,Card,,8.48,March,Sunday
ORD13155,C1257,2025-11-07,Riverside,Espresso Drinks,Americano,1,4.85,Mobile Pay,,4.85,November,Friday
ORD13156,C1189,2025-06-17,Riverside,Brewed Coffee,Drip Coffee,1,2.81,Mobile Pay,4.0,2.81,June,Tuesday
ORD13157,C1588,2025-11-11,Downtown,Tea,Herbal Tea,2,4.7,Cash,,9.4,November,Tuesday
ORD13158,C1344,2025-08-24,University Ave,Pastries,Croissant,1,3.31,Card,,3.31,August,Sunday
ORD13159,C1090,2025-07-21,Downtown,Tea,Herbal Tea,1,4.43,Card,,4.43,July,Monday
ORD13160,C1578,2025-04-13,University Ave,Pastries,Scone,1,3.23,Gift Card,,3.23,April,Sunday
ORD13161,C1150,2025-05-06,University Ave,Pastries,Cinnamon Roll,2,2.67,Card,,5.34,May,Tuesday
ORD13162,C1073,2025-02-23,Riverside,Espresso Drinks,Flat White,1,4.18,Card,,4.18,February,Sunday
ORD13163,C1477,2025-07-08,Downtown,Espresso Drinks,Flat White,3,4.06,Card,5.0,12.18,July,Tuesday
ORD13164,C1398,2025-04-13,Riverside,Tea,Green Tea,1,4.21,Mobile Pay,3.0,4.21,April,Sunday
ORD13165,C1339,2025-04-17,Downtown,Espresso Drinks,Latte,1,4.32,Mobile Pay,,4.32,April,Thursday
ORD13166,C1623,2025-01-15,Riverside,Espresso Drinks,Latte,3,5.02,Card,2.0,15.06,January,Wednesday
ORD13167,C1245,2025-10-18,Riverside,Brewed Coffee,Cold Brew,2,2.91,Card,3.0,5.82,October,Saturday
ORD13168,C1438,2025-12-08,Downtown,Brewed Coffee,Pour Over,1,3.24,Card,,3.24,December,Monday
ORD13169,C1198,2025-07-01,University Ave,Espresso Drinks,Flat White,1,5.46,Mobile Pay,,5.46,July,Tuesday
ORD13170,C1259,2025-07-15,Downtown,Espresso Drinks,Espresso Shot,2,4.77,Mobile Pay,,9.54,July,Tuesday
ORD13171,C1265,2025-12-04,Riverside,Brewed Coffee,Drip Coffee,2,3.52,Card,,7.04,December,Thursday
ORD13172,C1116,2025-07-06,Downtown,Pastries,Scone,1,3.8,Mobile Pay,,3.8,July,Sunday
ORD13173,C1003,2025-08-15,University Ave,Brewed Coffee,Cold Brew,2,3.84,Cash,4.0,7.68,August,Friday
ORD13174,C1638,2025-06-05,Downtown,Espresso Drinks,Cappuccino,2,3.78,Card,,7.56,June,Thursday
ORD13175,C1146,2025-07-07,Downtown,Food,Bagel,2,5.71,Card,4.0,11.42,July,Monday
ORD13176,C1101,2025-07-09,Riverside,Espresso Drinks,Flat White,1,4.55,Mobile Pay,,4.55,July,Wednesday
ORD13177,C1206,2025-09-16,Riverside,Pastries,Muffin,2,3.78,Card,,7.56,September,Tuesday
ORD13178,C1260,2025-08-08,Riverside,Espresso Drinks,Cappuccino,2,4.96,Mobile Pay,,9.92,August,Friday
ORD13179,C1642,2025-07-03,University Ave,Food,Breakfast Sandwich,3,5.95,Mobile Pay,,17.85,July,Thursday
ORD13180,C1328,2025-01-28,Riverside,Espresso Drinks,Espresso Shot,1,5.47,Mobile Pay,3.0,5.47,January,Tuesday
ORD13181,C1417,2025-11-26,Riverside,Espresso Drinks,Americano,2,5.33,Mobile Pay,4.0,10.66,November,Wednesday
ORD13182,C1505,2025-11-20,Downtown,Espresso Drinks,Cappuccino,3,4.09,Card,,12.27,November,Thursday
ORD13183,C1222,2025-03-09,Downtown,Pastries,Croissant,2,3.44,Card,,6.88,March,Sunday
ORD13184,C1076,2025-04-17,University Ave,Espresso Drinks,Espresso Shot,1,5.53,Mobile Pay,,5.53,April,Thursday
ORD13185,C1258,2025-12-21,Riverside,Espresso Drinks,Americano,2,4.89,Cash,,9.78,December,Sunday
ORD13186,C1441,2025-04-27,University Ave,Pastries,Croissant,3,3.49,Mobile Pay,3.0,10.47,April,Sunday
ORD13187,C1517,2025-10-23,Downtown,Food,Breakfast Sandwich,2,5.8,Mobile Pay,,11.6,October,Thursday
ORD13188,C1410,2025-10-14,University Ave,Espresso Drinks,Americano,2,4.44,Card,,8.88,October,Tuesday
ORD13189,C1574,2025-11-10,Riverside,Espresso Drinks,Flat White,1,4.78,Card,,4.78,November,Monday
ORD13190,C1400,2025-01-06,University Ave,Tea,Herbal Tea,1,3.8,Card,,3.8,January,Monday
ORD13191,C1322,2025-06-25,University Ave,Food,Bagel,2,5.69,Mobile Pay,,11.38,June,Wednesday
ORD13192,C1580,2025-07-25,Riverside,Espresso Drinks,Flat White,1,5.4,Mobile Pay,,5.4,July,Friday
ORD13193,C1531,2025-11-01,University Ave,Espresso Drinks,Flat White,3,3.98,Card,,11.94,November,Saturday
ORD13194,C1537,2025-03-23,University Ave,Pastries,Cinnamon Roll,1,2.8,Cash,3.0,2.8,March,Sunday
ORD13195,C1251,2025-04-22,Riverside,Food,Bagel,2,6.49,Card,,12.98,April,Tuesday
ORD13196,C1626,2025-03-07,Downtown,Pastries,Croissant,3,4.12,Mobile Pay,4.0,12.36,March,Friday
ORD13197,C1069,2025-10-05,University Ave,Pastries,Muffin,2,4.43,Card,,8.86,October,Sunday
ORD13198,C1276,2025-12-30,Riverside,Tea,Green Tea,1,4.42,Cash,4.0,4.42,December,Tuesday
ORD13199,C1616,2025-02-21,Downtown,Tea,Green Tea,1,3.78,Card,4.0,3.78,February,Friday
ORD13200,C1019,2025-03-26,Riverside,Food,Bagel,2,8.4,Card,,16.8,March,Wednesday
ORD13201,C1513,2025-04-22,University Ave,Food,Avocado Toast,1,8.35,Card,,8.35,April,Tuesday
ORD13203,C1326,2025-06-12,University Ave,Brewed Coffee,Drip Coffee,3,3.31,Cash,,9.93,June,Thursday
ORD13204,C1320,2025-04-13,University Ave,Food,Bagel,2,5.79,Mobile Pay,,11.58,April,Sunday
ORD13205,C1170,2025-04-28,Riverside,Espresso Drinks,Espresso Shot,3,4.12,Card,,12.36,April,Monday
ORD13206,C1272,2025-08-06,Riverside,Pastries,Croissant,1,3.32,Card,,3.32,August,Wednesday
ORD13207,C1493,2025-05-21,University Ave,Brewed Coffee,Drip Coffee,1,2.98,Cash,,2.98,May,Wednesday
ORD13208,C1201,2025-02-21,Downtown,Pastries,Cinnamon Roll,1,3.65,Card,4.0,3.65,February,Friday
ORD13209,C1454,2025-10-26,University Ave,Brewed Coffee,Pour Over,2,4.25,Card,,8.5,October,Sunday
ORD13210,C1345,2025-06-03,Downtown,Brewed Coffee,Cold Brew,1,3.69,Card,,3.69,June,Tuesday
ORD13211,C1240,2025-04-04,Downtown,Espresso Drinks,Americano,1,3.79,Card,,3.79,April,Friday
ORD13212,C1523,2025-09-23,Downtown,Brewed Coffee,Drip Coffee,2,4.12,Mobile Pay,2.0,8.24,September,Tuesday
ORD13213,C1486,2025-09-29,Riverside,Brewed Coffee,Cold Brew,3,4.15,Card,,12.45,September,Monday
ORD13214,C1602,2025-02-26,University Ave,Espresso Drinks,Flat White,2,5.41,Card,,10.82,February,Wednesday
ORD13215,C1013,2025-01-27,Downtown,Espresso Drinks,Americano,1,5.35,Card,4.0,5.35,January,Monday
ORD13216,C1105,2025-01-17,Riverside,Food,Breakfast Sandwich,1,8.0,Cash,,8.0,January,Friday
ORD13217,C1073,2025-10-06,University Ave,Pastries,Muffin,2,4.43,Card,3.0,8.86,October,Monday
ORD13218,C1213,2025-08-16,Downtown,Espresso Drinks,Cappuccino,3,4.75,Card,5.0,14.25,August,Saturday
ORD13219,C1123,2025-10-16,Downtown,Brewed Coffee,Drip Coffee,1,3.24,Cash,4.0,3.24,October,Thursday
ORD13220,C1307,2025-08-17,Downtown,Pastries,Cinnamon Roll,3,3.14,Mobile Pay,3.0,9.42,August,Sunday
ORD13221,C1073,2025-05-27,Downtown,Brewed Coffee,Drip Coffee,2,4.19,Mobile Pay,4.0,8.38,May,Tuesday
ORD13222,C1169,2025-08-03,Downtown,Pastries,Cinnamon Roll,1,2.9,Card,4.0,2.9,August,Sunday
ORD13223,C1172,2025-09-20,University Ave,Pastries,Scone,2,3.77,Cash,,7.54,September,Saturday
ORD13224,C1228,2025-05-26,Downtown,Brewed Coffee,Cold Brew,1,3.92,Card,5.0,3.92,May,Monday
ORD13225,C1162,2025-11-30,Downtown,Espresso Drinks,Americano,1,4.75,Card,5.0,4.75,November,Sunday
ORD13226,C1507,2025-11-24,University Ave,Brewed Coffee,Pour Over,3,3.68,Mobile Pay,4.0,11.04,November,Monday
ORD13227,C1492,2025-10-19,Riverside,Espresso Drinks,Americano,2,3.98,Card,,7.96,October,Sunday
ORD13228,C1277,2025-12-28,Downtown,Brewed Coffee,Cold Brew,1,3.38,Card,4.0,3.38,December,Sunday
ORD13229,C1048,2025-05-23,University Ave,Brewed Coffee,Drip Coffee,1,4.16,Cash,,4.16,May,Friday
ORD13230,C1139,2025-02-11,Riverside,Pastries,Croissant,3,3.4,Mobile Pay,5.0,10.2,February,Tuesday
ORD13231,C1185,2025-06-26,Downtown,Brewed Coffee,Cold Brew,2,3.27,Card,4.0,6.54,June,Thursday
ORD13232,C1122,2025-09-29,Riverside,Espresso Drinks,Espresso Shot,1,5.43,Card,,5.43,September,Monday
ORD13233,C1074,2025-10-11,Riverside,Espresso Drinks,Flat White,1,5.61,Card,,5.61,October,Saturday
ORD13234,C1539,2025-05-22,Riverside,Espresso Drinks,Espresso Shot,1,4.11,Card,5.0,4.11,May,Thursday
ORD13235,C1397,2025-04-17,University Ave,Espresso Drinks,Latte,1,5.04,Mobile Pay,,5.04,April,Thursday
ORD13236,C1056,2025-06-12,Downtown,Brewed Coffee,Cold Brew,2,3.5,Card,,7.0,June,Thursday
ORD13237,C1605,2025-10-20,Riverside,Pastries,Scone,1,3.89,Mobile Pay,4.0,3.89,October,Monday
ORD13238,C1157,2025-01-23,Riverside,Espresso Drinks,Flat White,3,5.36,Card,,16.08,January,Thursday
ORD13239,C1468,2025-04-30,Riverside,Food,Breakfast Sandwich,1,6.01,Card,,6.01,April,Wednesday
ORD13240,C1275,2025-03-25,Riverside,Pastries,Muffin,2,2.74,Mobile Pay,,5.48,March,Tuesday
ORD13241,C1412,2025-10-21,Downtown,Tea,Chai Latte,1,4.14,Cash,,4.14,October,Tuesday
ORD13242,C1390,2025-06-20,Downtown,Espresso Drinks,Latte,2,3.92,Cash,5.0,7.84,June,Friday
ORD13243,C1298,2025-02-01,Riverside,Pastries,Cinnamon Roll,1,3.15,Card,,3.15,February,Saturday
ORD13244,C1233,2025-04-06,Downtown,Tea,Herbal Tea,1,3.92,Card,3.0,3.92,April,Sunday
ORD13245,C1543,2025-01-17,Downtown,Pastries,Scone,2,3.11,Mobile Pay,4.0,6.22,January,Friday
ORD13246,C1630,2025-06-23,Downtown,Espresso Drinks,Espresso Shot,2,3.81,Mobile Pay,,7.62,June,Monday
ORD13247,C1043,2025-12-30,Downtown,Pastries,Cinnamon Roll,2,3.71,Mobile Pay,,7.42,December,Tuesday
ORD13248,C1529,2025-07-26,Riverside,Pastries,Scone,2,3.15,Cash,4.0,6.3,July,Saturday
ORD13249,C1127,2025-11-13,Riverside,Espresso Drinks,Americano,2,4.9,Card,,9.8,November,Thursday
ORD13250,C1402,2025-09-28,University Ave,Tea,Chai Latte,2,4.45,Card,,8.9,September,Sunday
ORD13251,C1582,2025-11-18,Riverside,Pastries,Muffin,1,3.86,Card,,3.86,November,Tuesday
ORD13252,C1518,2025-04-24,Riverside,Espresso Drinks,Espresso Shot,1,4.15,Card,,4.15,April,Thursday
ORD13253,C1555,2025-12-13,Downtown,Food,Breakfast Sandwich,1,6.23,Card,5.0,6.23,December,Saturday
ORD13254,C1325,2025-03-28,University Ave,Brewed Coffee,Pour Over,1,3.29,Card,,3.29,March,Friday
ORD13255,C1504,2025-06-09,Riverside,Pastries,Croissant,1,3.73,Mobile Pay,3.0,3.73,June,Monday
ORD13256,C1033,2025-09-05,University Ave,Food,Bagel,2,5.52,Card,5.0,11.04,September,Friday
ORD13257,C1610,2025-04-15,Riverside,Espresso Drinks,Flat White,2,4.48,Mobile Pay,,8.96,April,Tuesday
ORD13258,C1222,2025-04-07,University Ave,Espresso Drinks,Espresso Shot,2,5.08,Cash,5.0,10.16,April,Monday
ORD13259,C1173,2025-02-17,Riverside,Espresso Drinks,Flat White,1,4.13,Card,3.0,4.13,February,Monday
ORD13260,C1344,2025-01-02,Downtown,Espresso Drinks,Cappuccino,1,4.14,Card,4.0,4.14,January,Thursday
ORD13261,C1154,2025-07-02,University Ave,Pastries,Muffin,1,2.67,Cash,,2.67,July,Wednesday
ORD13262,C1166,2025-12-26,Downtown,Pastries,Scone,2,4.39,Card,,8.78,December,Friday
ORD13263,C1290,2025-03-22,Downtown,Espresso Drinks,Cappuccino,2,4.72,Mobile Pay,,9.44,March,Saturday
ORD13264,C1569,2025-06-10,Riverside,Espresso Drinks,Espresso Shot,1,5.67,Cash,,5.67,June,Tuesday
ORD13265,C1299,2025-12-07,Downtown,Pastries,Cinnamon Roll,3,2.67,Cash,,8.01,December,Sunday
ORD13266,C1111,2025-10-09,Downtown,Tea,Herbal Tea,1,3.33,Mobile Pay,,3.33,October,Thursday
ORD13267,C1268,2025-01-02,Riverside,Brewed Coffee,Cold Brew,1,3.8,Mobile Pay,4.0,3.8,January,Thursday
ORD13268,C1513,2025-07-02,University Ave,Food,Breakfast Sandwich,2,7.13,Mobile Pay,4.0,14.26,July,Wednesday
ORD13269,C1553,2025-02-22,University Ave,Food,Bagel,1,6.06,Card,,6.06,February,Saturday
ORD13270,C1212,2025-03-31,Downtown,Brewed Coffee,Drip Coffee,1,4.06,Mobile Pay,,4.06,March,Monday
ORD13271,C1400,2025-03-31,Riverside,Espresso Drinks,Espresso Shot,1,4.66,Cash,4.0,4.66,March,Monday
ORD13272,C1604,2025-08-11,University Ave,Brewed Coffee,Cold Brew,2,4.14,Mobile Pay,,8.28,August,Monday
ORD13273,C1138,2025-03-14,University Ave,Espresso Drinks,Latte,2,5.5,Mobile Pay,4.0,11.0,March,Friday
ORD13274,C1375,2025-04-02,Downtown,Espresso Drinks,Americano,1,4.81,Card,5.0,4.81,April,Wednesday
ORD13275,C1033,2025-03-24,Downtown,Espresso Drinks,Espresso Shot,3,4.69,Card,2.0,14.07,March,Monday
ORD13276,C1598,2025-05-10,Downtown,Espresso Drinks,Americano,1,3.78,Card,4.0,3.78,May,Saturday
ORD13277,C1331,2025-08-27,Riverside,Brewed Coffee,Cold Brew,1,4.07,Card,,4.07,August,Wednesday
ORD13278,C1629,2025-05-26,Downtown,Brewed Coffee,Drip Coffee,3,3.8,Cash,5.0,11.4,May,Monday
ORD13279,C1266,2025-04-30,Riverside,Tea,Herbal Tea,1,3.37,Card,,3.37,April,Wednesday
ORD13280,C1250,2025-07-08,University Ave,Pastries,Croissant,1,4.26,Card,4.0,4.26,July,Tuesday
ORD13281,C1020,2025-08-12,University Ave,Espresso Drinks,Americano,2,4.86,Card,,9.72,August,Tuesday
ORD13282,C1191,2025-01-06,Downtown,Brewed Coffee,Cold Brew,2,3.16,Mobile Pay,3.0,6.32,January,Monday
ORD13283,C1072,2025-11-21,Downtown,Espresso Drinks,Cappuccino,1,5.33,Cash,3.0,5.33,November,Friday
ORD13284,C1335,2025-11-30,Riverside,Brewed Coffee,Cold Brew,3,3.25,Gift Card,,9.75,November,Sunday
ORD13285,C1048,2025-08-08,University Ave,Brewed Coffee,Pour Over,1,3.05,Card,,3.05,August,Friday
ORD13286,C1591,2025-07-29,Riverside,Food,Avocado Toast,2,7.89,Card,,15.78,July,Tuesday
ORD13287,C1288,2025-09-10,Downtown,Tea,Green Tea,2,4.41,Mobile Pay,,8.82,September,Wednesday
ORD13288,C1449,2025-06-10,Downtown,Espresso Drinks,Cappuccino,2,5.15,Card,4.0,10.3,June,Tuesday
ORD13289,C1310,2025-05-14,Downtown,Pastries,Scone,2,3.32,Mobile Pay,,6.64,May,Wednesday
ORD13290,C1559,2025-05-09,Downtown,Pastries,Cinnamon Roll,1,3.83,Mobile Pay,4.0,3.83,May,Friday
ORD13291,C1312,2025-02-28,Downtown,Espresso Drinks,Espresso Shot,2,4.83,Mobile Pay,,9.66,February,Friday
ORD13292,C1614,2025-11-03,University Ave,Pastries,Croissant,1,2.53,Card,,2.53,November,Monday
ORD13293,C1005,2025-04-27,Riverside,Pastries,Croissant,2,3.78,Card,,7.56,April,Sunday
ORD13294,C1281,2025-04-14,Downtown,Espresso Drinks,Latte,1,4.84,Mobile Pay,,4.84,April,Monday
ORD13295,C1058,2025-12-17,Riverside,Pastries,Cinnamon Roll,1,2.81,Mobile Pay,,2.81,December,Wednesday
ORD13296,C1567,2025-07-04,University Ave,Espresso Drinks,Americano,2,4.45,Mobile Pay,4.0,8.9,July,Friday
ORD13297,C1511,2025-08-15,Downtown,Espresso Drinks,Flat White,3,4.85,Mobile Pay,,14.55,August,Friday
ORD13298,C1273,2025-03-31,University Ave,Espresso Drinks,Americano,1,5.55,Gift Card,,5.55,March,Monday
ORD13299,C1198,2025-04-12,Riverside,Espresso Drinks,Americano,2,4.19,Mobile Pay,5.0,8.38,April,Saturday
ORD13300,C1573,2025-09-23,University Ave,Food,Avocado Toast,1,6.37,Mobile Pay,4.0,6.37,September,Tuesday
ORD13301,C1467,2025-06-14,Riverside,Brewed Coffee,Cold Brew,1,2.85,Card,,2.85,June,Saturday
ORD13302,C1403,2025-02-23,Downtown,Food,Bagel,2,6.3,Cash,,12.6,February,Sunday
ORD13303,C1411,2025-11-01,Riverside,Espresso Drinks,Americano,2,5.27,Card,,10.54,November,Saturday
ORD13304,C1019,2025-05-27,Downtown,Tea,Green Tea,1,3.93,Mobile Pay,5.0,3.93,May,Tuesday
ORD13305,C1073,2025-09-01,Downtown,Brewed Coffee,Pour Over,3,4.05,Mobile Pay,5.0,12.15,September,Monday
ORD13306,C1088,2025-05-05,University Ave,Espresso Drinks,Americano,3,5.31,Mobile Pay,,15.93,May,Monday
ORD13307,C1394,2025-07-24,Riverside,Food,Breakfast Sandwich,3,7.77,Card,,23.31,July,Thursday
ORD13308,C1542,2025-10-10,Downtown,Espresso Drinks,Cappuccino,1,4.59,Gift Card,,4.59,October,Friday
ORD13309,C1623,2025-11-19,Riverside,Espresso Drinks,Latte,1,4.92,Mobile Pay,4.0,4.92,November,Wednesday
ORD13310,C1641,2025-03-17,University Ave,Pastries,Scone,1,2.83,Cash,,2.83,March,Monday
ORD13311,C1576,2025-09-02,Riverside,Pastries,Croissant,2,2.81,Mobile Pay,4.0,5.62,September,Tuesday
ORD13312,C1499,2025-11-29,University Ave,Food,Bagel,2,5.61,Mobile Pay,,11.22,November,Saturday
ORD13313,C1053,2025-08-22,Downtown,Pastries,Croissant,1,3.27,Card,3.0,3.27,August,Friday
ORD13314,C1408,2025-02-22,Downtown,Espresso Drinks,Americano,1,4.3,Card,3.0,4.3,February,Saturday
ORD13315,C1552,2025-03-11,University Ave,Tea,Herbal Tea,3,4.08,Card,,12.24,March,Tuesday
ORD13316,C1092,2025-03-15,University Ave,Brewed Coffee,Drip Coffee,1,4.11,Card,,4.11,March,Saturday
ORD13317,C1303,2025-02-08,University Ave,Espresso Drinks,Espresso Shot,1,4.9,Gift Card,,4.9,February,Saturday
ORD13318,C1062,2025-10-02,University Ave,Espresso Drinks,Espresso Shot,3,3.76,Card,3.0,11.28,October,Thursday
ORD13319,C1312,2025-12-18,Downtown,Espresso Drinks,Americano,3,4.64,Card,,13.92,December,Thursday
ORD13320,C1132,2025-07-08,Riverside,Food,Bagel,1,7.13,Card,5.0,7.13,July,Tuesday
ORD13321,C1641,2025-08-06,University Ave,Espresso Drinks,Americano,1,5.73,Card,,5.73,August,Wednesday
ORD13322,C1458,2025-10-09,University Ave,Espresso Drinks,Latte,2,5.04,Mobile Pay,,10.08,October,Thursday
ORD13323,C1531,2025-06-01,Downtown,Food,Bagel,3,6.26,Mobile Pay,,18.78,June,Sunday
ORD13324,C1390,2025-06-21,Riverside,Brewed Coffee,Drip Coffee,2,3.92,Mobile Pay,2.0,7.84,June,Saturday
ORD13325,C1212,2025-08-03,Riverside,Espresso Drinks,Espresso Shot,1,5.53,Gift Card,5.0,5.53,August,Sunday
ORD13326,C1637,2025-04-21,Riverside,Pastries,Scone,3,3.57,Card,,10.71,April,Monday
ORD13327,C1111,2025-01-23,University Ave,Brewed Coffee,Drip Coffee,2,3.0,Card,,6.0,January,Thursday
ORD13328,C1389,2025-07-26,University Ave,Tea,Herbal Tea,1,4.64,Mobile Pay,4.0,4.64,July,Saturday
ORD13329,C1356,2025-10-27,University Ave,Espresso Drinks,Flat White,2,4.53,Card,3.0,9.06,October,Monday
ORD13330,C1561,2025-01-27,Downtown,Espresso Drinks,Flat White,2,5.36,Mobile Pay,4.0,10.72,January,Monday
ORD13331,C1160,2025-03-20,Downtown,Brewed Coffee,Drip Coffee,2,3.86,Card,4.0,7.72,March,Thursday
ORD13332,C1382,2025-04-06,Riverside,Pastries,Croissant,2,2.65,Card,5.0,5.3,April,Sunday
ORD13333,C1362,2025-10-20,Riverside,Food,Avocado Toast,3,6.96,Card,4.0,20.88,October,Monday
ORD13334,C1370,2025-07-03,Riverside,Brewed Coffee,Pour Over,1,3.7,Card,3.0,3.7,July,Thursday
ORD13335,C1360,2025-07-14,University Ave,Espresso Drinks,Latte,1,5.69,Card,3.0,5.69,July,Monday
ORD13336,C1234,2025-08-23,Downtown,Espresso Drinks,Cappuccino,3,5.71,Card,,17.13,August,Saturday
ORD13337,C1006,2025-04-11,Riverside,Pastries,Cinnamon Roll,1,2.79,Card,,2.79,April,Friday
ORD13338,C1136,2025-09-17,Riverside,Espresso Drinks,Flat White,2,4.11,Card,,8.22,September,Wednesday
ORD13339,C1196,2025-01-11,Riverside,Food,Bagel,2,8.32,Card,,16.64,January,Saturday
ORD13340,C1551,2025-02-11,Downtown,Brewed Coffee,Cold Brew,3,3.16,Card,,9.48,February,Tuesday
ORD13341,C1069,2025-10-24,University Ave,Brewed Coffee,Pour Over,1,3.39,Cash,3.0,3.39,October,Friday
ORD13342,C1379,2025-08-28,University Ave,Brewed Coffee,Cold Brew,1,2.94,Gift Card,,2.94,August,Thursday
ORD13343,C1303,2025-03-06,Downtown,Tea,Chai Latte,1,3.49,Card,,3.49,March,Thursday
ORD13344,C1281,2025-06-09,Downtown,Food,Breakfast Sandwich,1,8.32,Card,4.0,8.32,June,Monday
ORD13345,C1449,2025-01-19,University Ave,Pastries,Cinnamon Roll,1,3.55,Card,,3.55,January,Sunday
ORD13346,C1513,2025-09-02,Riverside,Pastries,Croissant,1,3.39,Card,5.0,3.39,September,Tuesday
ORD13347,C1424,2025-10-03,Downtown,Tea,Green Tea,2,3.31,Card,4.0,6.62,October,Friday
ORD13348,C1249,2025-04-12,University Ave,Espresso Drinks,Americano,1,4.21,Card,,4.21,April,Saturday
ORD13349,C1183,2025-05-08,Riverside,Espresso Drinks,Latte,2,5.46,Card,,10.92,May,Thursday
ORD13350,C1137,2025-03-28,Downtown,Espresso Drinks,Espresso Shot,1,5.18,Card,,5.18,March,Friday
ORD13351,C1039,2025-05-22,Riverside,Pastries,Cinnamon Roll,3,3.61,Card,3.0,10.83,May,Thursday
ORD13352,C1320,2025-04-10,Downtown,Espresso Drinks,Flat White,1,4.56,Card,4.0,4.56,April,Thursday
ORD13353,C1050,2025-03-31,University Ave,Tea,Chai Latte,1,3.32,Card,,3.32,March,Monday
ORD13354,C1318,2025-06-06,Riverside,Tea,Herbal Tea,2,3.64,Card,,7.28,June,Friday
ORD13355,C1226,2025-11-09,Downtown,Brewed Coffee,Drip Coffee,1,3.96,Card,,3.96,November,Sunday
ORD13356,C1159,2025-10-05,University Ave,Espresso Drinks,Cappuccino,1,5.12,Card,,5.12,October,Sunday
ORD13357,C1635,2025-04-19,Downtown,Pastries,Cinnamon Roll,1,4.44,Cash,,4.44,April,Saturday
ORD13358,C1410,2025-12-10,University Ave,Brewed Coffee,Pour Over,2,3.89,Cash,3.0,7.78,December,Wednesday
ORD13359,C1469,2025-03-18,Downtown,Espresso Drinks,Latte,1,5.24,Card,3.0,5.24,March,Tuesday
ORD13360,C1554,2025-11-28,University Ave,Espresso Drinks,Flat White,1,5.03,Card,4.0,5.03,November,Friday
ORD13361,C1498,2025-04-23,University Ave,Pastries,Muffin,1,4.36,Mobile Pay,3.0,4.36,April,Wednesday
ORD13362,C1067,2025-07-16,Downtown,Food,Bagel,2,7.76,Card,,15.52,July,Wednesday
ORD13363,C1645,2025-03-15,Downtown,Pastries,Cinnamon Roll,2,3.31,Card,3.0,6.62,March,Saturday
ORD13364,C1634,2025-10-05,University Ave,Brewed Coffee,Cold Brew,2,3.13,Card,4.0,6.26,October,Sunday
ORD13365,C1066,2025-04-26,Downtown,Pastries,Muffin,1,2.73,Mobile Pay,5.0,2.73,April,Saturday
ORD13366,C1229,2025-11-14,Downtown,Tea,Green Tea,1,4.27,Mobile Pay,,4.27,November,Friday
ORD13367,C1534,2025-01-31,Riverside,Pastries,Scone,1,4.25,Mobile Pay,4.0,4.25,January,Friday
ORD13368,C1439,2025-07-02,Riverside,Pastries,Cinnamon Roll,3,3.68,Card,3.0,11.04,July,Wednesday
ORD13369,C1052,2025-02-27,Downtown,Food,Breakfast Sandwich,3,7.36,Card,,22.08,February,Thursday
ORD13370,C1412,2025-11-20,University Ave,Espresso Drinks,Latte,1,4.26,Card,2.0,4.26,November,Thursday
ORD13371,C1271,2025-06-01,Riverside,Pastries,Scone,3,3.79,Mobile Pay,3.0,11.37,June,Sunday
ORD13372,C1620,2025-09-03,Downtown,Tea,Green Tea,2,3.49,Mobile Pay,,6.98,September,Wednesday
ORD13373,C1374,2025-11-17,Riverside,Brewed Coffee,Drip Coffee,1,3.37,Mobile Pay,5.0,3.37,November,Monday
ORD13374,C1081,2025-07-14,Downtown,Brewed Coffee,Pour Over,1,3.26,Mobile Pay,,3.26,July,Monday
ORD13375,C1014,2025-01-21,Downtown,Espresso Drinks,Cappuccino,2,5.52,Cash,,11.04,January,Tuesday
ORD13376,C1304,2025-03-22,Riverside,Espresso Drinks,Cappuccino,1,4.5,Mobile Pay,2.0,4.5,March,Saturday
ORD13377,C1052,2025-03-19,Riverside,Espresso Drinks,Cappuccino,1,4.65,Card,5.0,4.65,March,Wednesday
ORD13378,C1003,2025-11-29,Riverside,Espresso Drinks,Cappuccino,1,3.75,Card,,3.75,November,Saturday
ORD13379,C1559,2025-11-27,Riverside,Espresso Drinks,Flat White,1,3.84,Card,,3.84,November,Thursday
ORD13380,C1336,2025-06-23,Riverside,Brewed Coffee,Cold Brew,1,3.46,Mobile Pay,,3.46,June,Monday
ORD13381,C1424,2025-11-20,Downtown,Espresso Drinks,Cappuccino,1,5.1,Mobile Pay,,5.1,November,Thursday
ORD13382,C1560,2025-03-31,Riverside,Brewed Coffee,Pour Over,3,3.41,Mobile Pay,3.0,10.23,March,Monday
ORD13383,C1457,2025-09-05,Downtown,Espresso Drinks,Latte,2,4.88,Mobile Pay,2.0,9.76,September,Friday
ORD13384,C1322,2025-05-23,University Ave,Espresso Drinks,Cappuccino,2,4.22,Card,3.0,8.44,May,Friday
ORD13385,C1132,2025-03-29,Riverside,Pastries,Scone,2,3.37,Mobile Pay,5.0,6.74,March,Saturday
ORD13386,C1278,2025-04-02,Riverside,Tea,Green Tea,2,3.6,Mobile Pay,,7.2,April,Wednesday
ORD13387,C1649,2025-06-02,Riverside,Brewed Coffee,Cold Brew,1,3.52,Mobile Pay,,3.52,June,Monday
ORD13388,C1080,2025-05-04,Downtown,Pastries,Scone,1,3.6,Card,,3.6,May,Sunday
ORD13389,C1470,2025-03-18,University Ave,Espresso Drinks,Latte,2,5.03,Card,4.0,10.06,March,Tuesday
ORD13390,C1480,2025-05-02,Downtown,Espresso Drinks,Flat White,2,5.65,Card,,11.3,May,Friday
ORD13391,C1411,2025-02-16,Riverside,Brewed Coffee,Drip Coffee,2,3.98,Mobile Pay,,7.96,February,Sunday
ORD13392,C1128,2025-12-19,University Ave,Food,Avocado Toast,1,7.28,Gift Card,,7.28,December,Friday
ORD13393,C1494,2025-05-19,University Ave,Pastries,Croissant,1,3.4,Mobile Pay,4.0,3.4,May,Monday
ORD13394,C1234,2025-02-09,University Ave,Pastries,Muffin,1,4.2,Cash,,4.2,February,Sunday
ORD13395,C1426,2025-07-29,Riverside,Pastries,Croissant,1,3.73,Card,3.0,3.73,July,Tuesday
ORD13396,C1289,2025-11-18,Riverside,Brewed Coffee,Pour Over,1,3.76,Cash,5.0,3.76,November,Tuesday
ORD13397,C1642,2025-05-12,Downtown,Espresso Drinks,Flat White,3,5.47,Card,,16.41,May,Monday
ORD13398,C1236,2025-11-04,Riverside,Espresso Drinks,Cappuccino,3,3.85,Mobile Pay,,11.55,November,Tuesday
ORD13399,C1331,2025-08-11,Riverside,Espresso Drinks,Flat White,3,3.86,Card,3.0,11.58,August,Monday
ORD13400,C1071,2025-09-27,Downtown,Espresso Drinks,Espresso Shot,1,4.21,Card,5.0,4.21,September,Saturday
ORD13401,C1564,2025-04-18,Downtown,Tea,Herbal Tea,1,4.08,Gift Card,,4.08,April,Friday
ORD13402,C1574,2025-01-14,Downtown,Pastries,Cinnamon Roll,1,3.22,Card,,3.22,January,Tuesday
ORD13403,C1197,2025-05-06,Riverside,Food,Avocado Toast,1,6.21,Card,,6.21,May,Tuesday
ORD13404,C1044,2025-12-03,Downtown,Brewed Coffee,Cold Brew,1,3.86,Card,,3.86,December,Wednesday
ORD13405,C1389,2025-10-15,University Ave,Pastries,Muffin,2,2.97,Cash,3.0,5.94,October,Wednesday
ORD13406,C1444,2025-10-13,Riverside,Pastries,Cinnamon Roll,1,3.7,Card,,3.7,October,Monday
ORD13407,C1361,2025-11-16,Downtown,Tea,Chai Latte,2,4.34,Card,,8.68,November,Sunday
ORD13408,C1345,2025-05-16,Riverside,Espresso Drinks,Latte,1,5.59,Cash,4.0,5.59,May,Friday
ORD13409,C1356,2025-04-28,Downtown,Food,Avocado Toast,1,6.22,Card,,6.22,April,Monday
ORD13410,C1032,2025-12-03,University Ave,Pastries,Cinnamon Roll,2,3.36,Cash,,6.72,December,Wednesday
ORD13411,C1510,2025-07-28,Downtown,Pastries,Cinnamon Roll,2,4.27,Cash,3.0,8.54,July,Monday
ORD13412,C1573,2025-04-19,Downtown,Brewed Coffee,Pour Over,3,3.59,Mobile Pay,4.0,10.77,April,Saturday
ORD13413,C1142,2025-04-12,Riverside,Espresso Drinks,Cappuccino,1,4.34,Mobile Pay,,4.34,April,Saturday
ORD13414,C1245,2025-11-16,Riverside,Brewed Coffee,Drip Coffee,3,3.25,Mobile Pay,4.0,9.75,November,Sunday
ORD13415,C1097,2025-01-20,University Ave,Espresso Drinks,Flat White,2,4.43,Cash,3.0,8.86,January,Monday
ORD13416,C1219,2025-01-23,University Ave,Espresso Drinks,Americano,2,4.11,Mobile Pay,1.0,8.22,January,Thursday
ORD13417,C1478,2025-09-26,University Ave,Pastries,Cinnamon Roll,2,2.87,Card,5.0,5.74,September,Friday
ORD13418,C1212,2025-01-01,University Ave,Brewed Coffee,Cold Brew,2,3.42,Card,4.0,6.84,January,Wednesday
ORD13419,C1589,2025-03-04,Riverside,Pastries,Scone,2,3.88,Mobile Pay,,7.76,March,Tuesday
ORD13420,C1049,2025-12-27,Riverside,Tea,Chai Latte,1,4.71,Mobile Pay,,4.71,December,Saturday
ORD13421,C1471,2025-06-04,University Ave,Brewed Coffee,Pour Over,1,2.93,Card,,2.93,June,Wednesday
ORD13422,C1504,2025-09-22,University Ave,Food,Avocado Toast,2,5.84,Cash,,11.68,September,Monday
ORD13423,C1598,2025-06-27,Downtown,Espresso Drinks,Espresso Shot,1,5.7,Mobile Pay,3.0,5.7,June,Friday
ORD13424,C1111,2025-02-02,Riverside,Espresso Drinks,Americano,3,5.56,Cash,4.0,16.68,February,Sunday
ORD13425,C1261,2025-03-09,University Ave,Espresso Drinks,Espresso Shot,1,5.69,Gift Card,,5.69,March,Sunday
ORD13426,C1117,2025-10-05,Downtown,Food,Avocado Toast,1,8.12,Mobile Pay,,8.12,October,Sunday
ORD13427,C1167,2025-02-04,Downtown,Pastries,Cinnamon Roll,2,3.74,Card,,7.48,February,Tuesday
ORD13428,C1585,2025-08-05,Downtown,Food,Avocado Toast,2,7.51,Cash,,15.02,August,Tuesday
ORD13429,C1238,2025-05-07,University Ave,Food,Bagel,3,5.68,Cash,4.0,17.04,May,Wednesday
ORD13430,C1525,2025-05-15,Downtown,Tea,Herbal Tea,1,3.66,Card,,3.66,May,Thursday
ORD13431,C1465,2025-12-13,University Ave,Pastries,Croissant,2,2.5,Mobile Pay,3.0,5.0,December,Saturday
ORD13432,C1088,2025-08-09,University Ave,Food,Breakfast Sandwich,2,7.75,Card,3.0,15.5,August,Saturday
ORD13433,C1077,2025-08-12,Downtown,Espresso Drinks,Cappuccino,2,4.29,Card,4.0,8.58,August,Tuesday
ORD13434,C1197,2025-05-08,Downtown,Pastries,Muffin,1,2.95,Card,,2.95,May,Thursday
ORD13435,C1597,2025-05-19,Downtown,Espresso Drinks,Flat White,3,5.03,Mobile Pay,,15.09,May,Monday
ORD13436,C1181,2025-09-07,Riverside,Food,Bagel,1,6.55,Mobile Pay,2.0,6.55,September,Sunday
ORD13437,C1359,2025-01-15,Riverside,Pastries,Muffin,1,2.57,Card,,2.57,January,Wednesday
ORD13438,C1599,2025-03-28,Riverside,Pastries,Muffin,1,3.27,Mobile Pay,5.0,3.27,March,Friday
ORD13439,C1493,2025-08-07,Downtown,Espresso Drinks,Latte,2,4.92,Mobile Pay,3.0,9.84,August,Thursday
ORD13440,C1405,2025-08-15,Downtown,Brewed Coffee,Cold Brew,2,3.46,Cash,4.0,6.92,August,Friday
ORD13441,C1308,2025-02-03,Riverside,Brewed Coffee,Drip Coffee,1,2.91,Card,,2.91,February,Monday
ORD13442,C1046,2025-10-14,Riverside,Espresso Drinks,Americano,1,5.35,Card,5.0,5.35,October,Tuesday
ORD13443,C1323,2025-07-17,Downtown,Espresso Drinks,Flat White,1,5.33,Cash,,5.33,July,Thursday
ORD13444,C1204,2025-03-28,University Ave,Espresso Drinks,Flat White,1,5.06,Cash,,5.06,March,Friday
ORD13445,C1366,2025-10-01,Riverside,Espresso Drinks,Americano,2,5.33,Card,,10.66,October,Wednesday
ORD13446,C1093,2025-12-27,University Ave,Espresso Drinks,Latte,2,3.76,Card,3.0,7.52,December,Saturday
ORD13447,C1418,2025-06-04,Riverside,Tea,Green Tea,2,4.08,Card,,8.16,June,Wednesday
ORD13448,C1510,2025-04-14,Downtown,Espresso Drinks,Cappuccino,1,3.85,Card,,3.85,April,Monday
ORD13449,C1052,2025-04-19,University Ave,Food,Avocado Toast,1,7.54,Card,,7.54,April,Saturday
ORD13450,C1188,2025-08-04,University Ave,Espresso Drinks,Espresso Shot,2,4.34,Mobile Pay,4.0,8.68,August,Monday
ORD13451,C1499,2025-01-18,Downtown,Espresso Drinks,Flat White,1,4.54,Cash,,4.54,January,Saturday
ORD13452,C1334,2025-06-25,Downtown,Tea,Chai Latte,2,3.31,Cash,4.0,6.62,June,Wednesday
ORD13453,C1354,2025-01-10,Downtown,Tea,Green Tea,1,3.73,Card,,3.73,January,Friday
ORD13454,C1513,2025-01-15,Downtown,Food,Avocado Toast,1,7.54,Cash,,7.54,January,Wednesday
ORD13455,C1304,2025-06-06,Riverside,Food,Breakfast Sandwich,1,7.84,Cash,,7.84,June,Friday
ORD13456,C1120,2025-09-29,Riverside,Espresso Drinks,Latte,2,5.67,Mobile Pay,3.0,11.34,September,Monday
ORD13457,C1015,2025-11-18,Riverside,Espresso Drinks,Latte,2,4.35,Card,5.0,8.7,November,Tuesday
ORD13458,C1019,2025-02-01,Downtown,Pastries,Cinnamon Roll,3,4.15,Mobile Pay,4.0,12.45,February,Saturday
ORD13459,C1597,2025-03-30,Downtown,Pastries,Croissant,1,3.98,Card,,3.98,March,Sunday
ORD13460,C1373,2025-06-03,University Ave,Espresso Drinks,Flat White,2,5.15,Card,4.0,10.3,June,Tuesday
ORD13461,C1210,2025-07-28,University Ave,Brewed Coffee,Drip Coffee,3,3.18,Mobile Pay,,9.54,July,Monday
ORD13462,C1639,2025-12-26,Riverside,Espresso Drinks,Flat White,2,4.32,Card,3.0,8.64,December,Friday
ORD13463,C1241,2025-09-07,Downtown,Brewed Coffee,Pour Over,2,3.55,Card,4.0,7.1,September,Sunday
ORD13464,C1359,2025-07-15,Downtown,Brewed Coffee,Drip Coffee,2,3.97,Mobile Pay,4.0,7.94,July,Tuesday
ORD13465,C1437,2025-01-23,Riverside,Pastries,Cinnamon Roll,1,3.49,Card,,3.49,January,Thursday
ORD13466,C1146,2025-01-30,University Ave,Espresso Drinks,Cappuccino,1,5.41,Card,,5.41,January,Thursday
ORD13467,C1604,2025-02-25,Downtown,Espresso Drinks,Latte,1,4.47,Cash,4.0,4.47,February,Tuesday
ORD13468,C1508,2025-08-29,Downtown,Brewed Coffee,Pour Over,1,3.42,Cash,,3.42,August,Friday
ORD13469,C1222,2025-05-01,Riverside,Espresso Drinks,Latte,3,5.02,Card,,15.06,May,Thursday
ORD13470,C1642,2025-03-29,Riverside,Pastries,Muffin,3,3.22,Mobile Pay,1.0,9.66,March,Saturday
ORD13471,C1409,2025-09-01,Riverside,Espresso Drinks,Latte,3,5.41,Card,,16.23,September,Monday
ORD13472,C1162,2025-10-24,University Ave,Brewed Coffee,Pour Over,2,3.33,Cash,,6.66,October,Friday
ORD13473,C1551,2025-06-09,University Ave,Espresso Drinks,Americano,2,5.26,Mobile Pay,3.0,10.52,June,Monday
ORD13474,C1373,2025-11-17,Downtown,Brewed Coffee,Cold Brew,1,4.1,Card,,4.1,November,Monday
ORD13475,C1583,2025-09-25,University Ave,Food,Bagel,1,7.77,Card,4.0,7.77,September,Thursday
ORD13476,C1481,2025-09-18,Riverside,Espresso Drinks,Cappuccino,1,4.22,Card,,4.22,September,Thursday
ORD13477,C1481,2025-11-12,Downtown,Brewed Coffee,Drip Coffee,1,3.84,Cash,,3.84,November,Wednesday
ORD13478,C1146,2025-03-08,University Ave,Espresso Drinks,Espresso Shot,2,5.29,Card,3.0,10.58,March,Saturday
ORD13479,C1216,2025-10-04,Riverside,Food,Avocado Toast,2,5.65,Mobile Pay,,11.3,October,Saturday
ORD13480,C1590,2025-12-15,University Ave,Brewed Coffee,Pour Over,2,3.33,Gift Card,,6.66,December,Monday
ORD13481,C1428,2025-12-28,Downtown,Espresso Drinks,Latte,1,5.51,Mobile Pay,,5.51,December,Sunday
ORD13482,C1533,2025-07-30,University Ave,Espresso Drinks,Espresso Shot,1,4.79,Cash,4.0,4.79,July,Wednesday
ORD13483,C1038,2025-10-02,Downtown,Food,Bagel,2,8.07,Mobile Pay,5.0,16.14,October,Thursday
ORD13484,C1620,2025-11-20,University Ave,Food,Avocado Toast,2,7.84,Card,3.0,15.68,November,Thursday
ORD13485,C1012,2025-11-07,University Ave,Espresso Drinks,Cappuccino,1,5.07,Cash,3.0,5.07,November,Friday
ORD13486,C1553,2025-11-23,Downtown,Espresso Drinks,Cappuccino,2,4.02,Mobile Pay,4.0,8.04,November,Sunday
ORD13487,C1094,2025-10-30,University Ave,Espresso Drinks,Americano,2,4.37,Card,,8.74,October,Thursday
ORD13488,C1438,2025-05-19,Downtown,Espresso Drinks,Espresso Shot,2,4.38,Mobile Pay,,8.76,May,Monday
ORD13489,C1006,2025-09-23,University Ave,Espresso Drinks,Latte,3,4.56,Card,,13.68,September,Tuesday
ORD13490,C1293,2025-05-30,Downtown,Pastries,Muffin,2,2.93,Mobile Pay,4.0,5.86,May,Friday
ORD13491,C1020,2025-10-19,University Ave,Espresso Drinks,Espresso Shot,1,4.45,Card,,4.45,October,Sunday
ORD13492,C1118,2025-10-22,University Ave,Brewed Coffee,Pour Over,3,3.27,Card,,9.81,October,Wednesday
ORD13493,C1011,2025-12-07,Riverside,Espresso Drinks,Americano,2,5.16,Card,,10.32,December,Sunday
ORD13494,C1568,2025-08-03,Riverside,Espresso Drinks,Latte,2,4.62,Gift Card,,9.24,August,Sunday
ORD13495,C1540,2025-06-22,Riverside,Brewed Coffee,Drip Coffee,2,3.69,Cash,,7.38,June,Sunday
ORD13496,C1528,2025-03-02,University Ave,Pastries,Scone,3,2.97,Card,3.0,8.91,March,Sunday
ORD13497,C1074,2025-08-21,University Ave,Espresso Drinks,Flat White,2,4.74,Mobile Pay,,9.48,August,Thursday
ORD13498,C1422,2025-07-26,University Ave,Espresso Drinks,Flat White,2,4.8,Card,1.0,9.6,July,Saturday
ORD13499,C1175,2025-07-07,University Ave,Tea,Chai Latte,1,3.46,Mobile Pay,3.0,3.46,July,Monday
ORD13500,C1146,2025-09-04,University Ave,Espresso Drinks,Latte,2,5.13,Gift Card,,10.26,September,Thursday
ORD13501,C1168,2025-11-06,Riverside,Espresso Drinks,Americano,1,5.72,Mobile Pay,,5.72,November,Thursday
ORD13502,C1298,2025-02-24,University Ave,Pastries,Cinnamon Roll,2,3.35,Cash,3.0,6.7,February,Monday
ORD13503,C1248,2025-06-07,Riverside,Food,Avocado Toast,2,6.26,Mobile Pay,,12.52,June,Saturday
ORD13504,C1336,2025-09-20,Downtown,Tea,Herbal Tea,1,4.38,Cash,3.0,4.38,September,Saturday
ORD13505,C1027,2025-10-26,University Ave,Pastries,Croissant,2,2.89,Cash,3.0,5.78,October,Sunday
ORD13506,C1604,2025-10-11,University Ave,Brewed Coffee,Cold Brew,1,3.99,Mobile Pay,,3.99,October,Saturday
ORD13507,C1168,2025-10-18,Riverside,Espresso Drinks,Latte,1,4.82,Card,3.0,4.82,October,Saturday
ORD13508,C1236,2025-11-08,University Ave,Brewed Coffee,Drip Coffee,2,4.14,Mobile Pay,,8.28,November,Saturday
ORD13509,C1163,2025-12-17,Downtown,Pastries,Cinnamon Roll,3,4.35,Card,3.0,13.05,December,Wednesday
ORD13510,C1645,2025-08-10,Downtown,Food,Avocado Toast,2,7.32,Mobile Pay,4.0,14.64,August,Sunday
ORD13511,C1074,2025-04-01,Downtown,Espresso Drinks,Latte,3,5.11,Mobile Pay,4.0,15.33,April,Tuesday
ORD13512,C1399,2025-07-25,University Ave,Espresso Drinks,Americano,1,4.46,Mobile Pay,3.0,4.46,July,Friday
ORD13513,C1086,2025-09-16,Riverside,Pastries,Cinnamon Roll,1,3.17,Card,,3.17,September,Tuesday
ORD13514,C1581,2025-02-06,Downtown,Pastries,Scone,1,3.13,Card,4.0,3.13,February,Thursday
ORD13515,C1506,2025-10-03,University Ave,Pastries,Muffin,1,3.23,Card,3.0,3.23,October,Friday
ORD13516,C1319,2025-07-18,Downtown,Brewed Coffee,Drip Coffee,1,4.09,Mobile Pay,5.0,4.09,July,Friday
ORD13517,C1068,2025-12-07,Riverside,Food,Bagel,2,5.9,Card,,11.8,December,Sunday
ORD13518,C1120,2025-03-19,Downtown,Food,Breakfast Sandwich,1,7.87,Cash,4.0,7.87,March,Wednesday
ORD13519,C1560,2025-11-27,Riverside,Espresso Drinks,Flat White,2,5.05,Cash,,10.1,November,Thursday
ORD13520,C1407,2025-06-13,Riverside,Espresso Drinks,Latte,2,4.93,Mobile Pay,4.0,9.86,June,Friday
ORD13521,C1417,2025-07-28,University Ave,Espresso Drinks,Espresso Shot,2,3.96,Cash,3.0,7.92,July,Monday
ORD13522,C1195,2025-08-29,University Ave,Food,Avocado Toast,1,7.16,Mobile Pay,,7.16,August,Friday
ORD13523,C1035,2025-07-30,Riverside,Tea,Green Tea,3,3.53,Card,,10.59,July,Wednesday
ORD13524,C1049,2025-11-25,Riverside,Pastries,Croissant,1,4.45,Card,,4.45,November,Tuesday
ORD13525,C1585,2025-03-02,Downtown,Pastries,Muffin,2,3.87,Card,3.0,7.74,March,Sunday
ORD13526,C1063,2025-09-23,Riverside,Tea,Herbal Tea,1,3.96,Mobile Pay,,3.96,September,Tuesday
ORD13527,C1455,2025-12-21,University Ave,Food,Avocado Toast,1,7.6,Gift Card,3.0,7.6,December,Sunday
ORD13528,C1378,2025-03-22,Downtown,Espresso Drinks,Flat White,1,5.51,Mobile Pay,,5.51,March,Saturday
ORD13529,C1286,2025-04-03,Downtown,Espresso Drinks,Flat White,2,3.83,Mobile Pay,5.0,7.66,April,Thursday
ORD13530,C1254,2025-06-22,Downtown,Pastries,Cinnamon Roll,3,4.05,Card,3.0,12.15,June,Sunday
ORD13531,C1352,2025-09-21,Riverside,Brewed Coffee,Pour Over,3,4.18,Gift Card,,12.54,September,Sunday
ORD13532,C1218,2025-12-16,Downtown,Pastries,Croissant,1,4.2,Card,,4.2,December,Tuesday
ORD13533,C1213,2025-10-17,Riverside,Espresso Drinks,Espresso Shot,1,5.62,Card,,5.62,October,Friday
ORD13534,C1458,2025-10-17,University Ave,Brewed Coffee,Pour Over,2,3.51,Mobile Pay,5.0,7.02,October,Friday
ORD13535,C1584,2025-06-10,Downtown,Espresso Drinks,Americano,1,5.43,Card,,5.43,June,Tuesday
ORD13536,C1420,2025-08-23,University Ave,Pastries,Cinnamon Roll,1,4.02,Card,,4.02,August,Saturday
ORD13537,C1075,2025-03-18,University Ave,Tea,Chai Latte,1,4.36,Mobile Pay,,4.36,March,Tuesday
ORD13538,C1641,2025-06-18,University Ave,Food,Avocado Toast,1,6.91,Card,5.0,6.91,June,Wednesday
ORD13539,C1248,2025-03-10,University Ave,Espresso Drinks,Latte,2,4.51,Mobile Pay,5.0,9.02,March,Monday
ORD13540,C1078,2025-01-10,Riverside,Food,Breakfast Sandwich,1,7.3,Card,4.0,7.3,January,Friday
ORD13541,C1526,2025-11-08,Downtown,Brewed Coffee,Cold Brew,2,3.65,Cash,,7.3,November,Saturday
ORD13542,C1475,2025-10-20,Downtown,Pastries,Muffin,3,4.07,Mobile Pay,,12.21,October,Monday
ORD13543,C1172,2025-07-05,University Ave,Espresso Drinks,Espresso Shot,1,4.23,Mobile Pay,,4.23,July,Saturday
ORD13544,C1620,2025-01-06,Downtown,Espresso Drinks,Espresso Shot,1,4.8,Mobile Pay,4.0,4.8,January,Monday
ORD13545,C1511,2025-02-02,Downtown,Espresso Drinks,Americano,1,4.0,Cash,4.0,4.0,February,Sunday
ORD13546,C1188,2025-02-10,Downtown,Food,Bagel,1,8.32,Card,,8.32,February,Monday
ORD13547,C1582,2025-09-18,Downtown,Food,Bagel,2,5.97,Card,,11.94,September,Thursday
ORD13548,C1126,2025-03-16,Downtown,Brewed Coffee,Cold Brew,1,4.13,Card,4.0,4.13,March,Sunday
ORD13549,C1569,2025-04-02,University Ave,Brewed Coffee,Cold Brew,1,4.13,Gift Card,,4.13,April,Wednesday
ORD13550,C1422,2025-11-10,Riverside,Brewed Coffee,Drip Coffee,1,4.16,Mobile Pay,,4.16,November,Monday
ORD13551,C1133,2025-11-16,Downtown,Food,Breakfast Sandwich,1,7.71,Mobile Pay,4.0,7.71,November,Sunday
ORD13552,C1395,2025-10-05,Downtown,Food,Bagel,1,7.14,Card,3.0,7.14,October,Sunday
ORD13553,C1365,2025-04-23,Downtown,Tea,Green Tea,2,4.04,Cash,5.0,8.08,April,Wednesday
ORD13554,C1193,2025-07-31,University Ave,Espresso Drinks,Americano,2,4.8,Cash,3.0,9.6,July,Thursday
ORD13555,C1550,2025-03-14,Downtown,Food,Breakfast Sandwich,3,8.05,Card,,24.15,March,Friday
ORD13556,C1394,2025-11-09,Downtown,Tea,Chai Latte,1,3.32,Cash,,3.32,November,Sunday
ORD13557,C1540,2025-01-31,Downtown,Food,Avocado Toast,2,7.52,Mobile Pay,,15.04,January,Friday
ORD13558,C1592,2025-09-28,Downtown,Espresso Drinks,Espresso Shot,1,3.96,Card,,3.96,September,Sunday
ORD13559,C1064,2025-07-06,Downtown,Espresso Drinks,Cappuccino,1,5.11,Card,,5.11,July,Sunday
ORD13560,C1647,2025-10-03,Riverside,Espresso Drinks,Latte,2,4.71,Card,,9.42,October,Friday
ORD13561,C1044,2025-06-14,Downtown,Brewed Coffee,Drip Coffee,3,3.06,Mobile Pay,3.0,9.18,June,Saturday
ORD13562,C1216,2025-02-27,Riverside,Brewed Coffee,Cold Brew,3,2.83,Card,,8.49,February,Thursday
ORD13563,C1402,2025-10-01,Downtown,Espresso Drinks,Flat White,1,5.69,Card,,5.69,October,Wednesday
ORD13564,C1254,2025-08-18,Downtown,Espresso Drinks,Flat White,1,5.22,Card,4.0,5.22,August,Monday
ORD13565,C1450,2025-06-19,University Ave,Food,Avocado Toast,2,6.7,Card,4.0,13.4,June,Thursday
ORD13566,C1275,2025-05-16,University Ave,Pastries,Muffin,2,3.32,Mobile Pay,,6.64,May,Friday
ORD13567,C1513,2025-05-06,Downtown,Espresso Drinks,Flat White,1,4.77,Mobile Pay,,4.77,May,Tuesday
ORD13568,C1270,2025-06-25,Riverside,Pastries,Muffin,2,4.4,Gift Card,,8.8,June,Wednesday
ORD13569,C1573,2025-04-06,University Ave,Espresso Drinks,Americano,1,5.1,Card,1.0,5.1,April,Sunday
ORD13570,C1504,2025-04-13,Riverside,Tea,Chai Latte,1,4.56,Mobile Pay,4.0,4.56,April,Sunday
ORD13571,C1002,2025-04-12,Downtown,Food,Bagel,1,6.49,Card,4.0,6.49,April,Saturday
ORD13572,C1335,2025-01-05,Downtown,Pastries,Cinnamon Roll,2,2.76,Card,3.0,5.52,January,Sunday
ORD13573,C1335,2025-12-04,Downtown,Pastries,Cinnamon Roll,1,3.66,Card,,3.66,December,Thursday
ORD13574,C1383,2025-03-28,Downtown,Espresso Drinks,Latte,2,3.96,Card,,7.92,March,Friday
ORD13575,C1342,2025-03-02,Downtown,Brewed Coffee,Cold Brew,3,4.16,Card,,12.48,March,Sunday
ORD13576,C1577,2025-02-25,Riverside,Food,Bagel,3,7.54,Mobile Pay,3.0,22.62,February,Tuesday
ORD13577,C1561,2025-12-26,University Ave,Food,Avocado Toast,1,7.49,Card,5.0,7.49,December,Friday
ORD13578,C1360,2025-06-23,Riverside,Brewed Coffee,Pour Over,2,3.57,Card,3.0,7.14,June,Monday
ORD13579,C1542,2025-04-29,University Ave,Pastries,Cinnamon Roll,3,3.98,Cash,,11.94,April,Tuesday
ORD13580,C1131,2025-05-28,Riverside,Brewed Coffee,Cold Brew,1,3.57,Mobile Pay,5.0,3.57,May,Wednesday
ORD13581,C1382,2025-02-02,Riverside,Pastries,Croissant,2,3.28,Mobile Pay,,6.56,February,Sunday
ORD13582,C1497,2025-04-25,Riverside,Food,Breakfast Sandwich,1,5.77,Card,,5.77,April,Friday
ORD13583,C1199,2025-04-01,Riverside,Espresso Drinks,Latte,1,3.8,Card,,3.8,April,Tuesday
ORD13584,C1643,2025-10-20,University Ave,Food,Avocado Toast,1,5.6,Card,,5.6,October,Monday
ORD13585,C1200,2025-01-22,University Ave,Brewed Coffee,Cold Brew,1,2.91,Mobile Pay,,2.91,January,Wednesday
ORD13586,C1425,2025-06-04,University Ave,Espresso Drinks,Americano,1,4.85,Card,,4.85,June,Wednesday
ORD13587,C1433,2025-10-15,Riverside,Pastries,Muffin,1,2.78,Cash,1.0,2.78,October,Wednesday
ORD13588,C1052,2025-10-31,Riverside,Pastries,Cinnamon Roll,2,4.49,Mobile Pay,2.0,8.98,October,Friday
ORD13589,C1081,2025-07-06,Downtown,Brewed Coffee,Pour Over,3,3.46,Card,,10.38,July,Sunday
ORD13590,C1601,2025-03-22,University Ave,Food,Avocado Toast,1,6.74,Mobile Pay,,6.74,March,Saturday
ORD13591,C1404,2025-05-03,Downtown,Pastries,Muffin,2,2.73,Gift Card,3.0,5.46,May,Saturday
ORD13592,C1238,2025-03-22,Riverside,Tea,Green Tea,2,3.52,Cash,4.0,7.04,March,Saturday
ORD13593,C1322,2025-08-29,University Ave,Brewed Coffee,Pour Over,2,3.23,Cash,4.0,6.46,August,Friday
ORD13594,C1020,2025-04-17,Downtown,Tea,Green Tea,3,3.43,Mobile Pay,,10.29,April,Thursday
ORD13595,C1283,2025-08-18,Riverside,Espresso Drinks,Flat White,1,5.01,Card,,5.01,August,Monday
ORD13596,C1322,2025-08-27,Downtown,Brewed Coffee,Pour Over,2,4.03,Card,,8.06,August,Wednesday
ORD13597,C1533,2025-12-09,Downtown,Brewed Coffee,Pour Over,3,3.23,Mobile Pay,4.0,9.69,December,Tuesday
ORD13598,C1178,2025-05-15,Riverside,Pastries,Muffin,1,4.28,Cash,,4.28,May,Thursday
ORD13599,C1319,2025-12-16,Downtown,Pastries,Scone,3,3.61,Card,,10.83,December,Tuesday
ORD13600,C1178,2025-05-26,University Ave,Espresso Drinks,Cappuccino,1,3.82,Cash,3.0,3.82,May,Monday
ORD13601,C1249,2025-09-05,Downtown,Food,Avocado Toast,1,6.7,Cash,3.0,6.7,September,Friday
ORD13602,C1612,2025-08-29,Downtown,Pastries,Muffin,1,2.75,Mobile Pay,,2.75,August,Friday
ORD13603,C1157,2025-10-25,University Ave,Brewed Coffee,Drip Coffee,1,3.63,Mobile Pay,5.0,3.63,October,Saturday
ORD13604,C1065,2025-06-20,Riverside,Pastries,Cinnamon Roll,2,2.98,Card,,5.96,June,Friday
ORD13605,C1061,2025-10-16,Downtown,Tea,Herbal Tea,2,3.52,Mobile Pay,2.0,7.04,October,Thursday
ORD13606,C1501,2025-05-10,Downtown,Brewed Coffee,Cold Brew,1,4.18,Mobile Pay,,4.18,May,Saturday
ORD13607,C1199,2025-06-28,University Ave,Tea,Green Tea,2,3.8,Cash,4.0,7.6,June,Saturday
ORD13608,C1572,2025-07-01,Downtown,Espresso Drinks,Latte,2,3.81,Cash,5.0,7.62,July,Tuesday
ORD13609,C1155,2025-09-14,University Ave,Espresso Drinks,Cappuccino,1,4.91,Gift Card,4.0,4.91,September,Sunday
ORD13610,C1397,2025-08-14,Downtown,Brewed Coffee,Drip Coffee,2,3.69,Cash,,7.38,August,Thursday
ORD13611,C1145,2025-01-29,University Ave,Espresso Drinks,Cappuccino,2,5.61,Mobile Pay,,11.22,January,Wednesday
ORD13612,C1192,2025-10-22,Downtown,Pastries,Scone,2,2.74,Gift Card,,5.48,October,Wednesday
ORD13613,C1396,2025-10-03,Riverside,Food,Bagel,3,6.57,Card,,19.71,October,Friday
ORD13614,C1249,2025-02-08,Riverside,Brewed Coffee,Drip Coffee,2,3.8,Card,3.0,7.6,February,Saturday
ORD13615,C1625,2025-12-17,Downtown,Espresso Drinks,Americano,1,4.65,Card,,4.65,December,Wednesday
ORD13616,C1121,2025-08-29,Downtown,Espresso Drinks,Latte,1,3.77,Cash,3.0,3.77,August,Friday
ORD13617,C1637,2025-01-31,Riverside,Brewed Coffee,Cold Brew,2,4.15,Mobile Pay,4.0,8.3,January,Friday
ORD13618,C1601,2025-06-28,Downtown,Pastries,Scone,3,3.98,Card,2.0,11.94,June,Saturday
ORD13619,C1612,2025-11-01,University Ave,Espresso Drinks,Flat White,2,5.36,Mobile Pay,4.0,10.72,November,Saturday
ORD13620,C1174,2025-04-12,Downtown,Brewed Coffee,Cold Brew,3,4.18,Mobile Pay,4.0,12.54,April,Saturday
ORD13621,C1257,2025-12-06,University Ave,Food,Avocado Toast,3,5.59,Gift Card,5.0,16.77,December,Saturday
ORD13622,C1088,2025-06-02,Downtown,Espresso Drinks,Americano,3,5.36,Mobile Pay,5.0,16.08,June,Monday
ORD13623,C1035,2025-03-24,Riverside,Espresso Drinks,Latte,1,5.46,Mobile Pay,4.0,5.46,March,Monday
ORD13624,C1480,2025-05-10,University Ave,Brewed Coffee,Drip Coffee,1,2.77,Mobile Pay,5.0,2.77,May,Saturday
ORD13625,C1395,2025-07-11,Riverside,Espresso Drinks,Cappuccino,2,5.03,Mobile Pay,,10.06,July,Friday
ORD13626,C1149,2025-09-08,Downtown,Pastries,Croissant,2,3.17,Card,4.0,6.34,September,Monday
ORD13627,C1197,2025-12-04,Downtown,Espresso Drinks,Latte,2,4.78,Card,,9.56,December,Thursday
ORD13628,C1234,2025-03-12,University Ave,Espresso Drinks,Cappuccino,1,5.26,Cash,,5.26,March,Wednesday
ORD13629,C1455,2025-12-16,Riverside,Espresso Drinks,Americano,2,4.42,Card,4.0,8.84,December,Tuesday
ORD13630,C1417,2025-07-12,Riverside,Food,Bagel,1,5.84,Card,,5.84,July,Saturday
ORD13631,C1146,2025-02-16,University Ave,Espresso Drinks,Americano,1,3.88,Card,,3.88,February,Sunday
ORD13632,C1146,2025-12-04,Riverside,Espresso Drinks,Americano,3,4.39,Mobile Pay,,13.17,December,Thursday
ORD13633,C1160,2025-05-08,Downtown,Tea,Green Tea,2,3.65,Mobile Pay,,7.3,May,Thursday
ORD13634,C1508,2025-08-14,University Ave,Espresso Drinks,Espresso Shot,1,4.47,Mobile Pay,,4.47,August,Thursday
ORD13635,C1329,2025-09-12,University Ave,Food,Bagel,2,7.05,Mobile Pay,4.0,14.1,September,Friday
ORD13636,C1142,2025-01-05,Downtown,Tea,Herbal Tea,2,4.22,Card,4.0,8.44,January,Sunday
ORD13637,C1513,2025-03-22,Downtown,Brewed Coffee,Drip Coffee,2,3.4,Mobile Pay,,6.8,March,Saturday
ORD13638,C1508,2025-09-07,Downtown,Espresso Drinks,Latte,1,3.92,Mobile Pay,,3.92,September,Sunday
ORD13639,C1163,2025-04-29,Downtown,Brewed Coffee,Cold Brew,1,2.97,Card,,2.97,April,Tuesday
ORD13640,C1245,2025-01-04,Riverside,Tea,Herbal Tea,1,3.7,Card,,3.7,January,Saturday
ORD13641,C1268,2025-01-09,Riverside,Tea,Herbal Tea,3,3.31,Gift Card,4.0,9.93,January,Thursday
ORD13642,C1284,2025-10-28,University Ave,Tea,Herbal Tea,1,4.51,Mobile Pay,,4.51,October,Tuesday
ORD13643,C1366,2025-02-25,Downtown,Espresso Drinks,Americano,2,4.05,Mobile Pay,,8.1,February,Tuesday
ORD13644,C1161,2025-02-06,Downtown,Food,Bagel,2,6.6,Card,,13.2,February,Thursday
ORD13645,C1611,2025-07-24,Downtown,Pastries,Cinnamon Roll,1,4.19,Mobile Pay,3.0,4.19,July,Thursday
ORD13646,C1195,2025-02-13,Downtown,Brewed Coffee,Pour Over,3,4.15,Mobile Pay,5.0,12.45,February,Thursday
ORD13647,C1159,2025-08-26,University Ave,Pastries,Scone,2,3.63,Cash,,7.26,August,Tuesday
ORD13648,C1369,2025-07-18,Downtown,Brewed Coffee,Cold Brew,2,4.08,Mobile Pay,,8.16,July,Friday
ORD13649,C1525,2025-08-25,Downtown,Espresso Drinks,Americano,1,4.73,Cash,,4.73,August,Monday
ORD13650,C1137,2025-06-28,Riverside,Brewed Coffee,Drip Coffee,1,3.39,Card,,3.39,June,Saturday
ORD13651,C1001,2025-10-11,Downtown,Espresso Drinks,Cappuccino,1,4.6,Card,,4.6,October,Saturday
ORD13652,C1508,2025-08-23,Downtown,Espresso Drinks,Latte,1,4.45,Cash,,4.45,August,Saturday
ORD13653,C1457,2025-06-01,Downtown,Food,Breakfast Sandwich,2,6.62,Card,4.0,13.24,June,Sunday
ORD13654,C1109,2025-01-06,University Ave,Espresso Drinks,Americano,1,4.45,Mobile Pay,,4.45,January,Monday
ORD13655,C1648,2025-04-10,Downtown,Food,Bagel,3,7.32,Card,,21.96,April,Thursday
ORD13656,C1502,2025-02-17,University Ave,Espresso Drinks,Flat White,3,4.82,Cash,,14.46,February,Monday
ORD13657,C1269,2025-01-06,Riverside,Espresso Drinks,Cappuccino,2,5.06,Card,,10.12,January,Monday
ORD13658,C1142,2025-04-10,University Ave,Espresso Drinks,Cappuccino,2,5.75,Card,,11.5,April,Thursday
ORD13659,C1077,2025-03-17,Riverside,Tea,Herbal Tea,1,3.85,Card,2.0,3.85,March,Monday
ORD13660,C1548,2025-01-28,Riverside,Pastries,Cinnamon Roll,1,4.27,Mobile Pay,3.0,4.27,January,Tuesday
ORD13661,C1169,2025-04-24,University Ave,Brewed Coffee,Cold Brew,2,2.85,Card,,5.7,April,Thursday
ORD13662,C1498,2025-07-04,University Ave,Espresso Drinks,Cappuccino,2,5.33,Card,4.0,10.66,July,Friday
ORD13663,C1318,2025-03-06,Downtown,Espresso Drinks,Flat White,1,4.62,Card,,4.62,March,Thursday
ORD13664,C1622,2025-04-10,Riverside,Espresso Drinks,Espresso Shot,2,4.58,Card,,9.16,April,Thursday
ORD13665,C1400,2025-01-08,Riverside,Espresso Drinks,Flat White,2,3.88,Cash,5.0,7.76,January,Wednesday
ORD13666,C1026,2025-01-19,Riverside,Espresso Drinks,Cappuccino,1,5.23,Mobile Pay,2.0,5.23,January,Sunday
ORD13667,C1360,2025-02-27,Downtown,Espresso Drinks,Latte,2,4.04,Card,5.0,8.08,February,Thursday
ORD13668,C1300,2025-06-14,Downtown,Food,Avocado Toast,1,6.65,Card,1.0,6.65,June,Saturday
ORD13669,C1243,2025-08-31,Downtown,Brewed Coffee,Cold Brew,2,4.17,Cash,,8.34,August,Sunday
ORD13670,C1173,2025-10-14,Downtown,Espresso Drinks,Flat White,1,4.02,Card,,4.02,October,Tuesday
ORD13671,C1336,2025-08-18,Downtown,Espresso Drinks,Espresso Shot,3,4.07,Cash,4.0,12.21,August,Monday
ORD13672,C1644,2025-08-13,Riverside,Tea,Herbal Tea,2,3.42,Card,,6.84,August,Wednesday
ORD13673,C1629,2025-12-07,University Ave,Pastries,Cinnamon Roll,2,3.78,Card,3.0,7.56,December,Sunday
ORD13674,C1338,2025-04-04,Riverside,Brewed Coffee,Cold Brew,1,3.1,Card,4.0,3.1,April,Friday
ORD13675,C1446,2025-10-18,University Ave,Brewed Coffee,Drip Coffee,2,3.2,Cash,,6.4,October,Saturday
ORD13676,C1630,2025-12-08,Downtown,Pastries,Croissant,2,3.55,Card,,7.1,December,Monday
ORD13677,C1223,2025-07-26,Downtown,Brewed Coffee,Pour Over,2,3.29,Gift Card,,6.58,July,Saturday
ORD13678,C1050,2025-11-02,Downtown,Brewed Coffee,Pour Over,1,4.07,Mobile Pay,,4.07,November,Sunday
ORD13679,C1229,2025-02-20,Downtown,Pastries,Cinnamon Roll,1,3.25,Cash,1.0,3.25,February,Thursday
ORD13680,C1469,2025-11-16,University Ave,Pastries,Scone,1,2.54,Card,,2.54,November,Sunday
ORD13681,C1219,2025-07-25,University Ave,Espresso Drinks,Americano,2,4.89,Mobile Pay,4.0,9.78,July,Friday
ORD13682,C1524,2025-03-22,Downtown,Espresso Drinks,Latte,1,4.4,Card,4.0,4.4,March,Saturday
ORD13683,C1469,2025-01-23,Riverside,Brewed Coffee,Drip Coffee,1,2.8,Gift Card,3.0,2.8,January,Thursday
ORD13684,C1295,2025-09-20,Riverside,Espresso Drinks,Espresso Shot,2,4.8,Card,,9.6,September,Saturday
ORD13685,C1590,2025-06-06,University Ave,Tea,Green Tea,1,4.33,Card,,4.33,June,Friday
ORD13686,C1084,2025-04-23,University Ave,Pastries,Muffin,3,3.15,Mobile Pay,,9.45,April,Wednesday
ORD13687,C1414,2025-05-23,University Ave,Espresso Drinks,Flat White,1,4.49,Gift Card,,4.49,May,Friday
ORD13688,C1565,2025-12-27,University Ave,Tea,Herbal Tea,1,4.44,Card,,4.44,December,Saturday
ORD13689,C1058,2025-06-05,Riverside,Espresso Drinks,Latte,3,4.53,Cash,,13.59,June,Thursday
ORD13690,C1176,2025-01-29,Riverside,Pastries,Scone,3,3.05,Mobile Pay,4.0,9.15,January,Wednesday
ORD13691,C1369,2025-04-12,Riverside,Brewed Coffee,Pour Over,1,3.19,Card,,3.19,April,Saturday
ORD13692,C1037,2025-02-22,Downtown,Food,Bagel,2,6.46,Cash,,12.92,February,Saturday
ORD13693,C1210,2025-09-07,Downtown,Brewed Coffee,Drip Coffee,1,3.51,Cash,3.0,3.51,September,Sunday
ORD13694,C1409,2025-10-19,Downtown,Espresso Drinks,Cappuccino,2,5.4,Mobile Pay,,10.8,October,Sunday
ORD13695,C1596,2025-11-03,University Ave,Food,Avocado Toast,2,7.7,Mobile Pay,,15.4,November,Monday
ORD13696,C1264,2025-08-19,Downtown,Food,Avocado Toast,1,5.88,Card,,5.88,August,Tuesday
ORD13697,C1477,2025-10-07,Downtown,Espresso Drinks,Cappuccino,2,4.95,Card,,9.9,October,Tuesday
ORD13698,C1643,2025-06-01,University Ave,Food,Breakfast Sandwich,3,7.23,Card,2.0,21.69,June,Sunday
ORD13699,C1291,2025-08-17,Riverside,Brewed Coffee,Pour Over,1,3.22,Card,,3.22,August,Sunday
ORD13700,C1417,2025-02-08,Riverside,Espresso Drinks,Americano,2,4.86,Card,,9.72,February,Saturday
ORD13701,C1181,2025-07-15,Downtown,Food,Avocado Toast,2,8.44,Card,3.0,16.88,July,Tuesday
ORD13702,C1481,2025-07-22,Downtown,Espresso Drinks,Flat White,1,5.18,Card,,5.18,July,Tuesday
ORD13703,C1169,2025-01-12,University Ave,Food,Breakfast Sandwich,3,8.33,Mobile Pay,,24.99,January,Sunday
ORD13704,C1219,2025-07-19,Downtown,Pastries,Cinnamon Roll,3,3.6,Cash,,10.8,July,Saturday
ORD13705,C1261,2025-09-21,University Ave,Food,Bagel,1,7.14,Mobile Pay,,7.14,September,Sunday
ORD13706,C1447,2025-05-14,Downtown,Espresso Drinks,Cappuccino,2,4.69,Cash,,9.38,May,Wednesday
ORD13707,C1468,2025-07-18,Riverside,Espresso Drinks,Americano,1,5.63,Card,,5.63,July,Friday
ORD13708,C1259,2025-04-15,Riverside,Brewed Coffee,Pour Over,1,3.31,Cash,,3.31,April,Tuesday
ORD13709,C1331,2025-04-09,Downtown,Tea,Chai Latte,1,3.91,Card,,3.91,April,Wednesday
ORD13710,C1305,2025-02-17,University Ave,Pastries,Muffin,3,3.06,Mobile Pay,3.0,9.18,February,Monday
ORD13711,C1332,2025-04-30,University Ave,Brewed Coffee,Drip Coffee,2,3.17,Cash,2.0,6.34,April,Wednesday
ORD13712,C1394,2025-10-20,Downtown,Pastries,Cinnamon Roll,3,3.08,Mobile Pay,,9.24,October,Monday
ORD13713,C1138,2025-12-07,Downtown,Brewed Coffee,Drip Coffee,3,3.49,Card,,10.47,December,Sunday
ORD13714,C1366,2025-08-20,University Ave,Espresso Drinks,Espresso Shot,1,4.14,Mobile Pay,3.0,4.14,August,Wednesday
ORD13715,C1323,2025-08-16,University Ave,Pastries,Cinnamon Roll,3,4.2,Cash,,12.6,August,Saturday
ORD13716,C1496,2025-08-12,University Ave,Brewed Coffee,Pour Over,2,4.18,Card,,8.36,August,Tuesday
ORD13717,C1094,2025-06-23,University Ave,Pastries,Croissant,1,3.42,Mobile Pay,2.0,3.42,June,Monday
ORD13718,C1099,2025-06-03,Downtown,Tea,Green Tea,3,3.43,Card,,10.29,June,Tuesday
ORD13719,C1099,2025-08-15,Riverside,Tea,Herbal Tea,3,4.55,Card,4.0,13.65,August,Friday
ORD13720,C1622,2025-10-13,Riverside,Espresso Drinks,Flat White,3,4.35,Card,5.0,13.05,October,Monday
ORD13722,C1469,2025-07-25,Downtown,Food,Breakfast Sandwich,3,7.8,Card,,23.4,July,Friday
ORD13723,C1424,2025-06-21,Downtown,Espresso Drinks,Americano,1,4.16,Mobile Pay,,4.16,June,Saturday
ORD13724,C1235,2025-04-14,Downtown,Pastries,Muffin,1,2.65,Gift Card,,2.65,April,Monday
ORD13725,C1521,2025-04-16,University Ave,Brewed Coffee,Cold Brew,1,2.86,Card,,2.86,April,Wednesday
ORD13726,C1500,2025-01-29,Riverside,Tea,Chai Latte,1,4.44,Card,4.0,4.44,January,Wednesday
ORD13727,C1102,2025-06-10,Riverside,Espresso Drinks,Cappuccino,1,5.25,Mobile Pay,,5.25,June,Tuesday
ORD13728,C1366,2025-09-17,Downtown,Pastries,Croissant,2,2.69,Card,5.0,5.38,September,Wednesday
ORD13729,C1225,2025-09-07,University Ave,Pastries,Croissant,2,4.05,Card,3.0,8.1,September,Sunday
ORD13730,C1015,2025-12-25,University Ave,Espresso Drinks,Cappuccino,1,5.53,Card,,5.53,December,Thursday
ORD13731,C1228,2025-01-15,Downtown,Brewed Coffee,Cold Brew,3,3.65,Gift Card,5.0,10.95,January,Wednesday
ORD13732,C1246,2025-10-04,Downtown,Espresso Drinks,Flat White,1,4.6,Card,3.0,4.6,October,Saturday
ORD13733,C1408,2025-10-17,Downtown,Pastries,Scone,2,4.25,Cash,,8.5,October,Friday
ORD13734,C1463,2025-06-08,Downtown,Espresso Drinks,Espresso Shot,1,3.99,Cash,,3.99,June,Sunday
ORD13735,C1326,2025-04-14,University Ave,Espresso Drinks,Flat White,1,4.39,Cash,4.0,4.39,April,Monday
ORD13736,C1428,2025-05-10,Downtown,Pastries,Croissant,1,2.86,Cash,4.0,2.86,May,Saturday
ORD13737,C1558,2025-09-06,Riverside,Pastries,Croissant,1,4.3,Mobile Pay,2.0,4.3,September,Saturday
ORD13738,C1340,2025-11-10,Downtown,Tea,Herbal Tea,2,3.57,Gift Card,3.0,7.14,November,Monday
ORD13739,C1169,2025-08-22,Riverside,Food,Avocado Toast,2,7.95,Card,4.0,15.9,August,Friday
ORD13740,C1221,2025-07-07,Riverside,Espresso Drinks,Flat White,1,5.1,Mobile Pay,,5.1,July,Monday
ORD13741,C1016,2025-08-26,Riverside,Brewed Coffee,Drip Coffee,1,2.87,Mobile Pay,3.0,2.87,August,Tuesday
ORD13742,C1139,2025-01-26,University Ave,Pastries,Scone,2,3.36,Card,4.0,6.72,January,Sunday
ORD13743,C1129,2025-08-10,Riverside,Pastries,Muffin,1,2.73,Cash,4.0,2.73,August,Sunday
ORD13744,C1302,2025-01-16,Downtown,Pastries,Muffin,1,3.42,Card,3.0,3.42,January,Thursday
ORD13745,C1648,2025-12-16,Downtown,Espresso Drinks,Latte,2,4.94,Cash,,9.88,December,Tuesday
ORD13746,C1332,2025-11-20,Riverside,Espresso Drinks,Flat White,3,5.54,Mobile Pay,4.0,16.62,November,Thursday
ORD13747,C1316,2025-07-05,University Ave,Espresso Drinks,Flat White,2,4.26,Card,,8.52,July,Saturday
ORD13748,C1201,2025-05-17,University Ave,Tea,Chai Latte,2,4.65,Cash,,9.3,May,Saturday
ORD13749,C1643,2025-09-24,Downtown,Pastries,Cinnamon Roll,2,3.19,Card,3.0,6.38,September,Wednesday
ORD13750,C1463,2025-08-21,University Ave,Pastries,Cinnamon Roll,1,2.96,Mobile Pay,5.0,2.96,August,Thursday
ORD13751,C1131,2025-09-14,Riverside,Brewed Coffee,Cold Brew,2,3.18,Card,,6.36,September,Sunday
ORD13752,C1578,2025-07-07,University Ave,Espresso Drinks,Flat White,1,4.12,Card,5.0,4.12,July,Monday
ORD13753,C1052,2025-03-28,Riverside,Brewed Coffee,Pour Over,3,2.92,Gift Card,5.0,8.76,March,Friday
ORD13754,C1600,2025-01-27,Downtown,Brewed Coffee,Drip Coffee,2,3.3,Mobile Pay,,6.6,January,Monday
ORD13755,C1617,2025-04-14,Riverside,Brewed Coffee,Cold Brew,2,2.89,Card,,5.78,April,Monday
ORD13756,C1235,2025-07-12,Downtown,Pastries,Muffin,2,3.98,Card,,7.96,July,Saturday
ORD13757,C1235,2025-06-04,Downtown,Brewed Coffee,Drip Coffee,3,3.81,Card,,11.43,June,Wednesday
ORD13758,C1449,2025-07-04,Riverside,Espresso Drinks,Flat White,1,5.69,Card,3.0,5.69,July,Friday
ORD13759,C1045,2025-04-12,Downtown,Tea,Herbal Tea,1,3.26,Cash,,3.26,April,Saturday
ORD13760,C1104,2025-12-08,University Ave,Espresso Drinks,Cappuccino,1,5.29,Cash,3.0,5.29,December,Monday
ORD13761,C1203,2025-05-14,Riverside,Pastries,Cinnamon Roll,1,3.46,Mobile Pay,3.0,3.46,May,Wednesday
ORD13762,C1363,2025-11-05,Downtown,Food,Bagel,2,6.87,Card,,13.74,November,Wednesday
ORD13763,C1055,2025-05-23,Riverside,Pastries,Croissant,1,3.59,Card,2.0,3.59,May,Friday
ORD13764,C1174,2025-06-11,Downtown,Brewed Coffee,Pour Over,3,3.61,Card,5.0,10.83,June,Wednesday
ORD13765,C1646,2025-08-08,Downtown,Espresso Drinks,Latte,1,5.42,Card,5.0,5.42,August,Friday
ORD13766,C1069,2025-04-06,Downtown,Brewed Coffee,Drip Coffee,2,4.12,Card,,8.24,April,Sunday
ORD13767,C1135,2025-03-22,Riverside,Food,Bagel,2,8.3,Mobile Pay,,16.6,March,Saturday
ORD13768,C1585,2025-05-19,Downtown,Brewed Coffee,Cold Brew,2,3.89,Mobile Pay,3.0,7.78,May,Monday
ORD13769,C1411,2025-10-20,Riverside,Brewed Coffee,Cold Brew,2,3.64,Mobile Pay,,7.28,October,Monday
ORD13770,C1350,2025-02-22,University Ave,Espresso Drinks,Americano,2,4.13,Card,5.0,8.26,February,Saturday
ORD13771,C1590,2025-06-09,Riverside,Food,Breakfast Sandwich,2,6.35,Card,3.0,12.7,June,Monday
ORD13772,C1418,2025-09-02,Riverside,Pastries,Muffin,3,2.93,Card,5.0,8.79,September,Tuesday
ORD13773,C1410,2025-09-15,Downtown,Espresso Drinks,Flat White,2,4.99,Card,,9.98,September,Monday
ORD13774,C1044,2025-06-08,Riverside,Pastries,Croissant,1,3.66,Card,,3.66,June,Sunday
ORD13775,C1436,2025-01-30,Downtown,Food,Avocado Toast,1,7.12,Mobile Pay,,7.12,January,Thursday
ORD13776,C1265,2025-01-06,Downtown,Pastries,Muffin,1,3.9,Card,5.0,3.9,January,Monday
ORD13777,C1252,2025-06-21,University Ave,Pastries,Muffin,2,3.68,Mobile Pay,5.0,7.36,June,Saturday
ORD13778,C1544,2025-10-22,Downtown,Brewed Coffee,Cold Brew,3,3.28,Mobile Pay,5.0,9.84,October,Wednesday
ORD13779,C1457,2025-01-11,Riverside,Pastries,Cinnamon Roll,1,2.94,Card,,2.94,January,Saturday
ORD13780,C1496,2025-11-20,Downtown,Espresso Drinks,Americano,1,5.24,Card,,5.24,November,Thursday
ORD13781,C1244,2025-09-04,Downtown,Food,Bagel,2,7.55,Mobile Pay,,15.1,September,Thursday
ORD13782,C1490,2025-01-03,Downtown,Brewed Coffee,Drip Coffee,1,2.89,Card,,2.89,January,Friday
ORD13783,C1144,2025-05-06,Riverside,Espresso Drinks,Americano,3,5.14,Card,4.0,15.42,May,Tuesday
ORD13784,C1557,2025-03-22,University Ave,Brewed Coffee,Pour Over,1,3.38,Mobile Pay,4.0,3.38,March,Saturday
ORD13785,C1615,2025-12-12,Riverside,Brewed Coffee,Cold Brew,1,2.86,Card,,2.86,December,Friday
ORD13786,C1172,2025-07-21,Riverside,Food,Bagel,1,7.32,Cash,5.0,7.32,July,Monday
ORD13787,C1570,2025-04-28,Downtown,Food,Breakfast Sandwich,2,5.98,Mobile Pay,4.0,11.96,April,Monday
ORD13788,C1444,2025-04-12,Downtown,Espresso Drinks,Cappuccino,3,4.95,Gift Card,,14.85,April,Saturday
ORD13789,C1362,2025-07-25,Downtown,Espresso Drinks,Flat White,1,5.19,Mobile Pay,,5.19,July,Friday
ORD13790,C1144,2025-01-02,Downtown,Pastries,Muffin,2,4.13,Card,5.0,8.26,January,Thursday
ORD13791,C1378,2025-04-04,Downtown,Brewed Coffee,Drip Coffee,2,3.0,Cash,,6.0,April,Friday
ORD13792,C1115,2025-03-02,Riverside,Espresso Drinks,Americano,3,5.46,Mobile Pay,,16.38,March,Sunday
ORD13793,C1049,2025-08-14,University Ave,Espresso Drinks,Americano,1,4.24,Gift Card,3.0,4.24,August,Thursday
ORD13794,C1558,2025-09-01,University Ave,Pastries,Muffin,1,3.86,Mobile Pay,5.0,3.86,September,Monday
ORD13795,C1473,2025-06-20,Downtown,Espresso Drinks,Americano,1,3.96,Card,,3.96,June,Friday
ORD13796,C1048,2025-02-20,Downtown,Pastries,Scone,1,4.04,Card,,4.04,February,Thursday
ORD13797,C1331,2025-05-15,University Ave,Pastries,Scone,1,3.86,Card,5.0,3.86,May,Thursday
ORD13798,C1215,2025-11-03,University Ave,Brewed Coffee,Pour Over,1,2.98,Mobile Pay,5.0,2.98,November,Monday
ORD13799,C1392,2025-03-16,Downtown,Tea,Herbal Tea,2,3.48,Gift Card,5.0,6.96,March,Sunday
ORD13800,C1392,2025-03-01,Riverside,Tea,Green Tea,1,3.28,Mobile Pay,4.0,3.28,March,Saturday
ORD13801,C1279,2025-02-10,Riverside,Tea,Chai Latte,2,4.08,Cash,4.0,8.16,February,Monday
ORD13802,C1481,2025-10-25,Downtown,Food,Breakfast Sandwich,3,6.59,Gift Card,4.0,19.77,October,Saturday
ORD13803,C1593,2025-02-13,Riverside,Food,Avocado Toast,3,5.72,Cash,4.0,17.16,February,Thursday
ORD13804,C1223,2025-07-31,Downtown,Pastries,Croissant,1,3.31,Card,,3.31,July,Thursday
ORD13805,C1135,2025-12-30,University Ave,Brewed Coffee,Drip Coffee,2,3.5,Cash,4.0,7.0,December,Tuesday
ORD13806,C1533,2025-08-22,Riverside,Espresso Drinks,Latte,2,5.51,Card,,11.02,August,Friday
ORD13807,C1394,2025-05-31,Downtown,Brewed Coffee,Drip Coffee,1,2.94,Mobile Pay,,2.94,May,Saturday
ORD13808,C1304,2025-03-17,University Ave,Espresso Drinks,Cappuccino,3,4.21,Gift Card,,12.63,March,Monday
ORD13809,C1496,2025-01-01,Riverside,Espresso Drinks,Espresso Shot,1,3.8,Mobile Pay,,3.8,January,Wednesday
ORD13810,C1501,2025-02-26,University Ave,Espresso Drinks,Espresso Shot,1,4.25,Card,2.0,4.25,February,Wednesday
ORD13811,C1514,2025-12-13,Riverside,Food,Breakfast Sandwich,2,6.03,Cash,3.0,12.06,December,Saturday
ORD13812,C1167,2025-02-22,Downtown,Pastries,Croissant,1,3.28,Card,4.0,3.28,February,Saturday
ORD13813,C1491,2025-01-08,Downtown,Pastries,Cinnamon Roll,3,4.27,Cash,,12.81,January,Wednesday
ORD13814,C1240,2025-10-25,University Ave,Food,Breakfast Sandwich,1,6.09,Card,,6.09,October,Saturday
ORD13815,C1081,2025-06-02,Riverside,Brewed Coffee,Cold Brew,2,3.9,Mobile Pay,,7.8,June,Monday
ORD13816,C1218,2025-05-10,Downtown,Espresso Drinks,Flat White,2,4.12,Mobile Pay,,8.24,May,Saturday
ORD13817,C1534,2025-09-19,Riverside,Brewed Coffee,Pour Over,2,3.31,Card,,6.62,September,Friday
ORD13818,C1643,2025-07-10,Riverside,Espresso Drinks,Cappuccino,1,5.71,Card,5.0,5.71,July,Thursday
ORD13819,C1345,2025-11-29,Downtown,Food,Breakfast Sandwich,1,6.41,Mobile Pay,4.0,6.41,November,Saturday
ORD13820,C1439,2025-06-20,Downtown,Food,Avocado Toast,3,5.52,Cash,4.0,16.56,June,Friday
ORD13821,C1420,2025-09-17,Riverside,Pastries,Scone,1,3.38,Mobile Pay,,3.38,September,Wednesday
ORD13822,C1038,2025-11-16,Downtown,Espresso Drinks,Americano,2,4.2,Card,4.0,8.4,November,Sunday
ORD13823,C1293,2025-06-18,Downtown,Brewed Coffee,Cold Brew,2,4.18,Cash,,8.36,June,Wednesday
ORD13824,C1072,2025-04-14,Downtown,Brewed Coffee,Cold Brew,2,3.47,Card,3.0,6.94,April,Monday
ORD13825,C1506,2025-12-21,Downtown,Pastries,Croissant,1,3.79,Card,3.0,3.79,December,Sunday
ORD13826,C1280,2025-03-24,Riverside,Pastries,Muffin,2,2.75,Mobile Pay,4.0,5.5,March,Monday
ORD13827,C1424,2025-01-15,Downtown,Pastries,Cinnamon Roll,1,3.41,Card,,3.41,January,Wednesday
ORD13828,C1555,2025-07-30,Downtown,Espresso Drinks,Cappuccino,1,4.8,Mobile Pay,4.0,4.8,July,Wednesday
ORD13829,C1466,2025-12-26,University Ave,Espresso Drinks,Cappuccino,1,4.85,Card,5.0,4.85,December,Friday
ORD13830,C1290,2025-02-01,Riverside,Espresso Drinks,Americano,3,4.09,Card,3.0,12.27,February,Saturday
ORD13831,C1559,2025-11-06,Riverside,Brewed Coffee,Drip Coffee,2,3.98,Cash,,7.96,November,Thursday
ORD13832,C1121,2025-10-30,University Ave,Pastries,Muffin,1,2.71,Card,4.0,2.71,October,Thursday
ORD13833,C1413,2025-12-05,Downtown,Espresso Drinks,Americano,1,5.49,Cash,,5.49,December,Friday
ORD13834,C1003,2025-06-03,Riverside,Food,Breakfast Sandwich,1,7.15,Card,,7.15,June,Tuesday
ORD13835,C1457,2025-04-03,Riverside,Espresso Drinks,Americano,2,4.83,Card,,9.66,April,Thursday
ORD13836,C1231,2025-07-06,Downtown,Brewed Coffee,Drip Coffee,2,2.93,Mobile Pay,4.0,5.86,July,Sunday
ORD13837,C1264,2025-02-21,Riverside,Espresso Drinks,Americano,1,5.74,Mobile Pay,,5.74,February,Friday
ORD13838,C1416,2025-11-03,University Ave,Espresso Drinks,Flat White,1,4.48,Card,,4.48,November,Monday
ORD13839,C1128,2025-08-30,Downtown,Brewed Coffee,Cold Brew,3,3.96,Card,,11.88,August,Saturday
ORD13840,C1076,2025-06-25,Downtown,Espresso Drinks,Espresso Shot,1,5.07,Card,,5.07,June,Wednesday
ORD13841,C1343,2025-07-07,Riverside,Food,Breakfast Sandwich,2,5.74,Cash,,11.48,July,Monday
ORD13842,C1499,2025-09-17,University Ave,Pastries,Scone,1,3.54,Card,,3.54,September,Wednesday
ORD13843,C1552,2025-07-10,University Ave,Pastries,Muffin,1,3.16,Card,4.0,3.16,July,Thursday
ORD13844,C1134,2025-11-02,Downtown,Espresso Drinks,Flat White,2,4.55,Mobile Pay,4.0,9.1,November,Sunday
ORD13845,C1066,2025-12-03,Downtown,Pastries,Muffin,2,2.83,Card,5.0,5.66,December,Wednesday
ORD13846,C1575,2025-12-12,University Ave,Espresso Drinks,Espresso Shot,1,4.58,Gift Card,,4.58,December,Friday
ORD13847,C1542,2025-08-14,Downtown,Tea,Chai Latte,1,4.04,Mobile Pay,,4.04,August,Thursday
ORD13848,C1474,2025-09-28,Downtown,Pastries,Cinnamon Roll,2,3.2,Mobile Pay,5.0,6.4,September,Sunday
ORD13849,C1649,2025-04-24,Downtown,Brewed Coffee,Drip Coffee,2,3.56,Mobile Pay,,7.12,April,Thursday
ORD13850,C1576,2025-01-14,Riverside,Brewed Coffee,Drip Coffee,1,3.36,Card,,3.36,January,Tuesday
ORD13851,C1385,2025-05-26,University Ave,Pastries,Muffin,1,4.47,Card,,4.47,May,Monday
ORD13852,C1023,2025-11-14,Riverside,Food,Breakfast Sandwich,1,6.16,Card,,6.16,November,Friday
ORD13853,C1333,2025-02-18,Riverside,Espresso Drinks,Cappuccino,3,5.42,Card,,16.26,February,Tuesday
ORD13854,C1177,2025-07-18,Riverside,Brewed Coffee,Drip Coffee,2,3.09,Card,5.0,6.18,July,Friday
ORD13855,C1344,2025-03-12,Downtown,Espresso Drinks,Cappuccino,2,4.3,Card,,8.6,March,Wednesday
ORD13856,C1373,2025-06-06,University Ave,Espresso Drinks,Espresso Shot,1,4.0,Cash,,4.0,June,Friday
ORD13857,C1633,2025-02-22,Downtown,Food,Avocado Toast,1,8.16,Card,3.0,8.16,February,Saturday
ORD13858,C1272,2025-09-25,Downtown,Espresso Drinks,Americano,2,4.27,Mobile Pay,4.0,8.54,September,Thursday
ORD13859,C1045,2025-10-22,Riverside,Food,Breakfast Sandwich,2,6.46,Mobile Pay,5.0,12.92,October,Wednesday
ORD13860,C1006,2025-10-04,Downtown,Brewed Coffee,Pour Over,1,2.81,Card,2.0,2.81,October,Saturday
ORD13861,C1215,2025-09-14,Riverside,Pastries,Croissant,2,3.0,Mobile Pay,,6.0,September,Sunday
ORD13862,C1196,2025-03-27,Downtown,Espresso Drinks,Espresso Shot,1,4.46,Gift Card,,4.46,March,Thursday
ORD13863,C1177,2025-07-13,Riverside,Pastries,Scone,1,3.14,Card,4.0,3.14,July,Sunday
ORD13864,C1631,2025-02-08,University Ave,Espresso Drinks,Flat White,2,5.07,Mobile Pay,2.0,10.14,February,Saturday
ORD13865,C1634,2025-05-17,Downtown,Espresso Drinks,Americano,1,4.87,Mobile Pay,,4.87,May,Saturday
ORD13866,C1486,2025-07-04,Riverside,Food,Bagel,2,6.14,Card,,12.28,July,Friday
ORD13867,C1083,2025-09-01,Downtown,Brewed Coffee,Pour Over,1,3.3,Card,2.0,3.3,September,Monday
ORD13868,C1198,2025-02-05,Downtown,Tea,Chai Latte,1,3.94,Mobile Pay,,3.94,February,Wednesday
ORD13869,C1405,2025-10-23,University Ave,Pastries,Croissant,3,3.18,Card,,9.54,October,Thursday
ORD13870,C1516,2025-06-17,Riverside,Tea,Chai Latte,2,4.13,Gift Card,2.0,8.26,June,Tuesday
ORD13871,C1398,2025-11-17,Riverside,Brewed Coffee,Drip Coffee,2,3.95,Gift Card,,7.9,November,Monday
ORD13872,C1248,2025-07-12,Downtown,Brewed Coffee,Drip Coffee,1,3.03,Mobile Pay,3.0,3.03,July,Saturday
ORD13873,C1588,2025-07-19,University Ave,Pastries,Muffin,2,2.67,Gift Card,,5.34,July,Saturday
ORD13874,C1549,2025-09-10,Riverside,Espresso Drinks,Americano,1,5.34,Card,,5.34,September,Wednesday
ORD13875,C1285,2025-10-26,Downtown,Brewed Coffee,Cold Brew,1,3.57,Card,,3.57,October,Sunday
ORD13876,C1546,2025-02-27,Riverside,Espresso Drinks,Espresso Shot,1,4.3,Mobile Pay,,4.3,February,Thursday
ORD13877,C1457,2025-07-06,Riverside,Espresso Drinks,Latte,1,4.95,Card,4.0,4.95,July,Sunday
ORD13878,C1143,2025-01-11,University Ave,Espresso Drinks,Latte,2,5.37,Mobile Pay,3.0,10.74,January,Saturday
ORD13879,C1086,2025-06-22,Downtown,Pastries,Muffin,1,4.13,Gift Card,4.0,4.13,June,Sunday
ORD13880,C1206,2025-10-24,Downtown,Pastries,Cinnamon Roll,2,2.83,Mobile Pay,3.0,5.66,October,Friday
ORD13881,C1411,2025-11-12,Downtown,Espresso Drinks,Latte,1,5.36,Mobile Pay,4.0,5.36,November,Wednesday
ORD13882,C1019,2025-04-14,University Ave,Tea,Chai Latte,2,3.56,Card,5.0,7.12,April,Monday
ORD13883,C1064,2025-05-21,Riverside,Brewed Coffee,Cold Brew,2,4.19,Card,,8.38,May,Wednesday
ORD13884,C1412,2025-07-20,Downtown,Pastries,Scone,2,2.52,Card,,5.04,July,Sunday
ORD13885,C1489,2025-05-25,Riverside,Espresso Drinks,Cappuccino,1,5.18,Mobile Pay,,5.18,May,Sunday
ORD13886,C1455,2025-03-06,Downtown,Pastries,Cinnamon Roll,1,3.53,Mobile Pay,4.0,3.53,March,Thursday
ORD13887,C1138,2025-04-21,Downtown,Espresso Drinks,Flat White,1,5.25,Mobile Pay,,5.25,April,Monday
ORD13888,C1349,2025-05-28,Riverside,Pastries,Croissant,2,4.33,Mobile Pay,,8.66,May,Wednesday
ORD13889,C1308,2025-07-08,Downtown,Food,Avocado Toast,2,5.71,Card,,11.42,July,Tuesday
ORD13890,C1618,2025-12-02,Downtown,Food,Avocado Toast,2,5.74,Cash,,11.48,December,Tuesday
ORD13891,C1518,2025-07-18,University Ave,Pastries,Cinnamon Roll,2,3.17,Card,,6.34,July,Friday
ORD13892,C1571,2025-05-21,University Ave,Food,Breakfast Sandwich,1,7.97,Card,,7.97,May,Wednesday
ORD13893,C1602,2025-08-29,Downtown,Brewed Coffee,Pour Over,1,3.16,Cash,,3.16,August,Friday
ORD13894,C1238,2025-10-09,University Ave,Brewed Coffee,Cold Brew,1,3.93,Mobile Pay,3.0,3.93,October,Thursday
ORD13895,C1506,2025-06-06,Downtown,Brewed Coffee,Drip Coffee,1,3.14,Mobile Pay,,3.14,June,Friday
ORD13896,C1483,2025-06-28,University Ave,Espresso Drinks,Americano,2,5.55,Mobile Pay,4.0,11.1,June,Saturday
ORD13897,C1136,2025-03-21,Downtown,Tea,Green Tea,1,4.66,Card,,4.66,March,Friday
ORD13898,C1026,2025-11-11,Downtown,Food,Bagel,1,8.41,Card,4.0,8.41,November,Tuesday
ORD13899,C1429,2025-11-12,Riverside,Pastries,Muffin,3,3.55,Card,4.0,10.65,November,Wednesday
ORD13900,C1146,2025-03-05,University Ave,Brewed Coffee,Cold Brew,3,2.89,Mobile Pay,4.0,8.67,March,Wednesday
ORD13901,C1400,2025-05-06,Riverside,Brewed Coffee,Pour Over,3,3.7,Card,5.0,11.1,May,Tuesday
ORD13902,C1162,2025-04-09,University Ave,Pastries,Cinnamon Roll,1,3.0,Card,,3.0,April,Wednesday
ORD13903,C1042,2025-12-02,Riverside,Food,Avocado Toast,1,7.49,Card,4.0,7.49,December,Tuesday
ORD13904,C1094,2025-01-24,Downtown,Food,Avocado Toast,3,6.43,Cash,4.0,19.29,January,Friday
ORD13905,C1339,2025-03-17,Riverside,Espresso Drinks,Latte,1,5.48,Gift Card,4.0,5.48,March,Monday
ORD13906,C1016,2025-04-25,University Ave,Espresso Drinks,Cappuccino,2,4.23,Mobile Pay,,8.46,April,Friday
ORD13907,C1341,2025-07-23,Downtown,Pastries,Scone,1,3.27,Cash,,3.27,July,Wednesday
ORD13908,C1133,2025-04-01,Riverside,Brewed Coffee,Pour Over,3,3.94,Cash,,11.82,April,Tuesday
ORD13909,C1033,2025-07-15,Downtown,Food,Breakfast Sandwich,1,8.08,Mobile Pay,,8.08,July,Tuesday
ORD13910,C1596,2025-09-29,University Ave,Brewed Coffee,Pour Over,3,3.0,Cash,4.0,9.0,September,Monday
ORD13911,C1330,2025-10-29,University Ave,Food,Bagel,2,7.69,Card,,15.38,October,Wednesday
ORD13912,C1471,2025-02-06,Downtown,Brewed Coffee,Drip Coffee,1,3.71,Mobile Pay,4.0,3.71,February,Thursday
ORD13913,C1199,2025-02-20,Riverside,Espresso Drinks,Latte,1,5.67,Card,,5.67,February,Thursday
ORD13914,C1500,2025-02-04,Downtown,Food,Bagel,1,8.04,Card,,8.04,February,Tuesday
ORD13915,C1478,2025-11-28,Downtown,Brewed Coffee,Drip Coffee,2,3.41,Cash,5.0,6.82,November,Friday
ORD13916,C1409,2025-08-26,Riverside,Espresso Drinks,Americano,2,5.49,Mobile Pay,,10.98,August,Tuesday
ORD13917,C1461,2025-07-13,University Ave,Tea,Herbal Tea,1,4.63,Mobile Pay,2.0,4.63,July,Sunday
ORD13918,C1011,2025-10-15,Riverside,Pastries,Scone,3,4.0,Card,4.0,12.0,October,Wednesday
ORD13919,C1101,2025-08-02,Riverside,Food,Breakfast Sandwich,1,6.34,Cash,,6.34,August,Saturday
ORD13920,C1160,2025-03-27,Downtown,Food,Bagel,1,8.01,Card,,8.01,March,Thursday
ORD13921,C1341,2025-07-05,Riverside,Espresso Drinks,Americano,3,5.39,Mobile Pay,5.0,16.17,July,Saturday
ORD13922,C1468,2025-09-13,University Ave,Pastries,Scone,1,4.37,Card,,4.37,September,Saturday
ORD13923,C1046,2025-01-14,Downtown,Brewed Coffee,Cold Brew,3,3.85,Card,,11.55,January,Tuesday
ORD13924,C1089,2025-08-09,Downtown,Brewed Coffee,Drip Coffee,2,3.71,Card,,7.42,August,Saturday
ORD13925,C1481,2025-06-30,Riverside,Espresso Drinks,Flat White,1,4.29,Mobile Pay,,4.29,June,Monday
ORD13926,C1087,2025-01-26,Riverside,Pastries,Croissant,1,4.02,Card,,4.02,January,Sunday
ORD13927,C1527,2025-04-06,Riverside,Brewed Coffee,Cold Brew,1,3.55,Mobile Pay,,3.55,April,Sunday
ORD13928,C1311,2025-06-13,Riverside,Food,Breakfast Sandwich,1,6.46,Card,5.0,6.46,June,Friday
ORD13929,C1075,2025-05-05,Downtown,Brewed Coffee,Pour Over,3,3.01,Card,3.0,9.03,May,Monday
ORD13930,C1355,2025-04-16,Downtown,Food,Breakfast Sandwich,3,7.49,Cash,4.0,22.47,April,Wednesday
ORD13931,C1261,2025-08-25,University Ave,Tea,Green Tea,2,3.99,Card,2.0,7.98,August,Monday
ORD13932,C1112,2025-05-28,Riverside,Brewed Coffee,Pour Over,1,3.25,Card,2.0,3.25,May,Wednesday
ORD13933,C1042,2025-07-01,Downtown,Food,Avocado Toast,1,8.39,Card,4.0,8.39,July,Tuesday
ORD13934,C1071,2025-10-18,Riverside,Espresso Drinks,Latte,2,4.81,Card,,9.62,October,Saturday
ORD13935,C1515,2025-02-03,University Ave,Espresso Drinks,Cappuccino,2,3.87,Card,,7.74,February,Monday
ORD13936,C1070,2025-05-12,Riverside,Espresso Drinks,Cappuccino,2,4.63,Card,5.0,9.26,May,Monday
ORD13937,C1335,2025-01-27,University Ave,Espresso Drinks,Flat White,2,4.51,Mobile Pay,,9.02,January,Monday
ORD13938,C1023,2025-12-04,Riverside,Pastries,Muffin,1,3.82,Card,5.0,3.82,December,Thursday
ORD13939,C1420,2025-03-09,University Ave,Brewed Coffee,Cold Brew,2,3.65,Card,4.0,7.3,March,Sunday
ORD13940,C1288,2025-10-26,Downtown,Food,Breakfast Sandwich,1,6.42,Gift Card,,6.42,October,Sunday
ORD13941,C1234,2025-03-11,Downtown,Brewed Coffee,Pour Over,1,3.1,Card,,3.1,March,Tuesday
ORD13942,C1197,2025-04-28,Downtown,Brewed Coffee,Cold Brew,1,2.88,Card,,2.88,April,Monday
ORD13943,C1623,2025-08-10,Downtown,Pastries,Muffin,1,4.45,Card,5.0,4.45,August,Sunday
ORD13944,C1086,2025-10-30,Downtown,Espresso Drinks,Flat White,2,3.78,Card,4.0,7.56,October,Thursday
ORD13945,C1624,2025-03-06,University Ave,Espresso Drinks,Espresso Shot,1,5.07,Card,,5.07,March,Thursday
ORD13946,C1446,2025-03-19,Downtown,Tea,Chai Latte,2,3.89,Mobile Pay,,7.78,March,Wednesday
ORD13947,C1378,2025-11-17,Downtown,Tea,Herbal Tea,3,3.91,Card,,11.73,November,Monday
ORD13948,C1486,2025-04-28,Downtown,Brewed Coffee,Pour Over,1,3.63,Mobile Pay,,3.63,April,Monday
ORD13949,C1138,2025-03-18,Downtown,Espresso Drinks,Cappuccino,1,4.17,Gift Card,4.0,4.17,March,Tuesday
ORD13950,C1222,2025-09-28,Riverside,Food,Bagel,2,7.46,Gift Card,,14.92,September,Sunday
ORD13951,C1123,2025-02-03,Downtown,Espresso Drinks,Flat White,1,5.3,Cash,4.0,5.3,February,Monday
ORD13952,C1113,2025-11-12,University Ave,Food,Bagel,2,8.09,Mobile Pay,,16.18,November,Wednesday
ORD13953,C1081,2025-11-15,Downtown,Pastries,Cinnamon Roll,3,3.28,Card,4.0,9.84,November,Saturday
ORD13954,C1526,2025-11-08,Riverside,Pastries,Croissant,1,3.69,Mobile Pay,,3.69,November,Saturday
ORD13955,C1512,2025-04-18,Riverside,Brewed Coffee,Pour Over,2,3.38,Card,4.0,6.76,April,Friday
ORD13956,C1170,2025-02-11,Downtown,Espresso Drinks,Latte,2,4.76,Cash,4.0,9.52,February,Tuesday
ORD13957,C1167,2025-06-04,Downtown,Brewed Coffee,Pour Over,2,2.92,Card,,5.84,June,Wednesday
ORD13958,C1339,2025-05-02,University Ave,Espresso Drinks,Cappuccino,2,5.29,Card,2.0,10.58,May,Friday
ORD13959,C1403,2025-12-16,Riverside,Brewed Coffee,Drip Coffee,3,3.2,Mobile Pay,,9.6,December,Tuesday
ORD13960,C1129,2025-08-18,Riverside,Espresso Drinks,Cappuccino,1,5.53,Mobile Pay,,5.53,August,Monday
ORD13961,C1372,2025-12-10,Riverside,Espresso Drinks,Flat White,1,4.58,Card,4.0,4.58,December,Wednesday
ORD13962,C1646,2025-10-01,University Ave,Pastries,Scone,2,2.75,Gift Card,,5.5,October,Wednesday
ORD13963,C1106,2025-09-18,Downtown,Brewed Coffee,Pour Over,1,3.09,Mobile Pay,,3.09,September,Thursday
ORD13964,C1649,2025-02-10,Downtown,Espresso Drinks,Flat White,1,3.96,Mobile Pay,,3.96,February,Monday
ORD13965,C1258,2025-01-26,University Ave,Pastries,Muffin,1,4.15,Cash,5.0,4.15,January,Sunday
ORD13966,C1017,2025-01-17,Downtown,Tea,Green Tea,3,3.88,Cash,,11.64,January,Friday
ORD13967,C1361,2025-08-04,University Ave,Espresso Drinks,Cappuccino,2,5.45,Card,,10.9,August,Monday
ORD13968,C1244,2025-03-15,Downtown,Tea,Herbal Tea,1,3.54,Mobile Pay,,3.54,March,Saturday
ORD13969,C1269,2025-12-27,Riverside,Espresso Drinks,Cappuccino,1,4.85,Card,,4.85,December,Saturday
ORD13970,C1350,2025-02-18,University Ave,Espresso Drinks,Espresso Shot,1,5.7,Card,4.0,5.7,February,Tuesday
ORD13971,C1537,2025-12-11,Riverside,Tea,Green Tea,2,4.55,Mobile Pay,4.0,9.1,December,Thursday
ORD13972,C1465,2025-09-01,Downtown,Brewed Coffee,Cold Brew,1,3.08,Mobile Pay,3.0,3.08,September,Monday
ORD13973,C1320,2025-02-08,Riverside,Brewed Coffee,Pour Over,2,3.82,Mobile Pay,,7.64,February,Saturday
ORD13974,C1103,2025-01-22,Riverside,Brewed Coffee,Drip Coffee,1,2.81,Mobile Pay,,2.81,January,Wednesday
ORD13975,C1594,2025-05-25,University Ave,Brewed Coffee,Cold Brew,1,3.93,Gift Card,,3.93,May,Sunday
ORD13976,C1387,2025-05-04,Downtown,Espresso Drinks,Cappuccino,1,4.09,Cash,,4.09,May,Sunday
ORD13977,C1591,2025-04-25,Downtown,Brewed Coffee,Pour Over,3,4.18,Card,3.0,12.54,April,Friday
ORD13978,C1560,2025-07-12,Riverside,Espresso Drinks,Espresso Shot,2,4.86,Card,,9.72,July,Saturday
ORD13979,C1216,2025-02-17,Downtown,Espresso Drinks,Cappuccino,2,5.32,Cash,5.0,10.64,February,Monday
ORD13980,C1170,2025-02-17,University Ave,Espresso Drinks,Cappuccino,1,4.89,Card,5.0,4.89,February,Monday
ORD13981,C1509,2025-09-10,University Ave,Brewed Coffee,Cold Brew,2,3.63,Card,,7.26,September,Wednesday
ORD13982,C1323,2025-12-27,Downtown,Espresso Drinks,Espresso Shot,1,4.03,Mobile Pay,,4.03,December,Saturday
ORD13983,C1212,2025-04-10,University Ave,Pastries,Croissant,3,4.34,Card,2.0,13.02,April,Thursday
ORD13984,C1106,2025-12-06,University Ave,Food,Bagel,1,6.41,Card,,6.41,December,Saturday
ORD13985,C1286,2025-05-06,Riverside,Tea,Green Tea,1,3.25,Cash,4.0,3.25,May,Tuesday
ORD13986,C1080,2025-05-03,Riverside,Tea,Green Tea,2,4.54,Cash,,9.08,May,Saturday
ORD13987,C1537,2025-02-02,University Ave,Espresso Drinks,Latte,2,5.11,Card,,10.22,February,Sunday
ORD13988,C1514,2025-06-04,Riverside,Brewed Coffee,Cold Brew,2,4.09,Card,,8.18,June,Wednesday
ORD13989,C1075,2025-07-01,University Ave,Espresso Drinks,Flat White,1,4.87,Cash,,4.87,July,Tuesday
ORD13990,C1573,2025-08-30,Riverside,Food,Breakfast Sandwich,1,8.21,Card,3.0,8.21,August,Saturday
ORD13991,C1442,2025-02-27,Downtown,Brewed Coffee,Drip Coffee,2,4.13,Card,,8.26,February,Thursday
ORD13992,C1573,2025-03-10,Riverside,Espresso Drinks,Cappuccino,1,5.48,Card,5.0,5.48,March,Monday
ORD13993,C1031,2025-06-07,Riverside,Brewed Coffee,Pour Over,1,4.02,Cash,5.0,4.02,June,Saturday
ORD13994,C1034,2025-01-26,Downtown,Brewed Coffee,Pour Over,1,4.09,Gift Card,,4.09,January,Sunday
ORD13995,C1121,2025-02-22,Downtown,Espresso Drinks,Latte,1,4.48,Card,,4.48,February,Saturday
ORD13996,C1058,2025-08-17,Riverside,Espresso Drinks,Americano,1,4.45,Card,5.0,4.45,August,Sunday
ORD13997,C1604,2025-12-14,Riverside,Espresso Drinks,Espresso Shot,1,3.82,Cash,4.0,3.82,December,Sunday
ORD13998,C1377,2025-07-28,University Ave,Pastries,Muffin,1,2.57,Cash,3.0,2.57,July,Monday
ORD13999,C1247,2025-02-22,University Ave,Food,Breakfast Sandwich,2,8.45,Card,3.0,16.9,February,Saturday
ORD14000,C1509,2025-12-27,Downtown,Tea,Chai Latte,2,3.44,Card,,6.88,December,Saturday
ORD14001,C1024,2025-07-09,Downtown,Espresso Drinks,Espresso Shot,1,4.33,Cash,,4.33,July,Wednesday
ORD14002,C1358,2025-09-18,Downtown,Brewed Coffee,Drip Coffee,3,3.43,Card,4.0,10.29,September,Thursday
ORD14003,C1592,2025-03-13,University Ave,Espresso Drinks,Latte,1,5.2,Mobile Pay,,5.2,March,Thursday
ORD14004,C1486,2025-07-30,Downtown,Espresso Drinks,Americano,1,4.66,Cash,3.0,4.66,July,Wednesday
ORD14005,C1540,2025-01-28,Downtown,Espresso Drinks,Americano,1,3.88,Card,,3.88,January,Tuesday
ORD14006,C1047,2025-08-16,University Ave,Tea,Herbal Tea,2,3.86,Cash,,7.72,August,Saturday
ORD14007,C1604,2025-03-15,Downtown,Pastries,Scone,2,3.35,Card,4.0,6.7,March,Saturday
ORD14008,C1035,2025-11-28,Downtown,Espresso Drinks,Espresso Shot,2,5.59,Card,,11.18,November,Friday
ORD14009,C1562,2025-01-20,Riverside,Espresso Drinks,Cappuccino,2,3.77,Card,,7.54,January,Monday
ORD14010,C1162,2025-08-26,Downtown,Pastries,Scone,1,4.11,Mobile Pay,,4.11,August,Tuesday
ORD14011,C1607,2025-02-20,Riverside,Pastries,Muffin,1,4.31,Mobile Pay,3.0,4.31,February,Thursday
ORD14012,C1545,2025-09-08,Riverside,Espresso Drinks,Latte,2,4.89,Card,,9.78,September,Monday
ORD14013,C1489,2025-06-29,University Ave,Brewed Coffee,Cold Brew,1,3.32,Card,4.0,3.32,June,Sunday
ORD14014,C1455,2025-12-19,Riverside,Espresso Drinks,Espresso Shot,3,3.92,Mobile Pay,2.0,11.76,December,Friday
ORD14015,C1644,2025-08-26,University Ave,Pastries,Scone,3,4.14,Mobile Pay,,12.42,August,Tuesday
ORD14016,C1214,2025-05-16,Riverside,Brewed Coffee,Pour Over,1,3.42,Mobile Pay,,3.42,May,Friday
ORD14017,C1623,2025-02-01,University Ave,Espresso Drinks,Espresso Shot,1,4.03,Card,,4.03,February,Saturday
ORD14018,C1444,2025-08-05,Downtown,Espresso Drinks,Americano,1,5.34,Mobile Pay,,5.34,August,Tuesday
ORD14019,C1483,2025-06-10,Downtown,Espresso Drinks,Americano,2,4.69,Card,2.0,9.38,June,Tuesday
ORD14020,C1230,2025-01-20,University Ave,Tea,Herbal Tea,1,4.6,Card,,4.6,January,Monday
ORD14021,C1398,2025-07-31,Riverside,Espresso Drinks,Cappuccino,2,4.34,Mobile Pay,3.0,8.68,July,Thursday
ORD14022,C1167,2025-03-18,University Ave,Espresso Drinks,Espresso Shot,2,4.2,Card,3.0,8.4,March,Tuesday
ORD14023,C1001,2025-03-27,University Ave,Pastries,Croissant,1,3.68,Card,,3.68,March,Thursday
ORD14024,C1201,2025-01-04,Riverside,Food,Breakfast Sandwich,3,5.55,Mobile Pay,,16.65,January,Saturday
ORD14025,C1241,2025-05-16,Downtown,Espresso Drinks,Flat White,1,5.0,Card,3.0,5.0,May,Friday
ORD14026,C1593,2025-03-21,Riverside,Brewed Coffee,Cold Brew,2,3.97,Card,4.0,7.94,March,Friday
ORD14027,C1521,2025-01-27,Downtown,Food,Bagel,1,6.91,Card,3.0,6.91,January,Monday
ORD14028,C1642,2025-06-08,University Ave,Espresso Drinks,Cappuccino,3,3.85,Mobile Pay,,11.55,June,Sunday
ORD14029,C1374,2025-03-22,University Ave,Espresso Drinks,Flat White,1,5.09,Mobile Pay,,5.09,March,Saturday
ORD14030,C1311,2025-02-18,University Ave,Espresso Drinks,Americano,2,4.72,Mobile Pay,2.0,9.44,February,Tuesday
ORD14031,C1642,2025-06-19,University Ave,Espresso Drinks,Cappuccino,1,5.29,Mobile Pay,4.0,5.29,June,Thursday
ORD14032,C1466,2025-01-24,University Ave,Pastries,Muffin,1,3.12,Card,,3.12,January,Friday
ORD14033,C1206,2025-12-27,University Ave,Brewed Coffee,Drip Coffee,1,3.3,Mobile Pay,4.0,3.3,December,Saturday
ORD14034,C1592,2025-06-21,Riverside,Pastries,Muffin,1,3.29,Mobile Pay,,3.29,June,Saturday
ORD14035,C1166,2025-12-29,Downtown,Pastries,Muffin,2,3.69,Mobile Pay,,7.38,December,Monday
ORD14036,C1347,2025-11-17,Downtown,Brewed Coffee,Drip Coffee,1,3.26,Gift Card,,3.26,November,Monday
ORD14037,C1371,2025-12-23,Downtown,Espresso Drinks,Latte,2,4.97,Mobile Pay,,9.94,December,Tuesday
ORD14038,C1242,2025-07-17,University Ave,Espresso Drinks,Flat White,3,4.05,Mobile Pay,,12.15,July,Thursday
ORD14039,C1033,2025-06-04,Riverside,Espresso Drinks,Cappuccino,1,4.05,Card,,4.05,June,Wednesday
ORD14040,C1187,2025-09-20,University Ave,Pastries,Croissant,1,4.17,Cash,,4.17,September,Saturday
ORD14041,C1632,2025-01-30,Riverside,Brewed Coffee,Pour Over,1,2.88,Mobile Pay,,2.88,January,Thursday
ORD14042,C1017,2025-11-02,Downtown,Pastries,Scone,1,3.83,Card,,3.83,November,Sunday
ORD14043,C1260,2025-04-28,Riverside,Tea,Chai Latte,3,3.99,Card,5.0,11.97,April,Monday
ORD14044,C1082,2025-01-03,Downtown,Espresso Drinks,Cappuccino,2,4.32,Card,5.0,8.64,January,Friday
ORD14045,C1011,2025-03-28,Downtown,Espresso Drinks,Flat White,2,5.37,Card,,10.74,March,Friday
ORD14046,C1619,2025-03-30,Downtown,Espresso Drinks,Latte,1,5.6,Card,4.0,5.6,March,Sunday
ORD14047,C1160,2025-01-06,University Ave,Brewed Coffee,Cold Brew,1,3.38,Card,4.0,3.38,January,Monday
ORD14048,C1257,2025-09-01,Downtown,Brewed Coffee,Drip Coffee,2,4.22,Card,,8.44,September,Monday
ORD14049,C1022,2025-02-04,Downtown,Pastries,Scone,1,4.08,Card,,4.08,February,Tuesday
ORD14050,C1363,2025-11-05,Downtown,Pastries,Scone,3,3.43,Card,,10.29,November,Wednesday
ORD14051,C1166,2025-06-14,Downtown,Espresso Drinks,Latte,1,5.54,Card,,5.54,June,Saturday
ORD14052,C1111,2025-09-19,University Ave,Espresso Drinks,Flat White,1,5.53,Mobile Pay,,5.53,September,Friday
ORD14053,C1450,2025-05-04,Riverside,Food,Avocado Toast,1,7.85,Mobile Pay,4.0,7.85,May,Sunday
ORD14054,C1348,2025-02-18,Downtown,Pastries,Croissant,1,2.7,Card,,2.7,February,Tuesday
ORD14055,C1293,2025-03-07,Downtown,Espresso Drinks,Flat White,3,4.65,Mobile Pay,5.0,13.95,March,Friday
ORD14056,C1163,2025-08-24,University Ave,Food,Breakfast Sandwich,1,7.49,Card,,7.49,August,Sunday
ORD14057,C1629,2025-09-18,Downtown,Espresso Drinks,Latte,1,5.32,Card,,5.32,September,Thursday
ORD14058,C1146,2025-04-08,University Ave,Brewed Coffee,Pour Over,1,2.85,Gift Card,4.0,2.85,April,Tuesday
ORD14059,C1250,2025-05-10,University Ave,Pastries,Muffin,3,4.3,Mobile Pay,,12.9,May,Saturday
ORD14060,C1009,2025-12-10,Riverside,Brewed Coffee,Cold Brew,2,3.03,Cash,,6.06,December,Wednesday
ORD14061,C1448,2025-11-07,Downtown,Espresso Drinks,Latte,2,3.89,Mobile Pay,,7.78,November,Friday
ORD14062,C1580,2025-05-31,Riverside,Brewed Coffee,Pour Over,1,3.3,Card,,3.3,May,Saturday
ORD14063,C1016,2025-03-29,University Ave,Espresso Drinks,Cappuccino,2,4.59,Cash,,9.18,March,Saturday
ORD14064,C1461,2025-04-20,Riverside,Food,Breakfast Sandwich,1,7.6,Mobile Pay,,7.6,April,Sunday
ORD14065,C1037,2025-07-15,Riverside,Espresso Drinks,Americano,1,5.16,Gift Card,5.0,5.16,July,Tuesday
ORD14066,C1012,2025-07-26,Downtown,Brewed Coffee,Drip Coffee,2,3.3,Card,5.0,6.6,July,Saturday
ORD14067,C1340,2025-03-09,University Ave,Espresso Drinks,Flat White,2,4.43,Card,,8.86,March,Sunday
ORD14068,C1119,2025-01-24,Downtown,Espresso Drinks,Americano,1,4.79,Card,,4.79,January,Friday
ORD14069,C1011,2025-06-30,University Ave,Pastries,Cinnamon Roll,2,4.26,Card,3.0,8.52,June,Monday
ORD14070,C1088,2025-10-18,Downtown,Pastries,Muffin,1,3.53,Mobile Pay,4.0,3.53,October,Saturday
ORD14071,C1374,2025-02-25,Riverside,Tea,Green Tea,1,4.03,Card,5.0,4.03,February,Tuesday
ORD14072,C1398,2025-05-29,Riverside,Espresso Drinks,Espresso Shot,2,3.93,Card,,7.86,May,Thursday
ORD14073,C1366,2025-02-28,Riverside,Espresso Drinks,Flat White,1,4.73,Card,,4.73,February,Friday
ORD14074,C1266,2025-03-30,Downtown,Brewed Coffee,Cold Brew,1,2.82,Gift Card,3.0,2.82,March,Sunday
ORD14075,C1000,2025-08-11,Downtown,Pastries,Cinnamon Roll,2,2.59,Mobile Pay,5.0,5.18,August,Monday
ORD14076,C1075,2025-04-15,Downtown,Brewed Coffee,Cold Brew,2,2.96,Mobile Pay,,5.92,April,Tuesday
ORD14077,C1082,2025-04-07,University Ave,Tea,Chai Latte,1,3.91,Card,,3.91,April,Monday
ORD14078,C1252,2025-12-29,Riverside,Espresso Drinks,Espresso Shot,1,5.64,Card,5.0,5.64,December,Monday
ORD14079,C1280,2025-03-04,University Ave,Pastries,Croissant,3,3.67,Cash,,11.01,March,Tuesday
ORD14080,C1022,2025-03-10,Riverside,Brewed Coffee,Drip Coffee,1,2.78,Card,5.0,2.78,March,Monday
ORD14081,C1250,2025-12-05,Riverside,Food,Avocado Toast,1,8.21,Card,,8.21,December,Friday
ORD14082,C1606,2025-07-20,Riverside,Espresso Drinks,Flat White,1,5.27,Card,,5.27,July,Sunday
ORD14083,C1110,2025-01-16,Riverside,Espresso Drinks,Espresso Shot,2,4.79,Card,,9.58,January,Thursday
ORD14084,C1020,2025-06-04,University Ave,Espresso Drinks,Latte,2,3.77,Mobile Pay,,7.54,June,Wednesday
ORD14085,C1133,2025-07-25,University Ave,Brewed Coffee,Cold Brew,2,3.06,Cash,,6.12,July,Friday
ORD14086,C1541,2025-04-03,Riverside,Espresso Drinks,Latte,1,5.21,Card,4.0,5.21,April,Thursday
ORD14087,C1516,2025-07-19,Riverside,Brewed Coffee,Drip Coffee,1,3.27,Cash,,3.27,July,Saturday
ORD14088,C1543,2025-08-25,Riverside,Pastries,Croissant,1,3.28,Mobile Pay,,3.28,August,Monday
ORD14089,C1191,2025-04-02,Riverside,Pastries,Scone,1,4.28,Cash,3.0,4.28,April,Wednesday
ORD14090,C1184,2025-10-23,Downtown,Food,Bagel,2,6.6,Mobile Pay,5.0,13.2,October,Thursday
ORD14091,C1279,2025-06-14,University Ave,Espresso Drinks,Cappuccino,2,4.85,Card,5.0,9.7,June,Saturday
ORD14092,C1171,2025-12-17,Riverside,Espresso Drinks,Espresso Shot,1,4.08,Card,3.0,4.08,December,Wednesday
ORD14093,C1117,2025-02-01,Downtown,Pastries,Cinnamon Roll,2,4.32,Card,3.0,8.64,February,Saturday
ORD14094,C1230,2025-04-29,Downtown,Brewed Coffee,Drip Coffee,2,4.07,Card,,8.14,April,Tuesday
ORD14095,C1125,2025-09-20,Riverside,Espresso Drinks,Espresso Shot,1,4.09,Card,,4.09,September,Saturday
ORD14096,C1553,2025-11-22,University Ave,Pastries,Scone,2,4.43,Card,4.0,8.86,November,Saturday
ORD14097,C1094,2025-03-22,Downtown,Espresso Drinks,Latte,3,5.39,Gift Card,4.0,16.17,March,Saturday
ORD14098,C1152,2025-12-23,Downtown,Pastries,Scone,1,3.53,Mobile Pay,,3.53,December,Tuesday
ORD14099,C1634,2025-03-12,University Ave,Espresso Drinks,Cappuccino,2,5.68,Mobile Pay,,11.36,March,Wednesday
ORD14100,C1140,2025-06-01,Riverside,Pastries,Muffin,2,2.64,Card,,5.28,June,Sunday
ORD14101,C1618,2025-04-25,Downtown,Espresso Drinks,Espresso Shot,1,5.4,Card,,5.4,April,Friday
ORD14102,C1045,2025-06-04,Riverside,Espresso Drinks,Americano,2,4.99,Mobile Pay,4.0,9.98,June,Wednesday
ORD14103,C1155,2025-11-25,University Ave,Tea,Herbal Tea,1,3.87,Mobile Pay,,3.87,November,Tuesday
ORD14104,C1011,2025-09-24,Downtown,Espresso Drinks,Americano,1,3.84,Mobile Pay,,3.84,September,Wednesday
ORD14105,C1379,2025-10-17,Downtown,Brewed Coffee,Cold Brew,1,3.98,Card,3.0,3.98,October,Friday
ORD14106,C1231,2025-04-03,Riverside,Pastries,Muffin,1,3.47,Mobile Pay,5.0,3.47,April,Thursday
ORD14107,C1514,2025-12-11,Riverside,Espresso Drinks,Flat White,2,4.36,Card,,8.72,December,Thursday
ORD14108,C1173,2025-06-08,University Ave,Espresso Drinks,Cappuccino,2,4.58,Card,,9.16,June,Sunday
ORD14109,C1526,2025-08-26,Riverside,Espresso Drinks,Latte,2,4.52,Card,,9.04,August,Tuesday
ORD14110,C1077,2025-09-11,University Ave,Tea,Chai Latte,1,3.89,Gift Card,,3.89,September,Thursday
ORD14111,C1599,2025-08-30,University Ave,Espresso Drinks,Flat White,2,4.16,Mobile Pay,,8.32,August,Saturday
ORD14112,C1363,2025-08-08,Downtown,Espresso Drinks,Cappuccino,1,4.12,Card,,4.12,August,Friday
ORD14113,C1137,2025-06-24,Downtown,Espresso Drinks,Americano,1,5.16,Card,,5.16,June,Tuesday
ORD14114,C1158,2025-08-24,Downtown,Pastries,Muffin,3,3.55,Card,,10.65,August,Sunday
ORD14115,C1329,2025-11-26,University Ave,Brewed Coffee,Cold Brew,1,4.08,Cash,,4.08,November,Wednesday
ORD14116,C1422,2025-05-22,Downtown,Pastries,Croissant,1,3.96,Card,3.0,3.96,May,Thursday
ORD14117,C1439,2025-07-05,University Ave,Tea,Green Tea,1,4.08,Mobile Pay,,4.08,July,Saturday
ORD14118,C1357,2025-03-07,Riverside,Brewed Coffee,Cold Brew,1,4.2,Mobile Pay,2.0,4.2,March,Friday
ORD14119,C1027,2025-05-10,Riverside,Tea,Green Tea,2,4.28,Mobile Pay,3.0,8.56,May,Saturday
ORD14120,C1509,2025-10-09,University Ave,Brewed Coffee,Pour Over,1,4.02,Mobile Pay,,4.02,October,Thursday
ORD14121,C1390,2025-08-22,Riverside,Espresso Drinks,Americano,2,4.4,Mobile Pay,,8.8,August,Friday
ORD14122,C1603,2025-03-18,Downtown,Espresso Drinks,Cappuccino,1,5.1,Mobile Pay,,5.1,March,Tuesday
ORD14123,C1547,2025-07-18,Riverside,Espresso Drinks,Flat White,1,3.83,Card,3.0,3.83,July,Friday
ORD14124,C1309,2025-10-23,University Ave,Espresso Drinks,Latte,2,4.25,Card,4.0,8.5,October,Thursday
ORD14125,C1499,2025-02-15,Riverside,Espresso Drinks,Espresso Shot,1,5.72,Card,5.0,5.72,February,Saturday
ORD14126,C1568,2025-01-23,Downtown,Tea,Green Tea,2,4.58,Gift Card,5.0,9.16,January,Thursday
ORD14127,C1046,2025-05-23,University Ave,Brewed Coffee,Cold Brew,2,4.13,Gift Card,4.0,8.26,May,Friday
ORD14128,C1561,2025-08-27,Riverside,Brewed Coffee,Pour Over,3,3.42,Card,5.0,10.26,August,Wednesday
ORD14129,C1027,2025-04-25,Downtown,Brewed Coffee,Cold Brew,1,3.57,Cash,4.0,3.57,April,Friday
ORD14130,C1273,2025-10-26,Riverside,Pastries,Croissant,1,4.2,Card,4.0,4.2,October,Sunday
ORD14131,C1493,2025-11-05,Riverside,Pastries,Muffin,1,3.3,Card,3.0,3.3,November,Wednesday
ORD14132,C1252,2025-07-13,Downtown,Food,Breakfast Sandwich,1,6.37,Card,,6.37,July,Sunday
ORD14133,C1364,2025-05-18,University Ave,Brewed Coffee,Cold Brew,2,3.12,Card,,6.24,May,Sunday
ORD14134,C1132,2025-01-16,Riverside,Food,Bagel,3,6.91,Mobile Pay,,20.73,January,Thursday
ORD14135,C1615,2025-10-27,Riverside,Food,Avocado Toast,2,7.2,Card,5.0,14.4,October,Monday
ORD14136,C1618,2025-11-22,University Ave,Espresso Drinks,Americano,2,4.17,Mobile Pay,,8.34,November,Saturday
ORD14137,C1212,2025-06-11,Riverside,Pastries,Muffin,2,4.46,Card,,8.92,June,Wednesday
ORD14138,C1438,2025-07-07,University Ave,Brewed Coffee,Pour Over,1,3.23,Mobile Pay,5.0,3.23,July,Monday
ORD14139,C1105,2025-10-02,Downtown,Pastries,Muffin,1,4.13,Card,,4.13,October,Thursday
ORD14140,C1617,2025-09-11,Downtown,Pastries,Muffin,2,3.49,Cash,4.0,6.98,September,Thursday
ORD14141,C1191,2025-02-19,Riverside,Food,Avocado Toast,1,7.26,Card,,7.26,February,Wednesday
ORD14142,C1508,2025-09-02,Riverside,Tea,Green Tea,2,4.1,Mobile Pay,4.0,8.2,September,Tuesday
ORD14143,C1619,2025-12-03,Riverside,Pastries,Scone,2,2.91,Mobile Pay,5.0,5.82,December,Wednesday
ORD14144,C1480,2025-10-01,Downtown,Espresso Drinks,Flat White,2,5.7,Mobile Pay,4.0,11.4,October,Wednesday
ORD14145,C1091,2025-06-24,Riverside,Brewed Coffee,Cold Brew,1,3.15,Card,,3.15,June,Tuesday
ORD14146,C1008,2025-07-10,Riverside,Pastries,Muffin,1,4.35,Mobile Pay,4.0,4.35,July,Thursday
ORD14147,C1057,2025-04-05,University Ave,Pastries,Muffin,2,2.85,Card,4.0,5.7,April,Saturday
ORD14148,C1394,2025-08-29,University Ave,Brewed Coffee,Cold Brew,1,3.4,Card,,3.4,August,Friday
ORD14149,C1262,2025-03-29,Riverside,Pastries,Muffin,1,3.3,Card,,3.3,March,Saturday
ORD14150,C1395,2025-05-05,Riverside,Pastries,Scone,1,3.74,Card,,3.74,May,Monday
ORD14151,C1352,2025-04-07,University Ave,Espresso Drinks,Flat White,1,4.92,Cash,4.0,4.92,April,Monday
ORD14152,C1115,2025-05-03,Downtown,Brewed Coffee,Pour Over,1,3.14,Mobile Pay,,3.14,May,Saturday
ORD14153,C1510,2025-05-14,Downtown,Pastries,Muffin,2,2.87,Gift Card,,5.74,May,Wednesday
ORD14154,C1617,2025-01-31,University Ave,Pastries,Cinnamon Roll,3,2.78,Cash,,8.34,January,Friday
ORD14155,C1303,2025-09-19,Riverside,Espresso Drinks,Espresso Shot,1,3.8,Card,,3.8,September,Friday
ORD14156,C1420,2025-06-10,Downtown,Pastries,Scone,1,3.64,Card,5.0,3.64,June,Tuesday
ORD14157,C1529,2025-12-12,University Ave,Tea,Green Tea,2,3.73,Mobile Pay,,7.46,December,Friday
ORD14158,C1376,2025-03-07,University Ave,Pastries,Muffin,1,2.88,Mobile Pay,3.0,2.88,March,Friday
ORD14159,C1528,2025-09-01,Riverside,Espresso Drinks,Flat White,1,4.81,Card,3.0,4.81,September,Monday
ORD14160,C1569,2025-03-07,Riverside,Pastries,Cinnamon Roll,1,3.85,Gift Card,,3.85,March,Friday
ORD14161,C1001,2025-07-19,Riverside,Brewed Coffee,Drip Coffee,1,3.86,Cash,,3.86,July,Saturday
ORD14162,C1022,2025-06-28,Downtown,Brewed Coffee,Pour Over,1,3.05,Card,4.0,3.05,June,Saturday
ORD14163,C1633,2025-06-13,Riverside,Brewed Coffee,Pour Over,3,3.7,Gift Card,,11.1,June,Friday
ORD14164,C1403,2025-08-27,University Ave,Espresso Drinks,Flat White,2,3.91,Card,,7.82,August,Wednesday
ORD14165,C1149,2025-10-29,University Ave,Espresso Drinks,Cappuccino,1,4.06,Card,,4.06,October,Wednesday
ORD14166,C1237,2025-04-26,University Ave,Pastries,Scone,3,2.84,Card,,8.52,April,Saturday
ORD14167,C1129,2025-11-06,University Ave,Food,Avocado Toast,3,6.92,Cash,,20.76,November,Thursday
ORD14168,C1208,2025-03-09,University Ave,Espresso Drinks,Cappuccino,2,5.62,Card,,11.24,March,Sunday
ORD14169,C1193,2025-04-17,Downtown,Pastries,Cinnamon Roll,2,3.01,Gift Card,5.0,6.02,April,Thursday
ORD14170,C1106,2025-04-24,Downtown,Tea,Chai Latte,1,3.45,Card,2.0,3.45,April,Thursday
ORD14171,C1277,2025-12-14,University Ave,Espresso Drinks,Espresso Shot,2,3.75,Cash,,7.5,December,Sunday
ORD14172,C1239,2025-02-13,Downtown,Pastries,Scone,3,3.52,Card,4.0,10.56,February,Thursday
ORD14173,C1627,2025-05-24,Downtown,Espresso Drinks,Flat White,1,5.09,Mobile Pay,,5.09,May,Saturday
ORD14174,C1209,2025-06-04,University Ave,Espresso Drinks,Americano,2,5.29,Cash,,10.58,June,Wednesday
ORD14175,C1335,2025-10-19,University Ave,Espresso Drinks,Flat White,1,4.8,Mobile Pay,4.0,4.8,October,Sunday
ORD14176,C1466,2025-06-26,University Ave,Food,Breakfast Sandwich,2,6.7,Gift Card,5.0,13.4,June,Thursday
ORD14177,C1581,2025-12-18,Riverside,Pastries,Cinnamon Roll,2,3.81,Card,3.0,7.62,December,Thursday
ORD14178,C1224,2025-09-27,University Ave,Pastries,Muffin,1,3.27,Mobile Pay,5.0,3.27,September,Saturday
ORD14179,C1191,2025-09-14,Downtown,Food,Bagel,2,5.89,Cash,4.0,11.78,September,Sunday
ORD14180,C1521,2025-10-02,University Ave,Brewed Coffee,Pour Over,1,3.0,Card,4.0,3.0,October,Thursday
ORD14181,C1320,2025-02-28,Downtown,Food,Bagel,2,7.89,Cash,3.0,15.78,February,Friday
ORD14182,C1204,2025-06-13,Downtown,Brewed Coffee,Drip Coffee,1,3.55,Cash,,3.55,June,Friday
ORD14183,C1294,2025-08-02,Downtown,Espresso Drinks,Cappuccino,1,4.97,Card,,4.97,August,Saturday
ORD14184,C1292,2025-03-17,Riverside,Espresso Drinks,Espresso Shot,3,5.54,Mobile Pay,3.0,16.62,March,Monday
ORD14185,C1203,2025-02-13,University Ave,Pastries,Cinnamon Roll,1,3.43,Mobile Pay,5.0,3.43,February,Thursday
ORD14186,C1059,2025-02-19,Downtown,Brewed Coffee,Pour Over,2,3.53,Card,,7.06,February,Wednesday
ORD14187,C1567,2025-10-15,Riverside,Food,Avocado Toast,2,7.14,Mobile Pay,,14.28,October,Wednesday
ORD14188,C1495,2025-08-28,University Ave,Tea,Green Tea,3,3.51,Card,,10.53,August,Thursday
ORD14189,C1222,2025-04-13,Riverside,Espresso Drinks,Latte,1,5.05,Gift Card,,5.05,April,Sunday
ORD14190,C1537,2025-09-26,University Ave,Brewed Coffee,Cold Brew,2,3.72,Card,,7.44,September,Friday
ORD14191,C1189,2025-09-11,Riverside,Tea,Chai Latte,1,4.61,Cash,,4.61,September,Thursday
ORD14192,C1215,2025-10-25,University Ave,Espresso Drinks,Latte,1,3.84,Card,,3.84,October,Saturday
ORD14193,C1185,2025-11-28,Downtown,Espresso Drinks,Americano,1,5.75,Mobile Pay,4.0,5.75,November,Friday
ORD14194,C1642,2025-11-18,Downtown,Espresso Drinks,Flat White,2,4.94,Mobile Pay,4.0,9.88,November,Tuesday
ORD14195,C1174,2025-03-07,Riverside,Tea,Chai Latte,2,4.02,Card,,8.04,March,Friday
ORD14196,C1129,2025-10-08,University Ave,Brewed Coffee,Cold Brew,2,3.51,Card,,7.02,October,Wednesday
ORD14197,C1198,2025-05-24,Riverside,Espresso Drinks,Espresso Shot,1,4.48,Card,5.0,4.48,May,Saturday
ORD14198,C1537,2025-05-27,University Ave,Espresso Drinks,Latte,1,5.03,Mobile Pay,4.0,5.03,May,Tuesday
ORD14199,C1315,2025-08-24,Riverside,Brewed Coffee,Pour Over,3,3.33,Card,,9.99,August,Sunday
ORD14200,C1101,2025-08-08,Riverside,Espresso Drinks,Latte,1,4.71,Mobile Pay,,4.71,August,Friday
ORD14201,C1267,2025-06-02,Downtown,Espresso Drinks,Cappuccino,3,5.61,Mobile Pay,,16.83,June,Monday
ORD14202,C1247,2025-12-30,Riverside,Pastries,Scone,1,2.86,Card,4.0,2.86,December,Tuesday
ORD14203,C1088,2025-03-05,Riverside,Espresso Drinks,Cappuccino,1,4.77,Card,5.0,4.77,March,Wednesday
ORD14205,C1063,2025-01-11,Downtown,Espresso Drinks,Espresso Shot,1,4.64,Card,2.0,4.64,January,Saturday
ORD14206,C1593,2025-10-24,Downtown,Brewed Coffee,Pour Over,3,3.29,Cash,,9.87,October,Friday
ORD14207,C1455,2025-05-29,Riverside,Food,Breakfast Sandwich,1,6.78,Card,4.0,6.78,May,Thursday
ORD14208,C1557,2025-06-09,University Ave,Espresso Drinks,Americano,2,4.06,Card,5.0,8.12,June,Monday
ORD14209,C1500,2025-08-25,Downtown,Espresso Drinks,Latte,1,5.23,Cash,3.0,5.23,August,Monday
ORD14210,C1335,2025-06-08,University Ave,Food,Avocado Toast,1,8.37,Mobile Pay,4.0,8.37,June,Sunday
ORD14211,C1408,2025-07-28,Downtown,Espresso Drinks,Cappuccino,1,4.41,Card,4.0,4.41,July,Monday
ORD14212,C1434,2025-01-22,Downtown,Espresso Drinks,Espresso Shot,1,5.08,Mobile Pay,,5.08,January,Wednesday
ORD14213,C1143,2025-02-26,Downtown,Espresso Drinks,Espresso Shot,1,4.04,Card,,4.04,February,Wednesday
ORD14214,C1162,2025-12-06,University Ave,Espresso Drinks,Americano,1,5.63,Mobile Pay,5.0,5.63,December,Saturday
ORD14215,C1550,2025-06-14,Riverside,Espresso Drinks,Americano,1,4.54,Card,,4.54,June,Saturday
ORD14216,C1335,2025-03-02,Riverside,Espresso Drinks,Latte,1,4.75,Cash,,4.75,March,Sunday
ORD14217,C1025,2025-05-15,Downtown,Pastries,Cinnamon Roll,1,4.18,Card,,4.18,May,Thursday
ORD14218,C1006,2025-05-02,Downtown,Espresso Drinks,Cappuccino,1,5.69,Card,,5.69,May,Friday
ORD14219,C1459,2025-04-10,Riverside,Espresso Drinks,Flat White,1,5.25,Card,5.0,5.25,April,Thursday
ORD14220,C1422,2025-04-17,Downtown,Espresso Drinks,Latte,1,5.7,Card,5.0,5.7,April,Thursday
ORD14221,C1642,2025-09-23,Riverside,Espresso Drinks,Espresso Shot,2,3.9,Card,5.0,7.8,September,Tuesday
ORD14222,C1487,2025-02-08,Riverside,Pastries,Cinnamon Roll,3,3.35,Mobile Pay,,10.05,February,Saturday
ORD14223,C1131,2025-04-23,Riverside,Tea,Chai Latte,3,4.61,Card,5.0,13.83,April,Wednesday
ORD14224,C1271,2025-06-20,Riverside,Espresso Drinks,Flat White,1,4.16,Card,,4.16,June,Friday
ORD14225,C1368,2025-07-16,Riverside,Tea,Chai Latte,1,4.59,Gift Card,,4.59,July,Wednesday
ORD14226,C1266,2025-11-17,University Ave,Brewed Coffee,Pour Over,1,4.03,Mobile Pay,,4.03,November,Monday
ORD14227,C1616,2025-12-03,Downtown,Espresso Drinks,Espresso Shot,1,4.08,Card,,4.08,December,Wednesday
ORD14228,C1492,2025-04-19,Riverside,Tea,Herbal Tea,1,4.29,Mobile Pay,3.0,4.29,April,Saturday
ORD14229,C1036,2025-07-16,University Ave,Pastries,Croissant,1,3.4,Card,4.0,3.4,July,Wednesday
ORD14230,C1638,2025-01-09,University Ave,Tea,Green Tea,3,4.4,Mobile Pay,3.0,13.2,January,Thursday
ORD14231,C1169,2025-08-13,University Ave,Pastries,Scone,1,4.3,Cash,3.0,4.3,August,Wednesday
ORD14232,C1367,2025-02-25,University Ave,Espresso Drinks,Cappuccino,1,4.44,Mobile Pay,3.0,4.44,February,Tuesday
ORD14233,C1280,2025-01-27,Downtown,Brewed Coffee,Cold Brew,1,2.84,Cash,3.0,2.84,January,Monday
ORD14234,C1139,2025-09-02,Riverside,Espresso Drinks,Cappuccino,1,3.85,Card,,3.85,September,Tuesday
ORD14235,C1042,2025-03-06,Downtown,Food,Breakfast Sandwich,1,7.65,Card,,7.65,March,Thursday
ORD14236,C1254,2025-06-23,University Ave,Food,Avocado Toast,2,5.95,Gift Card,5.0,11.9,June,Monday
ORD14237,C1407,2025-02-06,Downtown,Tea,Herbal Tea,3,3.52,Gift Card,,10.56,February,Thursday
ORD14238,C1256,2025-09-29,Riverside,Pastries,Cinnamon Roll,1,3.35,Card,,3.35,September,Monday
ORD14239,C1300,2025-10-06,University Ave,Tea,Green Tea,2,3.86,Card,,7.72,October,Monday
ORD14240,C1077,2025-07-29,Riverside,Pastries,Croissant,1,3.85,Mobile Pay,,3.85,July,Tuesday
ORD14241,C1268,2025-11-01,Downtown,Espresso Drinks,Cappuccino,1,4.2,Card,,4.2,November,Saturday
ORD14242,C1334,2025-06-08,Riverside,Espresso Drinks,Cappuccino,1,5.05,Card,5.0,5.05,June,Sunday
ORD14243,C1315,2025-03-09,Downtown,Brewed Coffee,Cold Brew,1,3.59,Card,,3.59,March,Sunday
ORD14244,C1593,2025-02-25,Downtown,Brewed Coffee,Drip Coffee,1,3.02,Mobile Pay,3.0,3.02,February,Tuesday
ORD14245,C1595,2025-03-21,University Ave,Espresso Drinks,Flat White,2,5.46,Card,,10.92,March,Friday
ORD14246,C1033,2025-03-14,Downtown,Espresso Drinks,Espresso Shot,2,4.76,Gift Card,5.0,9.52,March,Friday
ORD14247,C1394,2025-04-28,Riverside,Food,Breakfast Sandwich,2,7.74,Card,4.0,15.48,April,Monday
ORD14248,C1021,2025-03-20,Riverside,Brewed Coffee,Pour Over,1,4.24,Mobile Pay,,4.24,March,Thursday
ORD14249,C1094,2025-08-04,Downtown,Espresso Drinks,Flat White,2,5.48,Mobile Pay,,10.96,August,Monday
ORD14250,C1344,2025-02-24,University Ave,Espresso Drinks,Espresso Shot,1,4.58,Gift Card,,4.58,February,Monday
ORD14251,C1401,2025-08-15,Riverside,Espresso Drinks,Latte,1,5.54,Card,,5.54,August,Friday
ORD14252,C1199,2025-05-02,Downtown,Espresso Drinks,Flat White,1,5.13,Mobile Pay,5.0,5.13,May,Friday
ORD14253,C1471,2025-09-07,University Ave,Tea,Herbal Tea,2,4.52,Mobile Pay,,9.04,September,Sunday
ORD14254,C1499,2025-07-06,University Ave,Pastries,Scone,2,3.13,Cash,,6.26,July,Sunday
ORD14255,C1175,2025-11-26,Riverside,Pastries,Scone,2,3.89,Cash,4.0,7.78,November,Wednesday
ORD14256,C1107,2025-06-10,Downtown,Brewed Coffee,Pour Over,1,3.63,Card,5.0,3.63,June,Tuesday
ORD14257,C1595,2025-04-18,Riverside,Espresso Drinks,Espresso Shot,2,5.44,Card,2.0,10.88,April,Friday
ORD14258,C1601,2025-08-03,University Ave,Pastries,Scone,2,2.82,Cash,,5.64,August,Sunday
ORD14259,C1085,2025-08-28,Downtown,Tea,Chai Latte,3,4.56,Card,,13.68,August,Thursday
ORD14260,C1465,2025-06-09,University Ave,Pastries,Scone,2,3.26,Cash,,6.52,June,Monday
ORD14261,C1611,2025-07-23,University Ave,Pastries,Croissant,1,3.8,Cash,,3.8,July,Wednesday
ORD14262,C1522,2025-06-21,University Ave,Pastries,Scone,1,4.11,Cash,5.0,4.11,June,Saturday
ORD14263,C1447,2025-04-22,Riverside,Tea,Herbal Tea,2,4.24,Cash,,8.48,April,Tuesday
ORD14264,C1536,2025-04-25,Riverside,Food,Bagel,1,7.3,Mobile Pay,5.0,7.3,April,Friday
ORD14265,C1130,2025-11-27,Downtown,Espresso Drinks,Espresso Shot,2,4.45,Card,,8.9,November,Thursday
ORD14266,C1357,2025-09-03,Downtown,Pastries,Muffin,1,2.76,Mobile Pay,,2.76,September,Wednesday
ORD14267,C1575,2025-02-04,University Ave,Pastries,Cinnamon Roll,2,2.91,Card,,5.82,February,Tuesday
ORD14268,C1609,2025-12-17,Downtown,Espresso Drinks,Espresso Shot,3,4.02,Cash,4.0,12.06,December,Wednesday
ORD14269,C1571,2025-09-17,Riverside,Food,Bagel,2,7.06,Cash,4.0,14.12,September,Wednesday
ORD14270,C1082,2025-01-19,Downtown,Brewed Coffee,Pour Over,2,2.88,Card,3.0,5.76,January,Sunday
ORD14271,C1641,2025-09-22,University Ave,Tea,Green Tea,1,3.79,Cash,,3.79,September,Monday
ORD14272,C1030,2025-08-03,Riverside,Brewed Coffee,Cold Brew,1,3.43,Card,,3.43,August,Sunday
ORD14273,C1377,2025-11-30,Downtown,Brewed Coffee,Drip Coffee,1,3.62,Cash,,3.62,November,Sunday
ORD14274,C1145,2025-06-28,University Ave,Tea,Green Tea,3,3.3,Card,,9.9,June,Saturday
ORD14275,C1331,2025-07-08,University Ave,Pastries,Muffin,1,3.41,Mobile Pay,5.0,3.41,July,Tuesday
ORD14276,C1618,2025-04-25,Downtown,Food,Avocado Toast,1,8.24,Mobile Pay,,8.24,April,Friday
ORD14277,C1562,2025-04-28,Downtown,Espresso Drinks,Americano,2,4.01,Card,,8.02,April,Monday
ORD14278,C1601,2025-08-13,University Ave,Brewed Coffee,Cold Brew,1,3.02,Mobile Pay,3.0,3.02,August,Wednesday
ORD14279,C1167,2025-10-29,Downtown,Espresso Drinks,Flat White,1,5.46,Cash,5.0,5.46,October,Wednesday
ORD14280,C1545,2025-11-21,Riverside,Brewed Coffee,Pour Over,1,3.33,Card,2.0,3.33,November,Friday
ORD14281,C1439,2025-10-08,Downtown,Food,Avocado Toast,2,6.77,Card,,13.54,October,Wednesday
ORD14282,C1435,2025-08-10,Downtown,Food,Breakfast Sandwich,1,8.01,Mobile Pay,3.0,8.01,August,Sunday
ORD14283,C1568,2025-07-02,University Ave,Espresso Drinks,Latte,2,3.99,Card,5.0,7.98,July,Wednesday
ORD14284,C1197,2025-05-04,Downtown,Espresso Drinks,Cappuccino,1,3.9,Card,,3.9,May,Sunday
ORD14285,C1607,2025-10-07,Downtown,Brewed Coffee,Drip Coffee,3,4.02,Mobile Pay,,12.06,October,Tuesday
ORD14286,C1182,2025-04-26,Downtown,Food,Bagel,2,7.98,Card,4.0,15.96,April,Saturday
ORD14287,C1126,2025-04-08,Riverside,Espresso Drinks,Flat White,1,4.28,Card,4.0,4.28,April,Tuesday
ORD14288,C1397,2025-11-12,University Ave,Brewed Coffee,Cold Brew,1,3.37,Card,,3.37,November,Wednesday
ORD14289,C1609,2025-08-03,Downtown,Pastries,Croissant,1,3.37,Gift Card,4.0,3.37,August,Sunday
ORD14290,C1532,2025-05-09,University Ave,Espresso Drinks,Americano,1,4.76,Card,5.0,4.76,May,Friday
ORD14291,C1220,2025-11-11,Riverside,Brewed Coffee,Pour Over,2,2.91,Card,4.0,5.82,November,Tuesday
ORD14292,C1174,2025-12-17,Downtown,Brewed Coffee,Cold Brew,3,3.05,Mobile Pay,2.0,9.15,December,Wednesday
ORD14293,C1604,2025-04-26,Riverside,Brewed Coffee,Pour Over,1,4.0,Card,4.0,4.0,April,Saturday
ORD14294,C1491,2025-07-09,Downtown,Espresso Drinks,Espresso Shot,1,3.81,Card,,3.81,July,Wednesday
ORD14295,C1021,2025-06-26,Downtown,Brewed Coffee,Pour Over,2,2.87,Card,,5.74,June,Thursday
ORD14296,C1379,2025-09-13,Riverside,Espresso Drinks,Espresso Shot,2,4.84,Card,1.0,9.68,September,Saturday
ORD14297,C1174,2025-12-13,Downtown,Food,Breakfast Sandwich,2,6.37,Mobile Pay,,12.74,December,Saturday
ORD14298,C1360,2025-07-19,Downtown,Tea,Green Tea,3,3.6,Card,,10.8,July,Saturday
ORD14299,C1067,2025-10-18,University Ave,Food,Avocado Toast,1,6.41,Mobile Pay,,6.41,October,Saturday
ORD14300,C1214,2025-08-05,University Ave,Espresso Drinks,Cappuccino,2,5.59,Mobile Pay,,11.18,August,Tuesday
ORD14301,C1456,2025-11-19,Riverside,Pastries,Croissant,1,3.36,Mobile Pay,,3.36,November,Wednesday
ORD14302,C1618,2025-05-28,University Ave,Pastries,Cinnamon Roll,2,2.66,Cash,4.0,5.32,May,Wednesday
ORD14303,C1497,2025-05-21,Riverside,Pastries,Croissant,1,2.78,Card,,2.78,May,Wednesday
ORD14304,C1616,2025-06-03,Downtown,Espresso Drinks,Cappuccino,2,4.83,Cash,,9.66,June,Tuesday
ORD14305,C1010,2025-12-29,Riverside,Espresso Drinks,Latte,3,5.58,Card,,16.74,December,Monday
ORD14306,C1048,2025-08-11,Downtown,Espresso Drinks,Latte,1,4.58,Card,,4.58,August,Monday
ORD14307,C1165,2025-02-25,Riverside,Espresso Drinks,Latte,2,5.29,Card,,10.58,February,Tuesday
ORD14308,C1439,2025-01-15,Riverside,Espresso Drinks,Espresso Shot,1,4.3,Mobile Pay,4.0,4.3,January,Wednesday
ORD14309,C1604,2025-07-08,Riverside,Tea,Chai Latte,3,4.32,Card,,12.96,July,Tuesday
ORD14310,C1006,2025-10-21,Riverside,Espresso Drinks,Espresso Shot,3,4.18,Cash,1.0,12.54,October,Tuesday
ORD14311,C1319,2025-06-24,Downtown,Tea,Green Tea,1,3.49,Card,4.0,3.49,June,Tuesday
ORD14312,C1499,2025-07-23,Downtown,Food,Avocado Toast,1,6.13,Mobile Pay,4.0,6.13,July,Wednesday
ORD14313,C1447,2025-10-18,University Ave,Espresso Drinks,Latte,3,3.78,Cash,,11.34,October,Saturday
ORD14314,C1248,2025-07-07,Downtown,Brewed Coffee,Pour Over,1,3.71,Card,5.0,3.71,July,Monday
ORD14315,C1587,2025-11-27,Riverside,Espresso Drinks,Americano,1,4.32,Card,4.0,4.32,November,Thursday
ORD14316,C1649,2025-08-21,Downtown,Food,Breakfast Sandwich,2,5.74,Card,,11.48,August,Thursday
ORD14317,C1367,2025-09-24,Riverside,Brewed Coffee,Drip Coffee,1,3.39,Cash,5.0,3.39,September,Wednesday
ORD14318,C1505,2025-10-12,Downtown,Espresso Drinks,Latte,2,4.47,Mobile Pay,3.0,8.94,October,Sunday
ORD14319,C1368,2025-08-17,University Ave,Espresso Drinks,Americano,1,5.11,Card,4.0,5.11,August,Sunday
ORD14320,C1330,2025-01-19,Downtown,Espresso Drinks,Americano,3,4.71,Card,3.0,14.13,January,Sunday
ORD14321,C1559,2025-06-05,Downtown,Tea,Chai Latte,2,3.56,Mobile Pay,,7.12,June,Thursday
ORD14322,C1569,2025-02-21,University Ave,Brewed Coffee,Drip Coffee,1,3.68,Card,,3.68,February,Friday
ORD14323,C1423,2025-07-05,Riverside,Tea,Chai Latte,2,3.97,Card,5.0,7.94,July,Saturday
ORD14324,C1564,2025-02-22,Downtown,Brewed Coffee,Drip Coffee,3,3.83,Cash,5.0,11.49,February,Saturday
ORD14325,C1482,2025-07-05,University Ave,Espresso Drinks,Americano,1,5.09,Card,,5.09,July,Saturday
ORD14326,C1185,2025-05-06,Downtown,Pastries,Muffin,2,3.6,Cash,,7.2,May,Tuesday
ORD14327,C1459,2025-01-08,Riverside,Tea,Herbal Tea,3,3.36,Mobile Pay,4.0,10.08,January,Wednesday
ORD14328,C1156,2025-02-15,Downtown,Tea,Green Tea,2,4.5,Mobile Pay,,9.0,February,Saturday
ORD14329,C1006,2025-07-03,Riverside,Espresso Drinks,Cappuccino,2,5.25,Cash,4.0,10.5,July,Thursday
ORD14330,C1404,2025-01-29,University Ave,Tea,Green Tea,2,3.78,Mobile Pay,,7.56,January,Wednesday
ORD14331,C1194,2025-11-08,Downtown,Pastries,Scone,2,3.16,Card,,6.32,November,Saturday
ORD14332,C1062,2025-10-04,University Ave,Brewed Coffee,Pour Over,1,3.82,Card,3.0,3.82,October,Saturday
ORD14333,C1169,2025-09-16,Downtown,Brewed Coffee,Drip Coffee,2,3.92,Mobile Pay,5.0,7.84,September,Tuesday
ORD14334,C1590,2025-03-04,Riverside,Brewed Coffee,Pour Over,2,3.3,Mobile Pay,4.0,6.6,March,Tuesday
ORD14335,C1428,2025-10-17,University Ave,Pastries,Scone,2,3.1,Gift Card,4.0,6.2,October,Friday
ORD14336,C1380,2025-08-20,Riverside,Pastries,Croissant,2,3.81,Mobile Pay,,7.62,August,Wednesday
ORD14337,C1593,2025-05-23,University Ave,Food,Bagel,1,7.04,Card,4.0,7.04,May,Friday
ORD14338,C1524,2025-01-01,Downtown,Espresso Drinks,Latte,2,3.9,Card,4.0,7.8,January,Wednesday
ORD14339,C1230,2025-07-12,Riverside,Espresso Drinks,Americano,1,5.54,Mobile Pay,,5.54,July,Saturday
ORD14340,C1060,2025-10-17,Riverside,Espresso Drinks,Espresso Shot,1,5.6,Mobile Pay,,5.6,October,Friday
ORD14341,C1372,2025-01-13,Downtown,Espresso Drinks,Latte,1,5.21,Mobile Pay,3.0,5.21,January,Monday
ORD14342,C1263,2025-01-20,Downtown,Pastries,Cinnamon Roll,1,2.7,Mobile Pay,,2.7,January,Monday
ORD14343,C1192,2025-05-20,University Ave,Espresso Drinks,Cappuccino,1,4.78,Mobile Pay,5.0,4.78,May,Tuesday
ORD14344,C1494,2025-07-06,Downtown,Pastries,Scone,1,2.55,Card,,2.55,July,Sunday
ORD14345,C1019,2025-06-22,Riverside,Espresso Drinks,Latte,1,5.38,Mobile Pay,,5.38,June,Sunday
ORD14346,C1183,2025-06-05,Downtown,Espresso Drinks,Cappuccino,1,5.11,Card,,5.11,June,Thursday
ORD14347,C1245,2025-04-03,Downtown,Espresso Drinks,Americano,1,4.46,Cash,,4.46,April,Thursday
ORD14348,C1346,2025-01-22,Downtown,Brewed Coffee,Drip Coffee,1,3.88,Card,,3.88,January,Wednesday
ORD14349,C1131,2025-01-12,Downtown,Espresso Drinks,Cappuccino,1,4.36,Card,2.0,4.36,January,Sunday
ORD14350,C1573,2025-02-05,Downtown,Pastries,Scone,2,3.45,Mobile Pay,,6.9,February,Wednesday
ORD14351,C1621,2025-09-09,Riverside,Espresso Drinks,Flat White,1,5.13,Gift Card,,5.13,September,Tuesday
ORD14352,C1399,2025-10-14,University Ave,Food,Avocado Toast,2,6.39,Card,,12.78,October,Tuesday
ORD14353,C1156,2025-06-08,Riverside,Brewed Coffee,Pour Over,1,3.51,Card,5.0,3.51,June,Sunday
ORD14354,C1426,2025-01-29,Riverside,Espresso Drinks,Flat White,1,4.11,Card,,4.11,January,Wednesday
ORD14355,C1519,2025-06-01,University Ave,Espresso Drinks,Americano,2,4.43,Mobile Pay,,8.86,June,Sunday
ORD14356,C1007,2025-12-25,Riverside,Tea,Herbal Tea,1,4.18,Cash,4.0,4.18,December,Thursday
ORD14357,C1234,2025-04-01,Downtown,Pastries,Croissant,2,2.55,Mobile Pay,2.0,5.1,April,Tuesday
ORD14358,C1620,2025-06-28,Downtown,Pastries,Scone,1,4.38,Gift Card,3.0,4.38,June,Saturday
ORD14359,C1574,2025-07-15,Downtown,Brewed Coffee,Cold Brew,1,3.39,Mobile Pay,,3.39,July,Tuesday
ORD14360,C1111,2025-05-01,Riverside,Espresso Drinks,Latte,2,4.82,Card,,9.64,May,Thursday
ORD14361,C1154,2025-06-09,Riverside,Pastries,Muffin,2,4.17,Cash,3.0,8.34,June,Monday
ORD14362,C1128,2025-06-21,Riverside,Brewed Coffee,Cold Brew,2,3.66,Cash,,7.32,June,Saturday
ORD14363,C1152,2025-06-22,Riverside,Food,Avocado Toast,1,5.77,Mobile Pay,4.0,5.77,June,Sunday
ORD14364,C1604,2025-09-19,University Ave,Espresso Drinks,Americano,2,3.93,Card,,7.86,September,Friday
ORD14365,C1321,2025-07-31,Downtown,Brewed Coffee,Pour Over,3,3.1,Gift Card,3.0,9.3,July,Thursday
ORD14366,C1241,2025-01-20,Downtown,Brewed Coffee,Cold Brew,1,3.86,Cash,,3.86,January,Monday
ORD14367,C1526,2025-01-03,Riverside,Tea,Herbal Tea,1,3.55,Mobile Pay,,3.55,January,Friday
ORD14368,C1334,2025-05-30,Riverside,Espresso Drinks,Latte,1,5.52,Card,,5.52,May,Friday
ORD14369,C1378,2025-11-27,Downtown,Food,Avocado Toast,1,6.87,Mobile Pay,5.0,6.87,November,Thursday
ORD14370,C1535,2025-01-14,University Ave,Brewed Coffee,Pour Over,2,3.46,Card,,6.92,January,Tuesday
ORD14371,C1130,2025-01-26,Riverside,Pastries,Croissant,3,3.89,Card,5.0,11.67,January,Sunday
ORD14372,C1209,2025-09-05,Downtown,Brewed Coffee,Cold Brew,1,2.98,Card,4.0,2.98,September,Friday
ORD14373,C1535,2025-06-14,Riverside,Espresso Drinks,Flat White,1,4.59,Card,,4.59,June,Saturday
ORD14374,C1105,2025-03-25,Riverside,Tea,Green Tea,1,4.11,Mobile Pay,,4.11,March,Tuesday
ORD14375,C1626,2025-03-17,Downtown,Food,Avocado Toast,1,8.39,Mobile Pay,,8.39,March,Monday
ORD14376,C1135,2025-08-31,Riverside,Food,Avocado Toast,2,7.26,Mobile Pay,,14.52,August,Sunday
ORD14377,C1364,2025-07-10,Downtown,Brewed Coffee,Pour Over,1,4.0,Mobile Pay,3.0,4.0,July,Thursday
ORD14378,C1389,2025-08-21,Downtown,Brewed Coffee,Drip Coffee,2,3.01,Card,,6.02,August,Thursday
ORD14379,C1072,2025-04-13,Downtown,Espresso Drinks,Americano,1,4.76,Gift Card,,4.76,April,Sunday
ORD14380,C1403,2025-07-11,University Ave,Espresso Drinks,Flat White,1,5.61,Card,,5.61,July,Friday
ORD14381,C1288,2025-11-10,University Ave,Espresso Drinks,Espresso Shot,3,5.73,Card,,17.19,November,Monday
ORD14382,C1454,2025-04-26,Downtown,Brewed Coffee,Pour Over,1,4.11,Card,4.0,4.11,April,Saturday
ORD14383,C1527,2025-05-25,Riverside,Food,Avocado Toast,1,7.59,Cash,4.0,7.59,May,Sunday
ORD14384,C1410,2025-03-01,Downtown,Tea,Chai Latte,2,4.67,Mobile Pay,,9.34,March,Saturday
ORD14385,C1290,2025-08-21,Downtown,Espresso Drinks,Flat White,1,5.71,Mobile Pay,,5.71,August,Thursday
ORD14386,C1289,2025-01-12,Downtown,Pastries,Croissant,3,3.88,Mobile Pay,,11.64,January,Sunday
ORD14387,C1301,2025-04-01,Downtown,Brewed Coffee,Drip Coffee,1,3.76,Mobile Pay,,3.76,April,Tuesday
ORD14388,C1485,2025-09-17,University Ave,Espresso Drinks,Espresso Shot,3,5.14,Mobile Pay,,15.42,September,Wednesday
ORD14389,C1283,2025-01-08,Riverside,Brewed Coffee,Pour Over,1,3.9,Card,,3.9,January,Wednesday
ORD14390,C1593,2025-12-27,Riverside,Espresso Drinks,Flat White,1,3.76,Mobile Pay,4.0,3.76,December,Saturday
ORD14391,C1100,2025-05-28,Riverside,Food,Bagel,1,7.34,Card,,7.34,May,Wednesday
ORD14392,C1436,2025-05-26,Downtown,Pastries,Scone,1,3.69,Card,4.0,3.69,May,Monday
ORD14393,C1608,2025-07-15,Riverside,Brewed Coffee,Cold Brew,1,3.96,Card,3.0,3.96,July,Tuesday
ORD14394,C1645,2025-08-21,Riverside,Espresso Drinks,Cappuccino,1,4.92,Card,,4.92,August,Thursday
ORD14395,C1282,2025-06-17,University Ave,Espresso Drinks,Cappuccino,1,5.67,Cash,,5.67,June,Tuesday
ORD14396,C1033,2025-11-18,Riverside,Food,Avocado Toast,1,6.26,Cash,,6.26,November,Tuesday
ORD14397,C1391,2025-12-17,University Ave,Brewed Coffee,Cold Brew,1,2.97,Mobile Pay,,2.97,December,Wednesday
ORD14398,C1463,2025-03-14,Riverside,Brewed Coffee,Pour Over,2,3.23,Cash,,6.46,March,Friday
ORD14399,C1289,2025-09-15,University Ave,Pastries,Scone,3,2.79,Mobile Pay,3.0,8.37,September,Monday
ORD14400,C1026,2025-04-20,Downtown,Espresso Drinks,Cappuccino,1,4.63,Cash,2.0,4.63,April,Sunday
ORD14401,C1092,2025-12-29,University Ave,Pastries,Muffin,2,2.66,Cash,5.0,5.32,December,Monday
ORD14402,C1401,2025-04-03,Downtown,Brewed Coffee,Cold Brew,2,2.9,Cash,,5.8,April,Thursday
ORD14403,C1013,2025-04-18,Downtown,Espresso Drinks,Espresso Shot,2,4.01,Cash,4.0,8.02,April,Friday
ORD14404,C1295,2025-09-17,Riverside,Espresso Drinks,Americano,1,5.46,Card,,5.46,September,Wednesday
ORD14405,C1259,2025-10-15,Downtown,Tea,Herbal Tea,3,3.64,Card,5.0,10.92,October,Wednesday
ORD14406,C1130,2025-02-16,University Ave,Tea,Chai Latte,1,4.42,Card,3.0,4.42,February,Sunday
ORD14407,C1356,2025-07-22,University Ave,Tea,Herbal Tea,2,4.28,Card,,8.56,July,Tuesday
ORD14408,C1435,2025-05-06,University Ave,Food,Bagel,2,7.29,Card,5.0,14.58,May,Tuesday
ORD14409,C1308,2025-08-11,University Ave,Food,Avocado Toast,2,5.89,Mobile Pay,5.0,11.78,August,Monday
ORD14410,C1376,2025-07-22,Riverside,Pastries,Muffin,2,3.93,Card,,7.86,July,Tuesday
ORD14411,C1334,2025-12-25,Downtown,Pastries,Muffin,1,3.7,Card,4.0,3.7,December,Thursday
ORD14412,C1647,2025-12-06,Downtown,Espresso Drinks,Americano,1,4.99,Mobile Pay,,4.99,December,Saturday
ORD14413,C1474,2025-08-27,Downtown,Brewed Coffee,Cold Brew,1,3.29,Card,,3.29,August,Wednesday
ORD14414,C1523,2025-09-05,University Ave,Food,Breakfast Sandwich,3,7.48,Mobile Pay,,22.44,September,Friday
ORD14415,C1264,2025-11-24,Riverside,Espresso Drinks,Latte,2,5.04,Card,4.0,10.08,November,Monday
ORD14416,C1517,2025-03-08,University Ave,Espresso Drinks,Cappuccino,1,5.37,Gift Card,,5.37,March,Saturday
ORD14417,C1266,2025-09-22,Downtown,Food,Bagel,1,6.04,Gift Card,4.0,6.04,September,Monday
ORD14418,C1260,2025-10-09,Riverside,Pastries,Cinnamon Roll,1,2.51,Card,,2.51,October,Thursday
ORD14419,C1189,2025-02-16,Riverside,Espresso Drinks,Latte,1,4.28,Card,,4.28,February,Sunday
ORD14420,C1396,2025-11-17,Downtown,Brewed Coffee,Drip Coffee,2,2.83,Gift Card,,5.66,November,Monday
ORD14421,C1443,2025-09-12,Riverside,Pastries,Croissant,1,3.09,Card,4.0,3.09,September,Friday
ORD14422,C1290,2025-05-07,Riverside,Brewed Coffee,Cold Brew,1,3.47,Card,4.0,3.47,May,Wednesday
ORD14423,C1382,2025-06-26,Downtown,Pastries,Muffin,1,4.0,Gift Card,,4.0,June,Thursday
ORD14424,C1515,2025-06-28,Riverside,Espresso Drinks,Espresso Shot,2,4.55,Card,5.0,9.1,June,Saturday
ORD14425,C1580,2025-12-01,University Ave,Food,Avocado Toast,2,6.75,Mobile Pay,,13.5,December,Monday
ORD14426,C1493,2025-12-19,Downtown,Food,Breakfast Sandwich,1,6.35,Card,4.0,6.35,December,Friday
ORD14427,C1388,2025-10-21,Downtown,Espresso Drinks,Flat White,1,5.18,Card,,5.18,October,Tuesday
ORD14428,C1389,2025-08-26,University Ave,Espresso Drinks,Espresso Shot,3,5.0,Card,,15.0,August,Tuesday
ORD14429,C1212,2025-02-07,Riverside,Espresso Drinks,Espresso Shot,1,4.74,Card,,4.74,February,Friday
ORD14430,C1633,2025-11-29,Downtown,Espresso Drinks,Espresso Shot,2,4.08,Mobile Pay,,8.16,November,Saturday
ORD14431,C1496,2025-02-18,Downtown,Brewed Coffee,Drip Coffee,2,3.18,Cash,,6.36,February,Tuesday
ORD14432,C1497,2025-03-02,Downtown,Espresso Drinks,Cappuccino,2,5.57,Card,,11.14,March,Sunday
ORD14433,C1090,2025-01-26,Riverside,Tea,Chai Latte,2,3.65,Card,,7.3,January,Sunday
ORD14434,C1433,2025-12-11,Riverside,Espresso Drinks,Flat White,1,4.63,Card,4.0,4.63,December,Thursday
ORD14435,C1135,2025-06-29,Downtown,Espresso Drinks,Espresso Shot,1,5.54,Card,5.0,5.54,June,Sunday
ORD14436,C1397,2025-03-27,Riverside,Brewed Coffee,Drip Coffee,1,3.28,Card,,3.28,March,Thursday
ORD14437,C1166,2025-01-30,University Ave,Tea,Chai Latte,2,3.31,Cash,,6.62,January,Thursday
ORD14438,C1438,2025-05-30,Downtown,Espresso Drinks,Americano,1,3.95,Card,,3.95,May,Friday
ORD14439,C1263,2025-09-21,Downtown,Espresso Drinks,Cappuccino,1,4.35,Card,3.0,4.35,September,Sunday
ORD14440,C1288,2025-12-29,Downtown,Tea,Chai Latte,1,3.26,Mobile Pay,,3.26,December,Monday
ORD14441,C1442,2025-07-21,Downtown,Espresso Drinks,Espresso Shot,3,4.34,Card,,13.02,July,Monday
ORD14442,C1347,2025-08-09,Riverside,Food,Avocado Toast,1,7.26,Cash,,7.26,August,Saturday
ORD14443,C1303,2025-11-01,Riverside,Espresso Drinks,Flat White,2,5.27,Mobile Pay,4.0,10.54,November,Saturday
ORD14444,C1240,2025-11-25,Downtown,Brewed Coffee,Drip Coffee,1,3.26,Mobile Pay,4.0,3.26,November,Tuesday
ORD14445,C1348,2025-04-12,Downtown,Food,Breakfast Sandwich,3,5.71,Card,,17.13,April,Saturday
ORD14446,C1021,2025-12-28,University Ave,Brewed Coffee,Pour Over,2,3.87,Card,,7.74,December,Sunday
ORD14447,C1366,2025-07-08,University Ave,Espresso Drinks,Flat White,3,5.32,Mobile Pay,5.0,15.96,July,Tuesday
ORD14448,C1465,2025-12-05,Riverside,Pastries,Scone,3,3.73,Mobile Pay,4.0,11.19,December,Friday
ORD14449,C1626,2025-02-12,University Ave,Espresso Drinks,Espresso Shot,3,4.76,Mobile Pay,4.0,14.28,February,Wednesday
ORD14450,C1195,2025-02-05,Downtown,Espresso Drinks,Latte,2,4.98,Card,5.0,9.96,February,Wednesday
ORD14451,C1422,2025-11-18,Downtown,Espresso Drinks,Cappuccino,2,5.74,Card,4.0,11.48,November,Tuesday
ORD14452,C1073,2025-09-02,Downtown,Pastries,Cinnamon Roll,2,3.0,Card,3.0,6.0,September,Tuesday
ORD14453,C1416,2025-03-05,University Ave,Espresso Drinks,Americano,1,5.56,Card,,5.56,March,Wednesday
ORD14454,C1156,2025-11-22,Downtown,Brewed Coffee,Cold Brew,1,3.66,Mobile Pay,,3.66,November,Saturday
ORD14455,C1335,2025-02-07,Downtown,Brewed Coffee,Pour Over,1,2.98,Mobile Pay,,2.98,February,Friday
ORD14456,C1162,2025-09-06,Downtown,Brewed Coffee,Drip Coffee,1,3.0,Mobile Pay,5.0,3.0,September,Saturday
ORD14457,C1225,2025-03-16,Downtown,Brewed Coffee,Drip Coffee,2,4.0,Card,3.0,8.0,March,Sunday
ORD14458,C1642,2025-01-26,Riverside,Food,Avocado Toast,1,6.57,Mobile Pay,4.0,6.57,January,Sunday
ORD14459,C1416,2025-10-21,University Ave,Brewed Coffee,Cold Brew,2,3.74,Cash,,7.48,October,Tuesday
ORD14460,C1419,2025-11-05,Riverside,Brewed Coffee,Pour Over,1,3.1,Cash,4.0,3.1,November,Wednesday
ORD14461,C1633,2025-02-08,Riverside,Food,Avocado Toast,1,6.72,Card,,6.72,February,Saturday
ORD14462,C1064,2025-02-03,University Ave,Brewed Coffee,Cold Brew,2,3.27,Mobile Pay,,6.54,February,Monday
ORD14463,C1110,2025-08-12,Downtown,Brewed Coffee,Cold Brew,2,3.24,Mobile Pay,,6.48,August,Tuesday
ORD14464,C1087,2025-01-11,University Ave,Espresso Drinks,Latte,3,4.87,Card,,14.61,January,Saturday
ORD14465,C1138,2025-09-29,Downtown,Pastries,Croissant,1,4.37,Mobile Pay,,4.37,September,Monday
ORD14466,C1415,2025-11-30,University Ave,Tea,Herbal Tea,1,3.91,Mobile Pay,,3.91,November,Sunday
ORD14467,C1428,2025-10-01,Riverside,Tea,Herbal Tea,1,4.02,Gift Card,,4.02,October,Wednesday
ORD14468,C1082,2025-03-25,Downtown,Tea,Chai Latte,1,3.49,Card,,3.49,March,Tuesday
ORD14469,C1627,2025-03-11,Riverside,Food,Bagel,1,6.97,Card,,6.97,March,Tuesday
ORD14470,C1458,2025-09-05,Riverside,Brewed Coffee,Cold Brew,3,4.25,Card,4.0,12.75,September,Friday
ORD14471,C1626,2025-01-23,University Ave,Pastries,Cinnamon Roll,3,4.29,Cash,3.0,12.87,January,Thursday
ORD14472,C1205,2025-07-15,University Ave,Espresso Drinks,Americano,1,4.63,Mobile Pay,,4.63,July,Tuesday
ORD14473,C1553,2025-06-13,Riverside,Espresso Drinks,Latte,1,4.07,Mobile Pay,,4.07,June,Friday
ORD14474,C1368,2025-09-29,University Ave,Espresso Drinks,Flat White,1,4.58,Card,,4.58,September,Monday
ORD14475,C1372,2025-03-15,University Ave,Espresso Drinks,Latte,1,4.75,Mobile Pay,,4.75,March,Saturday
ORD14476,C1470,2025-10-05,Riverside,Tea,Green Tea,1,4.66,Cash,,4.66,October,Sunday
ORD14477,C1400,2025-09-12,University Ave,Food,Bagel,1,6.76,Mobile Pay,,6.76,September,Friday
ORD14478,C1117,2025-03-28,Riverside,Pastries,Cinnamon Roll,1,3.23,Card,4.0,3.23,March,Friday
ORD14479,C1533,2025-05-10,Downtown,Espresso Drinks,Latte,2,5.15,Cash,,10.3,May,Saturday
ORD14480,C1044,2025-01-25,University Ave,Pastries,Muffin,1,3.65,Cash,,3.65,January,Saturday
ORD14481,C1443,2025-06-13,Riverside,Tea,Chai Latte,2,3.31,Card,3.0,6.62,June,Friday
ORD14482,C1556,2025-04-05,Riverside,Pastries,Scone,2,4.27,Mobile Pay,3.0,8.54,April,Saturday
ORD14483,C1529,2025-02-11,Downtown,Espresso Drinks,Cappuccino,3,4.59,Card,,13.77,February,Tuesday
ORD14484,C1403,2025-07-23,Riverside,Espresso Drinks,Cappuccino,1,5.37,Mobile Pay,5.0,5.37,July,Wednesday
ORD14485,C1107,2025-07-26,Downtown,Espresso Drinks,Espresso Shot,1,5.63,Card,,5.63,July,Saturday
ORD14486,C1039,2025-02-01,Riverside,Pastries,Muffin,2,4.15,Cash,,8.3,February,Saturday
ORD14487,C1345,2025-03-09,Riverside,Brewed Coffee,Pour Over,2,3.5,Cash,4.0,7.0,March,Sunday
ORD14488,C1090,2025-01-31,Downtown,Brewed Coffee,Cold Brew,1,3.96,Card,4.0,3.96,January,Friday
ORD14489,C1601,2025-09-05,Downtown,Espresso Drinks,Latte,3,5.31,Card,4.0,15.93,September,Friday
ORD14490,C1521,2025-05-04,University Ave,Espresso Drinks,Cappuccino,1,4.35,Card,,4.35,May,Sunday
ORD14491,C1002,2025-01-26,Downtown,Espresso Drinks,Americano,3,5.03,Card,,15.09,January,Sunday
ORD14492,C1606,2025-03-11,Downtown,Espresso Drinks,Latte,3,4.53,Mobile Pay,4.0,13.59,March,Tuesday
ORD14493,C1447,2025-12-22,University Ave,Food,Bagel,1,7.91,Mobile Pay,,7.91,December,Monday
ORD14494,C1571,2025-04-04,Riverside,Pastries,Muffin,1,3.21,Card,3.0,3.21,April,Friday
ORD14495,C1613,2025-09-07,Riverside,Espresso Drinks,Americano,1,3.86,Mobile Pay,,3.86,September,Sunday
ORD14496,C1074,2025-06-20,Riverside,Espresso Drinks,Cappuccino,1,5.42,Card,4.0,5.42,June,Friday
ORD14497,C1517,2025-03-08,University Ave,Espresso Drinks,Flat White,1,4.47,Card,,4.47,March,Saturday
ORD14498,C1536,2025-04-22,University Ave,Tea,Green Tea,1,4.18,Cash,4.0,4.18,April,Tuesday
ORD14499,C1100,2025-01-06,Downtown,Pastries,Cinnamon Roll,2,3.23,Card,,6.46,January,Monday
ORD14500,C1453,2025-09-29,Riverside,Espresso Drinks,Americano,1,4.25,Gift Card,,4.25,September,Monday
ORD14501,C1356,2025-05-02,University Ave,Espresso Drinks,Americano,1,4.98,Card,4.0,4.98,May,Friday
ORD14502,C1582,2025-07-01,Downtown,Brewed Coffee,Pour Over,1,3.89,Cash,,3.89,July,Tuesday
ORD14503,C1324,2025-02-25,Downtown,Brewed Coffee,Cold Brew,1,3.93,Card,3.0,3.93,February,Tuesday
ORD14504,C1569,2025-10-28,Downtown,Pastries,Cinnamon Roll,3,3.74,Mobile Pay,4.0,11.22,October,Tuesday
ORD14505,C1473,2025-03-21,Riverside,Espresso Drinks,Cappuccino,1,5.38,Mobile Pay,3.0,5.38,March,Friday
ORD14506,C1301,2025-07-26,Downtown,Espresso Drinks,Espresso Shot,3,4.85,Card,5.0,14.55,July,Saturday
ORD14507,C1371,2025-11-14,Downtown,Espresso Drinks,Espresso Shot,1,4.32,Card,,4.32,November,Friday
ORD14508,C1499,2025-09-17,Downtown,Pastries,Croissant,1,2.62,Card,,2.62,September,Wednesday
ORD14509,C1280,2025-08-08,Downtown,Brewed Coffee,Drip Coffee,1,4.09,Mobile Pay,4.0,4.09,August,Friday
ORD14510,C1129,2025-11-20,University Ave,Pastries,Muffin,1,4.12,Card,,4.12,November,Thursday
ORD14511,C1186,2025-03-06,Riverside,Brewed Coffee,Pour Over,2,3.86,Cash,4.0,7.72,March,Thursday
ORD14512,C1424,2025-12-17,University Ave,Food,Avocado Toast,1,6.75,Mobile Pay,5.0,6.75,December,Wednesday
ORD14513,C1228,2025-07-22,Downtown,Pastries,Croissant,2,3.06,Card,,6.12,July,Tuesday
ORD14514,C1403,2025-05-30,University Ave,Espresso Drinks,Espresso Shot,2,3.99,Card,,7.98,May,Friday
ORD14515,C1428,2025-04-04,Downtown,Pastries,Scone,1,3.41,Cash,,3.41,April,Friday
ORD14516,C1574,2025-09-29,Downtown,Food,Avocado Toast,1,6.92,Card,4.0,6.92,September,Monday
ORD14517,C1477,2025-12-22,Downtown,Tea,Herbal Tea,2,3.51,Card,3.0,7.02,December,Monday
ORD14518,C1162,2025-09-09,Riverside,Espresso Drinks,Americano,2,4.2,Card,,8.4,September,Tuesday
ORD14519,C1321,2025-01-12,Downtown,Brewed Coffee,Cold Brew,2,4.14,Mobile Pay,,8.28,January,Sunday
ORD14520,C1151,2025-06-20,Downtown,Pastries,Muffin,1,4.22,Card,4.0,4.22,June,Friday
ORD14521,C1227,2025-09-24,Downtown,Brewed Coffee,Drip Coffee,1,3.61,Card,4.0,3.61,September,Wednesday
ORD14522,C1265,2025-05-25,Riverside,Tea,Herbal Tea,1,3.92,Mobile Pay,4.0,3.92,May,Sunday
ORD14523,C1318,2025-10-09,University Ave,Pastries,Cinnamon Roll,3,3.77,Mobile Pay,,11.31,October,Thursday
ORD14524,C1550,2025-09-15,Downtown,Brewed Coffee,Pour Over,1,3.32,Card,,3.32,September,Monday
ORD14525,C1449,2025-01-25,Riverside,Espresso Drinks,Latte,1,3.92,Card,,3.92,January,Saturday
ORD14526,C1142,2025-07-23,Riverside,Pastries,Cinnamon Roll,2,4.19,Gift Card,,8.38,July,Wednesday
ORD14527,C1173,2025-03-04,Riverside,Pastries,Croissant,1,2.57,Cash,5.0,2.57,March,Tuesday
ORD14528,C1070,2025-06-27,Riverside,Espresso Drinks,Espresso Shot,1,4.73,Mobile Pay,4.0,4.73,June,Friday
ORD14529,C1417,2025-05-20,Riverside,Espresso Drinks,Americano,2,4.01,Card,5.0,8.02,May,Tuesday
ORD14530,C1042,2025-10-21,University Ave,Tea,Herbal Tea,3,4.06,Card,,12.18,October,Tuesday
ORD14531,C1177,2025-11-13,Riverside,Espresso Drinks,Espresso Shot,1,5.72,Card,,5.72,November,Thursday
ORD14532,C1348,2025-06-17,University Ave,Espresso Drinks,Flat White,2,4.96,Cash,3.0,9.92,June,Tuesday
ORD14533,C1028,2025-07-15,University Ave,Brewed Coffee,Pour Over,1,3.74,Card,,3.74,July,Tuesday
ORD14534,C1588,2025-08-16,Riverside,Tea,Green Tea,1,4.03,Cash,4.0,4.03,August,Saturday
ORD14535,C1126,2025-08-27,Downtown,Brewed Coffee,Drip Coffee,1,3.35,Gift Card,,3.35,August,Wednesday
ORD14536,C1201,2025-08-20,Downtown,Tea,Green Tea,1,3.41,Card,4.0,3.41,August,Wednesday
ORD14537,C1330,2025-10-13,Downtown,Espresso Drinks,Latte,3,5.49,Cash,,16.47,October,Monday
ORD14538,C1220,2025-12-24,Riverside,Pastries,Croissant,1,3.0,Card,,3.0,December,Wednesday
ORD14539,C1562,2025-10-29,Riverside,Pastries,Scone,1,4.08,Card,5.0,4.08,October,Wednesday
ORD14540,C1421,2025-02-19,Downtown,Pastries,Cinnamon Roll,3,2.94,Card,5.0,8.82,February,Wednesday
ORD14541,C1334,2025-06-23,Downtown,Espresso Drinks,Flat White,3,4.71,Cash,,14.13,June,Monday
ORD14542,C1295,2025-06-17,Riverside,Food,Bagel,1,6.27,Card,,6.27,June,Tuesday
ORD14543,C1472,2025-07-05,Riverside,Pastries,Scone,1,4.41,Mobile Pay,,4.41,July,Saturday
ORD14544,C1467,2025-07-12,University Ave,Tea,Green Tea,2,4.05,Cash,5.0,8.1,July,Saturday
ORD14545,C1026,2025-09-19,Downtown,Espresso Drinks,Cappuccino,1,5.08,Mobile Pay,,5.08,September,Friday
ORD14546,C1588,2025-06-03,Riverside,Espresso Drinks,Espresso Shot,1,4.6,Card,,4.6,June,Tuesday
ORD14547,C1185,2025-04-06,Riverside,Brewed Coffee,Pour Over,3,3.11,Card,4.0,9.33,April,Sunday
ORD14548,C1637,2025-06-16,Riverside,Espresso Drinks,Americano,2,4.59,Mobile Pay,,9.18,June,Monday
ORD14549,C1100,2025-11-08,Downtown,Food,Bagel,1,5.94,Mobile Pay,,5.94,November,Saturday
ORD14550,C1294,2025-04-24,Downtown,Espresso Drinks,Flat White,2,4.88,Mobile Pay,,9.76,April,Thursday
ORD14551,C1508,2025-01-08,Downtown,Brewed Coffee,Cold Brew,3,3.27,Mobile Pay,4.0,9.81,January,Wednesday
ORD14552,C1578,2025-12-22,University Ave,Brewed Coffee,Pour Over,1,3.91,Card,3.0,3.91,December,Monday
ORD14553,C1054,2025-03-13,Riverside,Food,Bagel,2,7.86,Mobile Pay,4.0,15.72,March,Thursday
ORD14554,C1530,2025-08-08,Riverside,Pastries,Scone,2,4.41,Card,5.0,8.82,August,Friday
ORD14555,C1142,2025-10-19,University Ave,Espresso Drinks,Cappuccino,2,5.72,Card,,11.44,October,Sunday
ORD14556,C1164,2025-04-10,Downtown,Brewed Coffee,Pour Over,1,3.31,Card,,3.31,April,Thursday
ORD14557,C1609,2025-05-04,University Ave,Pastries,Scone,2,4.27,Card,,8.54,May,Sunday
ORD14558,C1204,2025-04-13,University Ave,Espresso Drinks,Flat White,1,4.97,Mobile Pay,4.0,4.97,April,Sunday
ORD14559,C1327,2025-02-24,Downtown,Brewed Coffee,Cold Brew,1,3.59,Card,,3.59,February,Monday
ORD14560,C1607,2025-02-25,University Ave,Espresso Drinks,Latte,1,3.76,Card,,3.76,February,Tuesday
ORD14561,C1097,2025-03-09,Riverside,Espresso Drinks,Flat White,1,5.3,Card,3.0,5.3,March,Sunday
ORD14562,C1540,2025-06-16,University Ave,Espresso Drinks,Americano,3,4.83,Mobile Pay,4.0,14.49,June,Monday
ORD14563,C1389,2025-07-13,Downtown,Espresso Drinks,Espresso Shot,2,5.19,Card,2.0,10.38,July,Sunday
ORD14564,C1440,2025-01-06,Downtown,Pastries,Croissant,1,4.04,Card,,4.04,January,Monday
ORD14565,C1247,2025-11-05,Riverside,Espresso Drinks,Americano,1,5.47,Mobile Pay,,5.47,November,Wednesday
ORD14566,C1142,2025-09-04,Downtown,Pastries,Croissant,1,3.7,Card,5.0,3.7,September,Thursday
ORD14567,C1394,2025-01-26,Downtown,Espresso Drinks,Flat White,3,4.38,Card,,13.14,January,Sunday
ORD14568,C1454,2025-11-03,University Ave,Pastries,Cinnamon Roll,1,4.07,Card,,4.07,November,Monday
ORD14569,C1567,2025-01-12,University Ave,Espresso Drinks,Americano,1,5.11,Card,3.0,5.11,January,Sunday
ORD14570,C1114,2025-07-24,University Ave,Espresso Drinks,Flat White,3,4.69,Mobile Pay,,14.07,July,Thursday
ORD14571,C1113,2025-06-19,Downtown,Espresso Drinks,Americano,2,4.46,Card,3.0,8.92,June,Thursday
ORD14572,C1462,2025-07-02,Riverside,Tea,Herbal Tea,1,3.36,Card,5.0,3.36,July,Wednesday
ORD14573,C1278,2025-12-15,Downtown,Espresso Drinks,Espresso Shot,2,5.4,Mobile Pay,,10.8,December,Monday
ORD14574,C1222,2025-12-04,Downtown,Brewed Coffee,Pour Over,1,4.24,Card,3.0,4.24,December,Thursday
ORD14575,C1319,2025-04-12,University Ave,Brewed Coffee,Pour Over,1,3.96,Card,4.0,3.96,April,Saturday
ORD14576,C1295,2025-07-30,Downtown,Pastries,Muffin,1,3.03,Gift Card,3.0,3.03,July,Wednesday
ORD14577,C1144,2025-12-16,Downtown,Espresso Drinks,Flat White,2,4.39,Mobile Pay,,8.78,December,Tuesday
ORD14578,C1145,2025-09-23,University Ave,Pastries,Muffin,1,3.32,Card,,3.32,September,Tuesday
ORD14579,C1118,2025-11-20,Downtown,Brewed Coffee,Cold Brew,2,3.11,Card,5.0,6.22,November,Thursday
ORD14580,C1010,2025-06-08,University Ave,Espresso Drinks,Espresso Shot,1,3.97,Gift Card,,3.97,June,Sunday
ORD14581,C1394,2025-04-14,Riverside,Espresso Drinks,Flat White,1,4.1,Mobile Pay,,4.1,April,Monday
ORD14582,C1000,2025-07-05,Downtown,Espresso Drinks,Flat White,1,5.44,Gift Card,,5.44,July,Saturday
ORD14583,C1548,2025-10-25,Downtown,Espresso Drinks,Cappuccino,2,3.84,Mobile Pay,5.0,7.68,October,Saturday
ORD14584,C1184,2025-12-05,Downtown,Tea,Herbal Tea,3,4.29,Mobile Pay,,12.87,December,Friday
ORD14585,C1627,2025-09-07,University Ave,Espresso Drinks,Americano,1,4.63,Mobile Pay,1.0,4.63,September,Sunday
ORD14586,C1543,2025-09-15,Downtown,Brewed Coffee,Cold Brew,2,3.87,Card,5.0,7.74,September,Monday
ORD14587,C1342,2025-07-06,Riverside,Espresso Drinks,Cappuccino,2,3.85,Card,,7.7,July,Sunday
ORD14588,C1619,2025-04-27,University Ave,Food,Avocado Toast,3,6.9,Mobile Pay,3.0,20.7,April,Sunday
ORD14589,C1356,2025-06-03,Downtown,Brewed Coffee,Cold Brew,2,3.56,Cash,4.0,7.12,June,Tuesday
ORD14590,C1335,2025-07-01,Downtown,Brewed Coffee,Pour Over,1,2.98,Mobile Pay,,2.98,July,Tuesday
ORD14591,C1536,2025-10-24,University Ave,Espresso Drinks,Cappuccino,3,4.74,Mobile Pay,5.0,14.22,October,Friday
ORD14592,C1422,2025-07-22,Downtown,Brewed Coffee,Cold Brew,1,2.89,Card,,2.89,July,Tuesday
ORD14593,C1427,2025-10-16,Riverside,Food,Bagel,1,7.97,Mobile Pay,4.0,7.97,October,Thursday
ORD14594,C1541,2025-01-10,Riverside,Food,Breakfast Sandwich,1,6.33,Card,,6.33,January,Friday
ORD14595,C1061,2025-10-03,University Ave,Espresso Drinks,Americano,1,5.14,Card,,5.14,October,Friday
ORD14596,C1377,2025-07-04,Riverside,Food,Bagel,3,6.98,Cash,,20.94,July,Friday
ORD14597,C1491,2025-12-30,University Ave,Espresso Drinks,Americano,2,5.05,Card,3.0,10.1,December,Tuesday
ORD14598,C1494,2025-06-21,Downtown,Pastries,Scone,1,2.88,Gift Card,5.0,2.88,June,Saturday
ORD14599,C1169,2025-06-24,Downtown,Pastries,Scone,3,2.85,Card,,8.55,June,Tuesday
ORD14600,C1169,2025-02-16,University Ave,Espresso Drinks,Espresso Shot,1,4.64,Card,5.0,4.64,February,Sunday
ORD14601,C1447,2025-10-21,University Ave,Brewed Coffee,Cold Brew,1,2.98,Card,4.0,2.98,October,Tuesday
ORD14602,C1019,2025-09-13,Downtown,Tea,Chai Latte,3,3.6,Card,4.0,10.8,September,Saturday
ORD14603,C1051,2025-11-10,University Ave,Brewed Coffee,Cold Brew,1,4.16,Card,,4.16,November,Monday
ORD14604,C1575,2025-02-03,University Ave,Espresso Drinks,Cappuccino,3,4.58,Card,3.0,13.74,February,Monday
ORD14605,C1496,2025-03-19,University Ave,Food,Avocado Toast,2,7.7,Card,,15.4,March,Wednesday
ORD14606,C1089,2025-11-16,Downtown,Pastries,Croissant,1,3.99,Cash,3.0,3.99,November,Sunday
ORD14607,C1468,2025-01-16,University Ave,Pastries,Cinnamon Roll,1,2.81,Cash,,2.81,January,Thursday
ORD14608,C1283,2025-07-04,Downtown,Espresso Drinks,Latte,1,5.14,Gift Card,,5.14,July,Friday
ORD14609,C1119,2025-05-28,Riverside,Brewed Coffee,Drip Coffee,1,3.79,Card,,3.79,May,Wednesday
ORD14610,C1402,2025-12-08,Downtown,Brewed Coffee,Drip Coffee,1,3.99,Card,,3.99,December,Monday
ORD14611,C1427,2025-11-08,Downtown,Pastries,Cinnamon Roll,2,2.56,Card,,5.12,November,Saturday
ORD14612,C1198,2025-11-23,Riverside,Brewed Coffee,Drip Coffee,2,4.1,Card,4.0,8.2,November,Sunday
ORD14613,C1524,2025-04-16,Downtown,Espresso Drinks,Flat White,2,3.79,Card,4.0,7.58,April,Wednesday
ORD14614,C1648,2025-08-02,University Ave,Tea,Herbal Tea,3,3.53,Cash,4.0,10.59,August,Saturday
ORD14615,C1277,2025-09-12,University Ave,Food,Breakfast Sandwich,1,5.65,Card,,5.65,September,Friday
ORD14616,C1125,2025-12-19,Riverside,Brewed Coffee,Drip Coffee,3,3.76,Card,4.0,11.28,December,Friday
ORD14617,C1157,2025-01-03,Riverside,Pastries,Cinnamon Roll,1,2.91,Mobile Pay,,2.91,January,Friday
ORD14618,C1317,2025-12-22,Downtown,Pastries,Muffin,1,3.62,Card,3.0,3.62,December,Monday
ORD14619,C1298,2025-05-10,Downtown,Food,Breakfast Sandwich,1,6.32,Card,,6.32,May,Saturday
ORD14620,C1062,2025-02-16,Downtown,Tea,Chai Latte,1,4.27,Card,,4.27,February,Sunday
ORD14621,C1065,2025-08-13,University Ave,Food,Breakfast Sandwich,2,7.8,Mobile Pay,,15.6,August,Wednesday
ORD14622,C1124,2025-10-12,Downtown,Pastries,Cinnamon Roll,1,4.06,Cash,2.0,4.06,October,Sunday
ORD14623,C1201,2025-02-17,Downtown,Espresso Drinks,Americano,1,4.41,Mobile Pay,2.0,4.41,February,Monday
ORD14624,C1241,2025-01-15,Riverside,Food,Avocado Toast,3,7.61,Card,4.0,22.83,January,Wednesday
ORD14625,C1438,2025-11-23,Riverside,Brewed Coffee,Drip Coffee,3,3.09,Mobile Pay,,9.27,November,Sunday
ORD14626,C1539,2025-12-06,Riverside,Espresso Drinks,Americano,1,5.09,Cash,5.0,5.09,December,Saturday
ORD14627,C1141,2025-02-26,Downtown,Food,Bagel,3,7.31,Card,5.0,21.93,February,Wednesday
ORD14628,C1070,2025-11-26,University Ave,Espresso Drinks,Flat White,2,5.53,Mobile Pay,4.0,11.06,November,Wednesday
ORD14629,C1434,2025-11-28,Riverside,Pastries,Cinnamon Roll,1,4.26,Mobile Pay,5.0,4.26,November,Friday
ORD14630,C1305,2025-12-30,University Ave,Pastries,Muffin,1,4.36,Mobile Pay,,4.36,December,Tuesday
ORD14631,C1529,2025-03-20,Riverside,Espresso Drinks,Flat White,2,5.22,Card,,10.44,March,Thursday
ORD14632,C1168,2025-07-30,University Ave,Pastries,Cinnamon Roll,2,3.29,Mobile Pay,,6.58,July,Wednesday
ORD14633,C1576,2025-12-28,Downtown,Espresso Drinks,Flat White,1,4.59,Cash,,4.59,December,Sunday
ORD14634,C1112,2025-11-25,Riverside,Tea,Green Tea,1,4.55,Mobile Pay,,4.55,November,Tuesday
ORD14635,C1641,2025-08-09,Riverside,Pastries,Croissant,2,3.31,Card,3.0,6.62,August,Saturday
ORD14636,C1640,2025-03-13,Riverside,Food,Breakfast Sandwich,3,6.42,Mobile Pay,4.0,19.26,March,Thursday
ORD14637,C1373,2025-01-31,Riverside,Espresso Drinks,Flat White,1,4.19,Card,4.0,4.19,January,Friday
ORD14638,C1249,2025-04-05,Downtown,Espresso Drinks,Cappuccino,2,4.93,Card,,9.86,April,Saturday
ORD14639,C1323,2025-01-24,Riverside,Tea,Green Tea,1,3.86,Mobile Pay,,3.86,January,Friday
ORD14640,C1194,2025-03-13,Downtown,Food,Bagel,1,5.84,Card,,5.84,March,Thursday
ORD14641,C1361,2025-01-28,Riverside,Pastries,Scone,1,3.75,Card,,3.75,January,Tuesday
ORD14642,C1016,2025-10-05,University Ave,Espresso Drinks,Latte,1,4.37,Card,,4.37,October,Sunday
ORD14643,C1406,2025-08-03,Downtown,Pastries,Croissant,1,2.99,Card,,2.99,August,Sunday
ORD14644,C1162,2025-07-08,Riverside,Brewed Coffee,Cold Brew,2,3.79,Mobile Pay,,7.58,July,Tuesday
ORD14645,C1256,2025-10-22,Riverside,Pastries,Muffin,2,2.58,Card,3.0,5.16,October,Wednesday
ORD14646,C1556,2025-05-30,University Ave,Tea,Chai Latte,1,4.19,Mobile Pay,3.0,4.19,May,Friday
ORD14647,C1507,2025-05-27,University Ave,Brewed Coffee,Drip Coffee,1,4.19,Mobile Pay,,4.19,May,Tuesday
ORD14648,C1444,2025-03-17,Downtown,Pastries,Muffin,1,3.18,Card,,3.18,March,Monday
ORD14649,C1284,2025-06-11,Downtown,Brewed Coffee,Cold Brew,1,2.75,Mobile Pay,4.0,2.75,June,Wednesday
ORD14650,C1627,2025-03-05,University Ave,Pastries,Croissant,1,2.57,Mobile Pay,,2.57,March,Wednesday
ORD14651,C1298,2025-08-03,Downtown,Espresso Drinks,Americano,2,5.09,Card,2.0,10.18,August,Sunday
ORD14652,C1306,2025-12-30,Downtown,Pastries,Croissant,1,4.23,Card,3.0,4.23,December,Tuesday
ORD14653,C1265,2025-07-14,Downtown,Food,Bagel,1,5.76,Mobile Pay,3.0,5.76,July,Monday
ORD14654,C1332,2025-04-19,Downtown,Pastries,Scone,3,2.56,Cash,,7.68,April,Saturday
ORD14655,C1235,2025-09-08,University Ave,Pastries,Muffin,3,2.89,Mobile Pay,,8.67,September,Monday
ORD14656,C1212,2025-10-26,Downtown,Food,Avocado Toast,2,7.31,Gift Card,5.0,14.62,October,Sunday
ORD14657,C1483,2025-06-21,Downtown,Tea,Herbal Tea,3,4.41,Card,,13.23,June,Saturday
ORD14658,C1462,2025-04-02,Downtown,Brewed Coffee,Drip Coffee,2,4.06,Mobile Pay,5.0,8.12,April,Wednesday
ORD14659,C1619,2025-09-17,Riverside,Pastries,Cinnamon Roll,3,3.92,Gift Card,4.0,11.76,September,Wednesday
ORD14660,C1545,2025-03-10,University Ave,Espresso Drinks,Cappuccino,1,5.43,Mobile Pay,,5.43,March,Monday
ORD14661,C1610,2025-12-30,University Ave,Espresso Drinks,Americano,2,5.22,Mobile Pay,3.0,10.44,December,Tuesday
ORD14662,C1289,2025-04-26,Downtown,Espresso Drinks,Cappuccino,1,5.18,Cash,,5.18,April,Saturday
ORD14663,C1121,2025-05-08,Riverside,Espresso Drinks,Americano,3,4.19,Cash,4.0,12.57,May,Thursday
ORD14664,C1274,2025-09-22,Riverside,Espresso Drinks,Latte,3,4.14,Card,,12.42,September,Monday
ORD14665,C1016,2025-01-05,Riverside,Tea,Herbal Tea,1,3.61,Gift Card,,3.61,January,Sunday
ORD14666,C1642,2025-03-15,Riverside,Brewed Coffee,Drip Coffee,1,3.56,Card,,3.56,March,Saturday
ORD14667,C1115,2025-02-15,University Ave,Pastries,Scone,1,4.27,Mobile Pay,,4.27,February,Saturday
ORD14668,C1506,2025-05-23,Downtown,Brewed Coffee,Pour Over,2,3.7,Mobile Pay,4.0,7.4,May,Friday
ORD14669,C1462,2025-07-21,Riverside,Tea,Green Tea,1,3.75,Mobile Pay,,3.75,July,Monday
ORD14670,C1107,2025-03-07,Downtown,Espresso Drinks,Americano,2,5.18,Card,2.0,10.36,March,Friday
ORD14671,C1062,2025-05-06,Riverside,Brewed Coffee,Cold Brew,3,3.15,Mobile Pay,,9.45,May,Tuesday
ORD14672,C1347,2025-10-09,Riverside,Pastries,Scone,2,2.81,Card,,5.62,October,Thursday
ORD14673,C1263,2025-12-09,University Ave,Tea,Herbal Tea,2,4.45,Card,,8.9,December,Tuesday
ORD14674,C1221,2025-01-06,Riverside,Brewed Coffee,Pour Over,1,4.24,Card,,4.24,January,Monday
ORD14675,C1601,2025-08-17,University Ave,Espresso Drinks,Latte,3,4.27,Card,3.0,12.81,August,Sunday
ORD14676,C1129,2025-01-10,Downtown,Espresso Drinks,Americano,2,5.58,Mobile Pay,,11.16,January,Friday
ORD14677,C1003,2025-07-09,Riverside,Espresso Drinks,Espresso Shot,2,4.54,Mobile Pay,,9.08,July,Wednesday
ORD14678,C1125,2025-11-17,Downtown,Tea,Green Tea,2,4.61,Cash,,9.22,November,Monday
ORD14679,C1507,2025-10-18,Downtown,Brewed Coffee,Pour Over,1,4.11,Card,5.0,4.11,October,Saturday
ORD14680,C1460,2025-03-26,Downtown,Brewed Coffee,Pour Over,3,2.96,Mobile Pay,,8.88,March,Wednesday
ORD14681,C1007,2025-04-05,University Ave,Pastries,Muffin,2,2.65,Card,,5.3,April,Saturday
ORD14682,C1026,2025-10-13,Riverside,Brewed Coffee,Cold Brew,1,3.36,Card,,3.36,October,Monday
ORD14683,C1543,2025-10-26,Downtown,Brewed Coffee,Drip Coffee,1,3.23,Cash,,3.23,October,Sunday
ORD14684,C1384,2025-04-13,Downtown,Brewed Coffee,Pour Over,1,2.81,Mobile Pay,,2.81,April,Sunday
ORD14685,C1568,2025-01-02,Riverside,Pastries,Cinnamon Roll,2,2.85,Card,,5.7,January,Thursday
ORD14686,C1510,2025-06-11,Riverside,Brewed Coffee,Pour Over,1,2.88,Card,,2.88,June,Wednesday
ORD14687,C1305,2025-08-14,Downtown,Espresso Drinks,Americano,2,3.78,Card,,7.56,August,Thursday
ORD14688,C1028,2025-06-11,Downtown,Brewed Coffee,Drip Coffee,2,3.71,Mobile Pay,,7.42,June,Wednesday
ORD14689,C1145,2025-12-07,Riverside,Food,Avocado Toast,2,7.24,Card,,14.48,December,Sunday
ORD14690,C1426,2025-10-24,University Ave,Espresso Drinks,Latte,3,5.6,Card,4.0,16.8,October,Friday
ORD14691,C1365,2025-10-14,Riverside,Espresso Drinks,Espresso Shot,2,4.47,Card,3.0,8.94,October,Tuesday
ORD14692,C1215,2025-01-08,Downtown,Espresso Drinks,Americano,2,3.76,Card,,7.52,January,Wednesday
ORD14693,C1500,2025-11-07,Riverside,Espresso Drinks,Latte,2,3.83,Card,,7.66,November,Friday
ORD14694,C1586,2025-10-02,Downtown,Brewed Coffee,Drip Coffee,3,4.19,Cash,,12.57,October,Thursday
ORD14695,C1353,2025-05-25,Downtown,Espresso Drinks,Americano,1,5.05,Card,4.0,5.05,May,Sunday
ORD14696,C1235,2025-08-03,Downtown,Espresso Drinks,Cappuccino,1,4.2,Cash,,4.2,August,Sunday
ORD14697,C1285,2025-10-28,University Ave,Tea,Green Tea,1,3.9,Card,4.0,3.9,October,Tuesday
ORD14698,C1509,2025-11-26,Riverside,Brewed Coffee,Pour Over,2,3.63,Cash,,7.26,November,Wednesday
ORD14699,C1501,2025-07-20,Riverside,Tea,Herbal Tea,1,3.52,Mobile Pay,4.0,3.52,July,Sunday
ORD14700,C1137,2025-01-16,University Ave,Brewed Coffee,Pour Over,1,4.13,Card,,4.13,January,Thursday
ORD14701,C1079,2025-08-14,Downtown,Tea,Herbal Tea,1,4.02,Cash,,4.02,August,Thursday
ORD14702,C1360,2025-09-05,Downtown,Espresso Drinks,Cappuccino,3,5.01,Cash,,15.03,September,Friday
ORD14703,C1473,2025-01-22,Downtown,Brewed Coffee,Cold Brew,1,3.11,Card,2.0,3.11,January,Wednesday
ORD14704,C1638,2025-10-25,Riverside,Brewed Coffee,Cold Brew,1,3.93,Gift Card,4.0,3.93,October,Saturday
ORD14705,C1574,2025-03-15,Downtown,Brewed Coffee,Drip Coffee,1,3.33,Card,,3.33,March,Saturday
ORD14706,C1086,2025-11-21,Riverside,Espresso Drinks,Cappuccino,2,5.22,Card,5.0,10.44,November,Friday
ORD14707,C1539,2025-07-20,Riverside,Food,Avocado Toast,3,7.21,Card,5.0,21.63,July,Sunday
ORD14708,C1134,2025-04-28,University Ave,Espresso Drinks,Espresso Shot,1,5.02,Mobile Pay,4.0,5.02,April,Monday
ORD14709,C1489,2025-01-22,University Ave,Espresso Drinks,Americano,2,3.91,Card,4.0,7.82,January,Wednesday
ORD14710,C1395,2025-01-07,Riverside,Espresso Drinks,Cappuccino,2,5.72,Gift Card,,11.44,January,Tuesday
ORD14711,C1079,2025-09-27,Downtown,Pastries,Cinnamon Roll,1,2.68,Card,5.0,2.68,September,Saturday
ORD14712,C1219,2025-05-18,Downtown,Pastries,Croissant,1,4.45,Card,,4.45,May,Sunday
ORD14713,C1495,2025-11-02,University Ave,Pastries,Croissant,1,3.5,Cash,,3.5,November,Sunday
ORD14714,C1118,2025-03-25,University Ave,Pastries,Cinnamon Roll,2,3.8,Card,3.0,7.6,March,Tuesday
ORD14715,C1030,2025-12-02,Downtown,Food,Avocado Toast,2,6.69,Card,4.0,13.38,December,Tuesday
ORD14716,C1455,2025-12-09,University Ave,Espresso Drinks,Flat White,2,4.44,Mobile Pay,3.0,8.88,December,Tuesday
ORD14717,C1189,2025-02-07,University Ave,Food,Bagel,1,7.3,Card,4.0,7.3,February,Friday
ORD14718,C1481,2025-08-24,University Ave,Brewed Coffee,Drip Coffee,3,3.33,Cash,5.0,9.99,August,Sunday
ORD14719,C1318,2025-12-09,Downtown,Tea,Herbal Tea,1,3.65,Cash,,3.65,December,Tuesday
ORD14720,C1541,2025-04-28,Riverside,Tea,Herbal Tea,2,4.33,Mobile Pay,4.0,8.66,April,Monday
ORD14721,C1080,2025-01-25,University Ave,Pastries,Muffin,3,4.0,Mobile Pay,,12.0,January,Saturday
ORD14722,C1548,2025-11-15,Downtown,Espresso Drinks,Espresso Shot,1,5.13,Card,,5.13,November,Saturday
ORD14723,C1348,2025-06-22,University Ave,Food,Bagel,1,7.87,Card,,7.87,June,Sunday
ORD14724,C1162,2025-01-10,Riverside,Tea,Chai Latte,2,4.05,Mobile Pay,,8.1,January,Friday
ORD14725,C1430,2025-11-02,University Ave,Pastries,Croissant,1,3.94,Card,,3.94,November,Sunday
ORD14726,C1544,2025-09-05,Riverside,Pastries,Cinnamon Roll,3,4.08,Card,,12.24,September,Friday
ORD14727,C1228,2025-01-26,Downtown,Pastries,Muffin,1,3.99,Mobile Pay,,3.99,January,Sunday
ORD14728,C1220,2025-04-05,University Ave,Espresso Drinks,Flat White,1,4.94,Card,,4.94,April,Saturday
ORD14729,C1221,2025-01-07,University Ave,Food,Breakfast Sandwich,1,7.39,Mobile Pay,,7.39,January,Tuesday
ORD14730,C1414,2025-12-14,Riverside,Tea,Green Tea,1,3.48,Card,,3.48,December,Sunday
ORD14731,C1452,2025-01-10,Downtown,Food,Avocado Toast,2,8.13,Cash,,16.26,January,Friday
ORD14732,C1051,2025-10-17,Downtown,Tea,Herbal Tea,3,3.61,Gift Card,3.0,10.83,October,Friday
ORD14733,C1340,2025-07-06,Downtown,Espresso Drinks,Espresso Shot,2,4.25,Card,5.0,8.5,July,Sunday
ORD14734,C1228,2025-08-01,University Ave,Espresso Drinks,Flat White,1,4.79,Card,,4.79,August,Friday
ORD14735,C1515,2025-10-23,Riverside,Pastries,Scone,1,4.33,Gift Card,,4.33,October,Thursday
ORD14736,C1536,2025-11-22,Riverside,Food,Avocado Toast,2,6.63,Card,,13.26,November,Saturday
ORD14737,C1170,2025-02-16,Downtown,Tea,Chai Latte,3,3.9,Card,,11.7,February,Sunday
ORD14738,C1145,2025-01-07,University Ave,Espresso Drinks,Latte,1,5.71,Card,,5.71,January,Tuesday
ORD14739,C1626,2025-02-15,Riverside,Espresso Drinks,Espresso Shot,2,5.68,Card,,11.36,February,Saturday
ORD14740,C1647,2025-09-06,Downtown,Espresso Drinks,Cappuccino,1,5.06,Mobile Pay,4.0,5.06,September,Saturday
ORD14741,C1162,2025-07-26,University Ave,Espresso Drinks,Espresso Shot,1,5.16,Card,,5.16,July,Saturday
ORD14742,C1511,2025-01-31,Downtown,Espresso Drinks,Americano,2,3.78,Cash,,7.56,January,Friday
ORD14743,C1396,2025-03-27,University Ave,Food,Bagel,1,7.27,Gift Card,4.0,7.27,March,Thursday
ORD14744,C1445,2025-07-15,University Ave,Brewed Coffee,Cold Brew,1,3.87,Card,,3.87,July,Tuesday
ORD14745,C1267,2025-09-23,Riverside,Espresso Drinks,Cappuccino,1,4.0,Mobile Pay,2.0,4.0,September,Tuesday
ORD14746,C1184,2025-05-05,Riverside,Espresso Drinks,Flat White,1,4.07,Cash,5.0,4.07,May,Monday
ORD14747,C1507,2025-12-12,Downtown,Espresso Drinks,Flat White,1,4.85,Card,,4.85,December,Friday
ORD14748,C1121,2025-12-28,Riverside,Espresso Drinks,Americano,1,4.54,Card,5.0,4.54,December,Sunday
ORD14749,C1136,2025-10-06,University Ave,Food,Breakfast Sandwich,1,6.8,Card,4.0,6.8,October,Monday
ORD14750,C1640,2025-06-15,Riverside,Espresso Drinks,Cappuccino,1,5.03,Mobile Pay,,5.03,June,Sunday
ORD14751,C1313,2025-11-16,Downtown,Espresso Drinks,Americano,2,3.86,Mobile Pay,,7.72,November,Sunday
ORD14752,C1012,2025-09-22,Downtown,Brewed Coffee,Cold Brew,3,3.27,Card,5.0,9.81,September,Monday
ORD14753,C1293,2025-07-09,Downtown,Food,Bagel,1,6.34,Card,3.0,6.34,July,Wednesday
ORD14754,C1540,2025-06-11,Riverside,Brewed Coffee,Drip Coffee,3,2.76,Cash,,8.28,June,Wednesday
ORD14755,C1634,2025-10-30,University Ave,Espresso Drinks,Flat White,3,4.63,Mobile Pay,,13.89,October,Thursday
ORD14756,C1382,2025-07-22,Riverside,Espresso Drinks,Americano,2,4.26,Card,,8.52,July,Tuesday
ORD14757,C1155,2025-03-08,Downtown,Food,Bagel,2,8.02,Card,,16.04,March,Saturday
ORD14758,C1048,2025-12-30,Riverside,Espresso Drinks,Cappuccino,2,5.68,Mobile Pay,4.0,11.36,December,Tuesday
ORD14759,C1306,2025-01-25,Downtown,Brewed Coffee,Cold Brew,2,3.51,Card,,7.02,January,Saturday
ORD14760,C1069,2025-09-10,University Ave,Brewed Coffee,Cold Brew,3,3.97,Mobile Pay,3.0,11.91,September,Wednesday
ORD14761,C1408,2025-08-27,Riverside,Brewed Coffee,Cold Brew,2,3.37,Card,5.0,6.74,August,Wednesday
ORD14762,C1205,2025-08-02,Riverside,Pastries,Scone,2,2.77,Card,,5.54,August,Saturday
ORD14763,C1144,2025-01-19,Downtown,Brewed Coffee,Cold Brew,2,4.08,Mobile Pay,,8.16,January,Sunday
ORD14764,C1076,2025-06-29,Riverside,Tea,Green Tea,1,3.41,Mobile Pay,4.0,3.41,June,Sunday
ORD14765,C1475,2025-11-21,Riverside,Tea,Green Tea,3,4.7,Card,4.0,14.1,November,Friday
ORD14766,C1643,2025-03-29,Downtown,Espresso Drinks,Latte,2,4.21,Mobile Pay,,8.42,March,Saturday
ORD14767,C1367,2025-09-09,University Ave,Food,Bagel,1,7.08,Cash,,7.08,September,Tuesday
ORD14768,C1600,2025-11-09,University Ave,Espresso Drinks,Espresso Shot,2,4.71,Mobile Pay,,9.42,November,Sunday
ORD14769,C1437,2025-12-13,Riverside,Pastries,Muffin,3,4.08,Mobile Pay,,12.24,December,Saturday
ORD14770,C1256,2025-07-07,Downtown,Pastries,Scone,1,2.76,Mobile Pay,,2.76,July,Monday
ORD14771,C1121,2025-04-25,Riverside,Pastries,Croissant,2,2.99,Mobile Pay,3.0,5.98,April,Friday
ORD14772,C1060,2025-09-12,University Ave,Espresso Drinks,Latte,2,4.1,Card,,8.2,September,Friday
ORD14773,C1419,2025-06-26,Downtown,Brewed Coffee,Pour Over,1,2.95,Cash,,2.95,June,Thursday
ORD14774,C1517,2025-08-17,University Ave,Tea,Chai Latte,1,4.64,Cash,,4.64,August,Sunday
ORD14775,C1432,2025-09-27,Downtown,Espresso Drinks,Cappuccino,1,4.64,Mobile Pay,4.0,4.64,September,Saturday
ORD14776,C1549,2025-09-16,Riverside,Pastries,Croissant,3,2.77,Card,3.0,8.31,September,Tuesday
ORD14777,C1388,2025-03-30,Downtown,Food,Breakfast Sandwich,2,7.8,Card,4.0,15.6,March,Sunday
ORD14778,C1258,2025-10-03,Riverside,Brewed Coffee,Drip Coffee,1,2.92,Gift Card,4.0,2.92,October,Friday
ORD14779,C1397,2025-07-17,Downtown,Espresso Drinks,Espresso Shot,3,4.92,Card,,14.76,July,Thursday
ORD14780,C1001,2025-12-05,Riverside,Tea,Chai Latte,2,4.41,Mobile Pay,,8.82,December,Friday
ORD14781,C1451,2025-08-29,Downtown,Pastries,Muffin,1,3.63,Gift Card,,3.63,August,Friday
ORD14782,C1532,2025-11-21,Downtown,Pastries,Cinnamon Roll,1,2.54,Mobile Pay,,2.54,November,Friday
ORD14783,C1496,2025-12-23,Riverside,Pastries,Muffin,1,2.51,Card,3.0,2.51,December,Tuesday
ORD14784,C1200,2025-12-29,University Ave,Pastries,Muffin,1,3.04,Mobile Pay,,3.04,December,Monday
ORD14785,C1641,2025-09-29,Riverside,Espresso Drinks,Flat White,2,4.37,Card,,8.74,September,Monday
ORD14786,C1177,2025-08-06,Downtown,Tea,Green Tea,2,4.44,Card,4.0,8.88,August,Wednesday
ORD14787,C1133,2025-02-12,University Ave,Espresso Drinks,Flat White,1,4.99,Mobile Pay,,4.99,February,Wednesday
ORD14788,C1380,2025-05-21,Downtown,Espresso Drinks,Cappuccino,1,4.67,Card,,4.67,May,Wednesday
ORD14789,C1560,2025-06-23,Riverside,Espresso Drinks,Espresso Shot,2,5.55,Card,,11.1,June,Monday
ORD14790,C1222,2025-10-12,Downtown,Pastries,Scone,1,4.18,Mobile Pay,,4.18,October,Sunday
ORD14791,C1082,2025-08-03,Downtown,Pastries,Muffin,1,4.45,Mobile Pay,,4.45,August,Sunday
ORD14792,C1420,2025-06-09,Riverside,Espresso Drinks,Latte,3,4.72,Card,2.0,14.16,June,Monday
ORD14793,C1178,2025-02-23,Downtown,Espresso Drinks,Latte,3,5.17,Card,,15.51,February,Sunday
ORD14794,C1295,2025-09-18,Downtown,Pastries,Cinnamon Roll,2,3.94,Card,3.0,7.88,September,Thursday
ORD14795,C1560,2025-06-07,Riverside,Espresso Drinks,Latte,1,4.71,Cash,4.0,4.71,June,Saturday
ORD14796,C1471,2025-01-14,Riverside,Espresso Drinks,Espresso Shot,3,4.38,Card,4.0,13.14,January,Tuesday
ORD14797,C1060,2025-04-14,University Ave,Espresso Drinks,Flat White,1,5.54,Gift Card,,5.54,April,Monday
ORD14798,C1043,2025-11-17,Downtown,Espresso Drinks,Americano,2,5.08,Card,5.0,10.16,November,Monday
ORD14799,C1234,2025-02-13,University Ave,Espresso Drinks,Espresso Shot,1,5.22,Card,,5.22,February,Thursday
ORD14800,C1182,2025-05-28,Downtown,Pastries,Muffin,1,3.92,Card,2.0,3.92,May,Wednesday
ORD14801,C1305,2025-07-06,Downtown,Tea,Green Tea,3,3.71,Card,3.0,11.13,July,Sunday
ORD14802,C1548,2025-01-31,University Ave,Brewed Coffee,Drip Coffee,1,2.8,Card,4.0,2.8,January,Friday
ORD14803,C1124,2025-03-02,University Ave,Tea,Green Tea,2,3.38,Card,,6.76,March,Sunday
ORD14804,C1276,2025-12-09,Riverside,Brewed Coffee,Pour Over,1,4.02,Gift Card,3.0,4.02,December,Tuesday
ORD14805,C1601,2025-08-03,Downtown,Pastries,Cinnamon Roll,1,3.55,Gift Card,,3.55,August,Sunday
ORD14806,C1379,2025-03-18,Downtown,Food,Avocado Toast,2,8.38,Card,,16.76,March,Tuesday
ORD14807,C1121,2025-03-03,Downtown,Tea,Green Tea,1,3.72,Mobile Pay,,3.72,March,Monday
ORD14808,C1509,2025-06-04,Riverside,Pastries,Muffin,1,2.81,Cash,5.0,2.81,June,Wednesday
ORD14809,C1047,2025-09-21,Riverside,Brewed Coffee,Cold Brew,1,3.83,Card,,3.83,September,Sunday
ORD14810,C1129,2025-09-23,University Ave,Brewed Coffee,Drip Coffee,2,3.39,Cash,,6.78,September,Tuesday
ORD14811,C1420,2025-03-13,Downtown,Espresso Drinks,Cappuccino,1,5.09,Card,4.0,5.09,March,Thursday
ORD14812,C1089,2025-09-22,University Ave,Tea,Herbal Tea,1,4.56,Gift Card,,4.56,September,Monday
ORD14813,C1394,2025-11-23,Riverside,Espresso Drinks,Flat White,1,5.2,Mobile Pay,,5.2,November,Sunday
ORD14814,C1089,2025-03-24,Downtown,Pastries,Cinnamon Roll,1,4.25,Card,,4.25,March,Monday
ORD14815,C1249,2025-01-10,Riverside,Pastries,Cinnamon Roll,2,3.18,Cash,,6.36,January,Friday
ORD14816,C1102,2025-12-16,University Ave,Brewed Coffee,Drip Coffee,1,3.03,Mobile Pay,,3.03,December,Tuesday
ORD14817,C1147,2025-07-10,University Ave,Tea,Chai Latte,3,4.73,Card,4.0,14.19,July,Thursday
ORD14818,C1586,2025-10-10,Downtown,Tea,Green Tea,1,4.56,Card,3.0,4.56,October,Friday
ORD14819,C1234,2025-04-27,Downtown,Tea,Herbal Tea,1,4.73,Card,3.0,4.73,April,Sunday
ORD14820,C1127,2025-04-19,Riverside,Tea,Herbal Tea,1,4.55,Mobile Pay,,4.55,April,Saturday
ORD14821,C1569,2025-03-23,University Ave,Espresso Drinks,Flat White,1,4.19,Mobile Pay,,4.19,March,Sunday
ORD14822,C1420,2025-03-20,Riverside,Tea,Chai Latte,2,4.57,Card,5.0,9.14,March,Thursday
ORD14823,C1376,2025-06-21,University Ave,Tea,Herbal Tea,1,3.46,Card,,3.46,June,Saturday
ORD14824,C1480,2025-02-08,Downtown,Espresso Drinks,Americano,1,5.23,Card,,5.23,February,Saturday
ORD14825,C1398,2025-11-03,University Ave,Espresso Drinks,Latte,2,4.13,Card,,8.26,November,Monday
ORD14826,C1217,2025-07-06,Downtown,Brewed Coffee,Pour Over,2,3.45,Cash,,6.9,July,Sunday
ORD14827,C1548,2025-11-30,University Ave,Espresso Drinks,Latte,3,5.34,Card,,16.02,November,Sunday
ORD14828,C1489,2025-07-02,Riverside,Espresso Drinks,Espresso Shot,1,3.84,Card,,3.84,July,Wednesday
ORD14829,C1169,2025-04-21,University Ave,Food,Avocado Toast,1,6.37,Card,5.0,6.37,April,Monday
ORD14830,C1328,2025-07-07,Riverside,Pastries,Muffin,1,2.62,Card,3.0,2.62,July,Monday
ORD14831,C1212,2025-02-26,Riverside,Brewed Coffee,Cold Brew,3,3.85,Card,,11.55,February,Wednesday
ORD14832,C1590,2025-10-27,Downtown,Brewed Coffee,Drip Coffee,3,3.81,Card,,11.43,October,Monday
ORD14833,C1108,2025-09-20,University Ave,Pastries,Scone,2,3.16,Card,3.0,6.32,September,Saturday
ORD14834,C1010,2025-02-23,Riverside,Espresso Drinks,Flat White,3,5.49,Card,3.0,16.47,February,Sunday
ORD14835,C1430,2025-07-31,Riverside,Espresso Drinks,Cappuccino,3,5.55,Card,,16.65,July,Thursday
ORD14836,C1002,2025-07-15,Riverside,Espresso Drinks,Latte,1,5.61,Cash,,5.61,July,Tuesday
ORD14837,C1052,2025-03-15,University Ave,Brewed Coffee,Pour Over,2,3.02,Mobile Pay,,6.04,March,Saturday
ORD14838,C1574,2025-02-14,Downtown,Espresso Drinks,Flat White,3,4.26,Mobile Pay,4.0,12.78,February,Friday
ORD14839,C1370,2025-10-04,University Ave,Pastries,Muffin,1,4.28,Cash,,4.28,October,Saturday
ORD14840,C1272,2025-04-07,University Ave,Brewed Coffee,Cold Brew,2,4.21,Card,,8.42,April,Monday
ORD14841,C1444,2025-07-08,Downtown,Espresso Drinks,Cappuccino,1,5.57,Card,,5.57,July,Tuesday
ORD14842,C1369,2025-04-01,Downtown,Brewed Coffee,Drip Coffee,1,3.96,Card,5.0,3.96,April,Tuesday
ORD14843,C1387,2025-08-26,Riverside,Tea,Herbal Tea,2,4.63,Card,,9.26,August,Tuesday
ORD14844,C1522,2025-01-18,Downtown,Brewed Coffee,Cold Brew,3,3.64,Card,,10.92,January,Saturday
ORD14845,C1053,2025-05-11,University Ave,Espresso Drinks,Latte,3,5.73,Card,,17.19,May,Sunday
ORD14846,C1062,2025-07-19,Riverside,Pastries,Scone,2,4.28,Card,,8.56,July,Saturday
ORD14847,C1123,2025-06-09,University Ave,Pastries,Cinnamon Roll,3,4.34,Card,,13.02,June,Monday
ORD14848,C1372,2025-08-11,Riverside,Pastries,Cinnamon Roll,2,3.66,Mobile Pay,,7.32,August,Monday
ORD14849,C1293,2025-03-07,Downtown,Brewed Coffee,Pour Over,1,3.92,Gift Card,,3.92,March,Friday
ORD14850,C1140,2025-06-10,Riverside,Food,Bagel,1,8.49,Mobile Pay,2.0,8.49,June,Tuesday
ORD14851,C1467,2025-10-03,Downtown,Brewed Coffee,Pour Over,1,3.57,Card,4.0,3.57,October,Friday
ORD14852,C1106,2025-05-02,Downtown,Food,Bagel,2,5.56,Card,,11.12,May,Friday
ORD14853,C1213,2025-02-27,University Ave,Espresso Drinks,Americano,1,3.8,Card,4.0,3.8,February,Thursday
ORD14854,C1574,2025-11-05,Riverside,Food,Bagel,1,7.23,Mobile Pay,,7.23,November,Wednesday
ORD14855,C1565,2025-10-11,University Ave,Tea,Herbal Tea,1,4.56,Mobile Pay,5.0,4.56,October,Saturday
ORD14856,C1337,2025-09-05,Downtown,Brewed Coffee,Pour Over,2,2.99,Card,4.0,5.98,September,Friday
ORD14857,C1461,2025-10-18,Downtown,Food,Bagel,1,7.47,Card,5.0,7.47,October,Saturday
ORD14858,C1499,2025-10-11,Riverside,Tea,Green Tea,1,4.49,Mobile Pay,,4.49,October,Saturday
ORD14859,C1088,2025-09-29,University Ave,Brewed Coffee,Drip Coffee,1,3.42,Card,4.0,3.42,September,Monday
ORD14860,C1031,2025-07-05,Riverside,Espresso Drinks,Americano,1,4.42,Card,,4.42,July,Saturday
ORD14861,C1050,2025-01-08,University Ave,Espresso Drinks,Flat White,2,5.22,Card,,10.44,January,Wednesday
ORD14862,C1198,2025-08-06,Riverside,Espresso Drinks,Latte,2,5.44,Mobile Pay,4.0,10.88,August,Wednesday
ORD14863,C1304,2025-04-10,Riverside,Pastries,Scone,1,4.13,Card,,4.13,April,Thursday
ORD14864,C1464,2025-10-09,Riverside,Espresso Drinks,Flat White,1,5.21,Card,3.0,5.21,October,Thursday
ORD14865,C1326,2025-06-20,Downtown,Tea,Chai Latte,3,4.74,Card,,14.22,June,Friday
ORD14866,C1402,2025-11-26,Downtown,Brewed Coffee,Drip Coffee,3,3.57,Card,4.0,10.71,November,Wednesday
ORD14867,C1298,2025-08-05,Downtown,Brewed Coffee,Drip Coffee,1,3.42,Mobile Pay,,3.42,August,Tuesday
ORD14868,C1610,2025-07-20,University Ave,Brewed Coffee,Drip Coffee,1,2.92,Gift Card,4.0,2.92,July,Sunday
ORD14869,C1414,2025-12-01,Riverside,Tea,Herbal Tea,2,4.46,Card,,8.92,December,Monday
ORD14870,C1086,2025-06-22,Downtown,Pastries,Croissant,1,3.54,Card,,3.54,June,Sunday
ORD14871,C1020,2025-05-17,Downtown,Food,Bagel,3,7.43,Cash,,22.29,May,Saturday
ORD14872,C1169,2025-05-16,Downtown,Pastries,Cinnamon Roll,1,2.79,Cash,4.0,2.79,May,Friday
ORD14873,C1356,2025-11-15,Riverside,Espresso Drinks,Cappuccino,1,4.12,Card,5.0,4.12,November,Saturday
ORD14874,C1356,2025-10-03,Riverside,Espresso Drinks,Cappuccino,2,5.24,Mobile Pay,4.0,10.48,October,Friday
ORD14875,C1343,2025-03-01,Downtown,Tea,Herbal Tea,2,3.62,Gift Card,4.0,7.24,March,Saturday
ORD14876,C1274,2025-06-29,Downtown,Espresso Drinks,Latte,1,4.06,Mobile Pay,2.0,4.06,June,Sunday
ORD14877,C1566,2025-05-16,University Ave,Espresso Drinks,Espresso Shot,1,4.56,Mobile Pay,5.0,4.56,May,Friday
ORD14878,C1571,2025-08-24,University Ave,Tea,Chai Latte,2,4.28,Card,3.0,8.56,August,Sunday
ORD14879,C1031,2025-01-20,University Ave,Brewed Coffee,Drip Coffee,2,3.42,Mobile Pay,,6.84,January,Monday
ORD14880,C1352,2025-09-17,Riverside,Pastries,Muffin,2,2.59,Gift Card,,5.18,September,Wednesday
ORD14881,C1053,2025-09-28,Downtown,Food,Avocado Toast,1,7.77,Mobile Pay,4.0,7.77,September,Sunday
ORD14882,C1463,2025-03-24,University Ave,Pastries,Scone,2,3.05,Card,5.0,6.1,March,Monday
ORD14883,C1589,2025-02-24,Downtown,Brewed Coffee,Cold Brew,2,3.14,Card,5.0,6.28,February,Monday
ORD14884,C1577,2025-08-17,Downtown,Espresso Drinks,Latte,2,4.46,Mobile Pay,5.0,8.92,August,Sunday
ORD14885,C1353,2025-04-04,University Ave,Pastries,Scone,1,2.72,Mobile Pay,2.0,2.72,April,Friday
ORD14886,C1272,2025-12-09,Downtown,Espresso Drinks,Cappuccino,1,4.42,Mobile Pay,,4.42,December,Tuesday
ORD14887,C1349,2025-10-10,Downtown,Espresso Drinks,Latte,3,4.65,Cash,5.0,13.95,October,Friday
ORD14888,C1074,2025-12-14,Riverside,Espresso Drinks,Americano,1,5.21,Mobile Pay,5.0,5.21,December,Sunday
ORD14889,C1411,2025-07-14,Downtown,Food,Bagel,1,7.22,Card,5.0,7.22,July,Monday
ORD14890,C1079,2025-12-08,Riverside,Espresso Drinks,Espresso Shot,1,5.34,Card,2.0,5.34,December,Monday
ORD14891,C1016,2025-01-06,University Ave,Espresso Drinks,Latte,1,4.19,Mobile Pay,,4.19,January,Monday
ORD14892,C1079,2025-04-16,Downtown,Espresso Drinks,Latte,2,4.13,Card,,8.26,April,Wednesday
ORD14893,C1175,2025-01-01,Riverside,Brewed Coffee,Pour Over,2,2.88,Mobile Pay,3.0,5.76,January,Wednesday
ORD14894,C1216,2025-09-04,University Ave,Brewed Coffee,Cold Brew,1,3.46,Mobile Pay,4.0,3.46,September,Thursday
ORD14895,C1543,2025-07-05,Riverside,Tea,Herbal Tea,2,4.07,Mobile Pay,,8.14,July,Saturday
ORD14896,C1293,2025-04-15,University Ave,Food,Bagel,2,5.85,Card,3.0,11.7,April,Tuesday
ORD14897,C1454,2025-04-22,Downtown,Tea,Green Tea,3,4.53,Card,,13.59,April,Tuesday
ORD14898,C1040,2025-08-23,Riverside,Food,Breakfast Sandwich,2,6.16,Mobile Pay,,12.32,August,Saturday
ORD14899,C1419,2025-03-07,Riverside,Brewed Coffee,Drip Coffee,1,3.36,Mobile Pay,,3.36,March,Friday
ORD14900,C1469,2025-07-07,Riverside,Pastries,Muffin,1,4.21,Cash,3.0,4.21,July,Monday
ORD14901,C1002,2025-08-12,Downtown,Espresso Drinks,Americano,3,4.33,Card,4.0,12.99,August,Tuesday
ORD14902,C1281,2025-03-29,University Ave,Food,Breakfast Sandwich,3,6.38,Card,,19.14,March,Saturday
ORD14903,C1023,2025-03-25,Downtown,Food,Bagel,3,7.88,Mobile Pay,,23.64,March,Tuesday
ORD14904,C1017,2025-05-09,Riverside,Tea,Herbal Tea,1,4.18,Card,,4.18,May,Friday
ORD14905,C1112,2025-08-04,University Ave,Brewed Coffee,Cold Brew,1,3.33,Card,,3.33,August,Monday
ORD14906,C1538,2025-04-03,Downtown,Tea,Herbal Tea,3,3.61,Card,4.0,10.83,April,Thursday
ORD14907,C1087,2025-05-19,Riverside,Espresso Drinks,Americano,1,3.95,Card,,3.95,May,Monday
ORD14908,C1257,2025-07-17,Riverside,Food,Breakfast Sandwich,2,7.45,Card,4.0,14.9,July,Thursday
ORD14909,C1110,2025-03-09,Downtown,Espresso Drinks,Flat White,3,4.92,Cash,3.0,14.76,March,Sunday
ORD14910,C1309,2025-07-27,Riverside,Espresso Drinks,Espresso Shot,1,3.82,Card,4.0,3.82,July,Sunday
ORD14911,C1289,2025-02-20,Riverside,Espresso Drinks,Cappuccino,1,5.29,Mobile Pay,,5.29,February,Thursday
ORD14912,C1515,2025-02-21,University Ave,Espresso Drinks,Flat White,2,4.09,Card,,8.18,February,Friday
ORD14913,C1190,2025-03-28,Downtown,Espresso Drinks,Latte,3,3.78,Cash,4.0,11.34,March,Friday
ORD14914,C1538,2025-04-15,Riverside,Brewed Coffee,Drip Coffee,2,3.03,Gift Card,,6.06,April,Tuesday
ORD14915,C1004,2025-01-11,Riverside,Food,Avocado Toast,1,6.87,Card,,6.87,January,Saturday
ORD14916,C1308,2025-12-17,University Ave,Tea,Green Tea,1,4.71,Mobile Pay,3.0,4.71,December,Wednesday
ORD14917,C1517,2025-04-23,Downtown,Espresso Drinks,Latte,2,4.47,Cash,,8.94,April,Wednesday
ORD14918,C1328,2025-10-20,Downtown,Pastries,Cinnamon Roll,3,3.12,Card,4.0,9.36,October,Monday
ORD14919,C1492,2025-11-25,University Ave,Tea,Green Tea,1,3.35,Mobile Pay,,3.35,November,Tuesday
ORD14920,C1191,2025-10-19,Downtown,Espresso Drinks,Latte,1,5.08,Cash,2.0,5.08,October,Sunday
ORD14921,C1409,2025-10-30,University Ave,Espresso Drinks,Flat White,2,5.08,Card,4.0,10.16,October,Thursday
ORD14922,C1015,2025-02-06,University Ave,Brewed Coffee,Drip Coffee,3,3.31,Card,,9.93,February,Thursday
ORD14923,C1113,2025-05-16,Riverside,Pastries,Croissant,1,2.7,Card,,2.7,May,Friday
ORD14924,C1129,2025-09-29,Downtown,Espresso Drinks,Espresso Shot,1,4.63,Mobile Pay,,4.63,September,Monday
ORD14925,C1333,2025-07-29,Downtown,Pastries,Cinnamon Roll,2,4.21,Cash,,8.42,July,Tuesday
ORD14926,C1016,2025-01-03,University Ave,Espresso Drinks,Cappuccino,1,3.83,Card,4.0,3.83,January,Friday
ORD14927,C1564,2025-07-26,University Ave,Tea,Herbal Tea,3,4.45,Mobile Pay,,13.35,July,Saturday
ORD14928,C1272,2025-10-20,Riverside,Espresso Drinks,Flat White,1,4.92,Cash,,4.92,October,Monday
ORD14929,C1200,2025-10-29,University Ave,Brewed Coffee,Pour Over,3,3.37,Card,5.0,10.11,October,Wednesday
ORD14930,C1396,2025-05-20,Downtown,Espresso Drinks,Americano,2,4.59,Cash,,9.18,May,Tuesday
ORD14931,C1558,2025-03-28,University Ave,Espresso Drinks,Espresso Shot,3,3.94,Card,5.0,11.82,March,Friday
ORD14932,C1601,2025-04-23,Riverside,Espresso Drinks,Americano,2,5.4,Mobile Pay,,10.8,April,Wednesday
ORD14933,C1640,2025-04-18,Riverside,Brewed Coffee,Cold Brew,2,3.43,Card,3.0,6.86,April,Friday
ORD14934,C1192,2025-05-07,Downtown,Food,Bagel,1,8.43,Card,,8.43,May,Wednesday
ORD14935,C1406,2025-04-20,University Ave,Espresso Drinks,Flat White,3,3.94,Cash,3.0,11.82,April,Sunday
ORD14936,C1008,2025-06-16,Riverside,Brewed Coffee,Cold Brew,1,4.21,Mobile Pay,,4.21,June,Monday
ORD14937,C1415,2025-01-15,University Ave,Brewed Coffee,Cold Brew,1,3.63,Gift Card,,3.63,January,Wednesday
ORD14938,C1630,2025-04-11,University Ave,Food,Breakfast Sandwich,2,6.57,Card,,13.14,April,Friday
ORD14939,C1649,2025-04-25,Downtown,Food,Avocado Toast,3,8.15,Mobile Pay,,24.45,April,Friday
ORD14940,C1166,2025-02-25,Riverside,Pastries,Cinnamon Roll,2,3.73,Mobile Pay,3.0,7.46,February,Tuesday
ORD14941,C1324,2025-11-16,Riverside,Espresso Drinks,Cappuccino,2,4.09,Mobile Pay,4.0,8.18,November,Sunday
ORD14942,C1463,2025-09-03,Downtown,Food,Avocado Toast,2,6.7,Mobile Pay,3.0,13.4,September,Wednesday
ORD14943,C1535,2025-11-28,Riverside,Food,Bagel,1,5.57,Cash,,5.57,November,Friday
ORD14944,C1149,2025-07-24,University Ave,Espresso Drinks,Flat White,2,4.31,Gift Card,,8.62,July,Thursday
ORD14945,C1065,2025-02-09,Riverside,Pastries,Muffin,1,3.22,Card,,3.22,February,Sunday
ORD14946,C1263,2025-11-26,Riverside,Food,Breakfast Sandwich,1,6.67,Card,3.0,6.67,November,Wednesday
ORD14947,C1148,2025-06-16,Riverside,Tea,Herbal Tea,1,4.42,Cash,5.0,4.42,June,Monday
ORD14948,C1332,2025-09-07,Riverside,Tea,Herbal Tea,1,4.03,Card,4.0,4.03,September,Sunday
ORD14949,C1344,2025-05-19,Downtown,Pastries,Croissant,3,4.29,Cash,,12.87,May,Monday
ORD14950,C1183,2025-06-29,Riverside,Brewed Coffee,Pour Over,1,3.59,Card,,3.59,June,Sunday
ORD14951,C1079,2025-06-28,Riverside,Brewed Coffee,Cold Brew,2,4.07,Gift Card,,8.14,June,Saturday
ORD14952,C1113,2025-04-14,University Ave,Pastries,Scone,2,3.44,Card,,6.88,April,Monday
ORD14953,C1596,2025-07-21,Downtown,Espresso Drinks,Cappuccino,2,5.47,Card,4.0,10.94,July,Monday
ORD14954,C1197,2025-09-25,Riverside,Pastries,Croissant,1,3.6,Gift Card,,3.6,September,Thursday
ORD14955,C1525,2025-01-08,Riverside,Food,Breakfast Sandwich,1,6.42,Card,,6.42,January,Wednesday
ORD14956,C1234,2025-02-17,Downtown,Tea,Chai Latte,1,3.66,Gift Card,4.0,3.66,February,Monday
ORD14957,C1138,2025-11-03,Downtown,Food,Avocado Toast,2,6.75,Gift Card,,13.5,November,Monday
ORD14958,C1118,2025-07-27,Riverside,Brewed Coffee,Drip Coffee,1,3.29,Cash,,3.29,July,Sunday
ORD14959,C1355,2025-12-21,University Ave,Food,Avocado Toast,2,5.65,Mobile Pay,,11.3,December,Sunday
ORD14960,C1502,2025-08-09,Downtown,Food,Breakfast Sandwich,2,8.33,Card,2.0,16.66,August,Saturday
ORD14961,C1461,2025-08-26,University Ave,Pastries,Cinnamon Roll,2,3.8,Card,,7.6,August,Tuesday
ORD14962,C1587,2025-11-24,Downtown,Brewed Coffee,Cold Brew,1,4.13,Card,4.0,4.13,November,Monday
ORD14963,C1518,2025-08-29,Downtown,Tea,Chai Latte,2,3.69,Gift Card,,7.38,August,Friday
ORD14964,C1489,2025-04-30,Riverside,Food,Bagel,3,5.72,Gift Card,3.0,17.16,April,Wednesday
ORD14965,C1375,2025-07-12,Downtown,Brewed Coffee,Cold Brew,1,3.58,Card,,3.58,July,Saturday
ORD14966,C1227,2025-03-27,University Ave,Food,Bagel,1,5.63,Cash,5.0,5.63,March,Thursday
ORD14967,C1382,2025-05-02,University Ave,Espresso Drinks,Latte,1,5.15,Card,,5.15,May,Friday
ORD14968,C1250,2025-09-05,Riverside,Pastries,Muffin,1,2.55,Cash,5.0,2.55,September,Friday
ORD14969,C1116,2025-02-24,Downtown,Espresso Drinks,Cappuccino,2,5.15,Cash,5.0,10.3,February,Monday
ORD14970,C1097,2025-09-02,Downtown,Espresso Drinks,Latte,1,4.34,Gift Card,,4.34,September,Tuesday
ORD14971,C1483,2025-08-01,Downtown,Pastries,Cinnamon Roll,1,2.77,Cash,5.0,2.77,August,Friday
ORD14972,C1244,2025-04-23,Downtown,Food,Bagel,1,7.18,Card,,7.18,April,Wednesday
ORD14973,C1428,2025-01-17,Riverside,Espresso Drinks,Flat White,1,3.83,Card,,3.83,January,Friday
ORD14974,C1195,2025-09-14,University Ave,Brewed Coffee,Drip Coffee,1,3.76,Mobile Pay,4.0,3.76,September,Sunday
ORD14975,C1313,2025-10-28,Riverside,Food,Avocado Toast,2,7.23,Card,4.0,14.46,October,Tuesday
ORD14976,C1183,2025-09-23,Riverside,Espresso Drinks,Americano,1,4.45,Card,,4.45,September,Tuesday
ORD14977,C1314,2025-06-03,Downtown,Pastries,Cinnamon Roll,1,3.09,Card,,3.09,June,Tuesday
ORD14978,C1635,2025-08-26,Downtown,Brewed Coffee,Pour Over,1,3.25,Mobile Pay,,3.25,August,Tuesday
ORD14979,C1083,2025-05-31,Downtown,Pastries,Muffin,3,2.75,Card,,8.25,May,Saturday
ORD14980,C1518,2025-05-11,Downtown,Brewed Coffee,Pour Over,3,2.81,Card,,8.43,May,Sunday
ORD14981,C1625,2025-04-30,Riverside,Pastries,Cinnamon Roll,1,2.77,Mobile Pay,4.0,2.77,April,Wednesday
ORD14982,C1183,2025-03-18,University Ave,Brewed Coffee,Pour Over,1,3.23,Card,4.0,3.23,March,Tuesday
ORD14983,C1180,2025-12-19,Riverside,Espresso Drinks,Latte,2,4.74,Card,3.0,9.48,December,Friday
ORD14984,C1536,2025-08-31,Downtown,Espresso Drinks,Flat White,1,4.84,Card,4.0,4.84,August,Sunday
ORD14985,C1213,2025-03-05,University Ave,Espresso Drinks,Americano,1,5.72,Card,2.0,5.72,March,Wednesday
ORD14986,C1512,2025-11-11,Downtown,Pastries,Croissant,2,4.2,Mobile Pay,,8.4,November,Tuesday
ORD14987,C1360,2025-02-25,Riverside,Pastries,Cinnamon Roll,1,4.29,Cash,,4.29,February,Tuesday
ORD14988,C1339,2025-08-05,Riverside,Espresso Drinks,Flat White,2,5.63,Cash,4.0,11.26,August,Tuesday
ORD14989,C1556,2025-03-02,Downtown,Espresso Drinks,Americano,1,5.71,Cash,,5.71,March,Sunday
ORD14990,C1133,2025-05-12,Downtown,Espresso Drinks,Flat White,2,3.96,Cash,,7.92,May,Monday
ORD14991,C1411,2025-08-28,Riverside,Pastries,Scone,2,4.15,Mobile Pay,4.0,8.3,August,Thursday
ORD14992,C1540,2025-12-30,Riverside,Espresso Drinks,Cappuccino,2,3.81,Card,4.0,7.62,December,Tuesday
ORD14993,C1178,2025-12-28,Riverside,Tea,Chai Latte,3,3.94,Card,,11.82,December,Sunday
ORD14994,C1178,2025-11-22,Downtown,Espresso Drinks,Americano,1,5.36,Card,5.0,5.36,November,Saturday
ORD14995,C1460,2025-03-27,Downtown,Pastries,Cinnamon Roll,1,4.33,Cash,,4.33,March,Thursday
ORD14996,C1070,2025-02-04,University Ave,Food,Avocado Toast,1,7.99,Card,,7.99,February,Tuesday
ORD14997,C1315,2025-11-26,Downtown,Espresso Drinks,Espresso Shot,2,4.08,Mobile Pay,4.0,8.16,November,Wednesday
ORD14998,C1052,2025-12-03,Riverside,Pastries,Croissant,1,3.22,Gift Card,4.0,3.22,December,Wednesday
ORD14999,C1111,2025-04-12,Downtown,Espresso Drinks,Flat White,1,4.56,Card,,4.56,April,Saturday
ORD15000,C1412,2025-01-07,Downtown,Espresso Drinks,Espresso Shot,1,5.32,Mobile Pay,,5.32,January,Tuesday
ORD15001,C1622,2025-08-24,Downtown,Tea,Green Tea,1,4.74,Card,,4.74,August,Sunday
ORD15002,C1510,2025-01-28,Downtown,Pastries,Muffin,1,4.43,Card,,4.43,January,Tuesday
ORD15003,C1064,2025-01-15,Downtown,Tea,Herbal Tea,2,3.35,Gift Card,,6.7,January,Wednesday
ORD15004,C1136,2025-12-08,University Ave,Brewed Coffee,Cold Brew,1,3.86,Cash,,3.86,December,Monday
ORD15005,C1623,2025-06-30,Downtown,Pastries,Scone,1,2.86,Card,,2.86,June,Monday
ORD15006,C1579,2025-02-10,University Ave,Espresso Drinks,Flat White,1,4.62,Card,2.0,4.62,February,Monday
ORD15007,C1375,2025-08-27,University Ave,Tea,Green Tea,2,3.72,Mobile Pay,,7.44,August,Wednesday
ORD15008,C1518,2025-05-15,Riverside,Espresso Drinks,Latte,2,5.49,Gift Card,,10.98,May,Thursday
ORD15009,C1381,2025-07-15,Downtown,Pastries,Croissant,1,4.07,Cash,,4.07,July,Tuesday
ORD15010,C1041,2025-11-24,Downtown,Food,Bagel,2,8.23,Card,4.0,16.46,November,Monday
ORD15011,C1568,2025-03-28,Riverside,Espresso Drinks,Americano,1,4.29,Card,,4.29,March,Friday
ORD15012,C1458,2025-08-24,Riverside,Espresso Drinks,Espresso Shot,2,5.73,Card,,11.46,August,Sunday
ORD15013,C1475,2025-10-29,Riverside,Pastries,Croissant,2,4.4,Card,5.0,8.8,October,Wednesday
ORD15014,C1500,2025-06-04,Downtown,Food,Breakfast Sandwich,1,7.7,Mobile Pay,,7.7,June,Wednesday
ORD15015,C1049,2025-12-20,Downtown,Food,Avocado Toast,1,6.36,Card,4.0,6.36,December,Saturday
ORD15016,C1440,2025-06-13,Downtown,Brewed Coffee,Drip Coffee,2,4.02,Cash,2.0,8.04,June,Friday
ORD15017,C1257,2025-06-17,Downtown,Espresso Drinks,Latte,1,4.87,Cash,3.0,4.87,June,Tuesday
ORD15018,C1534,2025-11-18,Riverside,Pastries,Muffin,1,3.23,Cash,,3.23,November,Tuesday
ORD15019,C1492,2025-08-20,Riverside,Brewed Coffee,Pour Over,2,3.03,Mobile Pay,4.0,6.06,August,Wednesday
ORD15020,C1475,2025-11-13,University Ave,Espresso Drinks,Cappuccino,1,3.94,Mobile Pay,5.0,3.94,November,Thursday
ORD15021,C1570,2025-10-15,Riverside,Espresso Drinks,Espresso Shot,1,3.94,Card,4.0,3.94,October,Wednesday
ORD15022,C1316,2025-09-17,Riverside,Pastries,Cinnamon Roll,1,2.67,Card,,2.67,September,Wednesday
ORD15023,C1518,2025-03-29,Downtown,Espresso Drinks,Latte,1,4.02,Cash,4.0,4.02,March,Saturday
ORD15024,C1541,2025-05-26,Riverside,Espresso Drinks,Cappuccino,2,3.76,Card,,7.52,May,Monday
ORD15025,C1612,2025-11-11,University Ave,Brewed Coffee,Cold Brew,3,3.84,Card,3.0,11.52,November,Tuesday
ORD15026,C1119,2025-08-13,University Ave,Food,Bagel,2,6.0,Card,,12.0,August,Wednesday
ORD15027,C1268,2025-04-12,Riverside,Food,Avocado Toast,3,6.88,Cash,,20.64,April,Saturday
ORD15028,C1236,2025-04-30,Riverside,Espresso Drinks,Latte,1,5.28,Card,2.0,5.28,April,Wednesday
ORD15029,C1139,2025-10-10,Riverside,Food,Bagel,3,6.6,Card,2.0,19.8,October,Friday
ORD15030,C1034,2025-03-06,Downtown,Pastries,Scone,2,2.73,Gift Card,,5.46,March,Thursday
ORD15031,C1547,2025-02-10,Downtown,Brewed Coffee,Pour Over,2,2.92,Mobile Pay,,5.84,February,Monday
ORD15032,C1045,2025-10-06,Downtown,Tea,Chai Latte,2,4.08,Card,,8.16,October,Monday
ORD15033,C1477,2025-04-15,Riverside,Espresso Drinks,Cappuccino,2,4.31,Cash,,8.62,April,Tuesday
ORD15034,C1325,2025-10-06,Downtown,Espresso Drinks,Americano,3,3.92,Mobile Pay,4.0,11.76,October,Monday
ORD15035,C1022,2025-07-14,Riverside,Food,Breakfast Sandwich,2,7.82,Cash,,15.64,July,Monday
ORD15036,C1118,2025-12-30,University Ave,Espresso Drinks,Cappuccino,3,4.4,Mobile Pay,,13.2,December,Tuesday
ORD15037,C1483,2025-07-11,Downtown,Tea,Green Tea,3,3.46,Gift Card,,10.38,July,Friday
ORD15038,C1314,2025-11-12,Downtown,Brewed Coffee,Pour Over,1,3.05,Card,5.0,3.05,November,Wednesday
ORD15039,C1160,2025-11-06,University Ave,Brewed Coffee,Cold Brew,2,4.09,Gift Card,,8.18,November,Thursday
ORD15040,C1632,2025-03-19,Downtown,Brewed Coffee,Drip Coffee,1,3.96,Gift Card,,3.96,March,Wednesday
ORD15041,C1327,2025-12-29,Downtown,Tea,Herbal Tea,2,4.01,Card,5.0,8.02,December,Monday
ORD15042,C1481,2025-09-29,Downtown,Pastries,Croissant,2,4.39,Card,,8.78,September,Monday
ORD15043,C1129,2025-02-09,Downtown,Brewed Coffee,Drip Coffee,3,3.85,Mobile Pay,,11.55,February,Sunday
ORD15044,C1238,2025-01-03,Riverside,Espresso Drinks,Americano,1,5.2,Mobile Pay,5.0,5.2,January,Friday
ORD15045,C1202,2025-04-09,University Ave,Tea,Chai Latte,2,4.26,Mobile Pay,,8.52,April,Wednesday
ORD15046,C1466,2025-01-06,Downtown,Food,Breakfast Sandwich,2,8.08,Mobile Pay,,16.16,January,Monday
ORD15047,C1204,2025-05-11,Riverside,Espresso Drinks,Cappuccino,1,4.39,Card,4.0,4.39,May,Sunday
ORD15048,C1299,2025-12-29,Riverside,Brewed Coffee,Cold Brew,1,3.19,Card,,3.19,December,Monday
ORD15049,C1569,2025-06-24,Downtown,Espresso Drinks,Espresso Shot,3,5.37,Mobile Pay,2.0,16.11,June,Tuesday
ORD15050,C1344,2025-01-09,Downtown,Brewed Coffee,Drip Coffee,1,2.82,Card,,2.82,January,Thursday
ORD15051,C1290,2025-06-29,Riverside,Espresso Drinks,Flat White,3,4.29,Mobile Pay,,12.87,June,Sunday
ORD15052,C1128,2025-03-21,Downtown,Espresso Drinks,Espresso Shot,1,3.86,Card,2.0,3.86,March,Friday
ORD15053,C1192,2025-11-08,Riverside,Espresso Drinks,Latte,3,4.75,Mobile Pay,,14.25,November,Saturday
ORD15054,C1265,2025-02-02,Riverside,Brewed Coffee,Pour Over,1,4.11,Cash,,4.11,February,Sunday
ORD15055,C1241,2025-10-08,Downtown,Pastries,Croissant,2,2.84,Mobile Pay,3.0,5.68,October,Wednesday
ORD15056,C1289,2025-06-12,Riverside,Tea,Green Tea,1,3.71,Card,,3.71,June,Thursday
ORD15057,C1013,2025-01-07,Downtown,Brewed Coffee,Drip Coffee,3,3.25,Mobile Pay,4.0,9.75,January,Tuesday
ORD15058,C1274,2025-09-03,Downtown,Tea,Green Tea,2,4.36,Mobile Pay,5.0,8.72,September,Wednesday
ORD15059,C1385,2025-06-15,Riverside,Pastries,Muffin,1,4.32,Mobile Pay,,4.32,June,Sunday
ORD15060,C1537,2025-10-08,Downtown,Brewed Coffee,Pour Over,1,3.73,Card,,3.73,October,Wednesday
ORD15061,C1342,2025-08-13,University Ave,Espresso Drinks,Latte,1,4.93,Card,2.0,4.93,August,Wednesday
ORD15062,C1401,2025-10-14,Riverside,Pastries,Croissant,2,2.57,Mobile Pay,5.0,5.14,October,Tuesday
ORD15063,C1460,2025-06-17,Downtown,Brewed Coffee,Cold Brew,3,4.09,Card,4.0,12.27,June,Tuesday
ORD15064,C1406,2025-01-03,University Ave,Brewed Coffee,Drip Coffee,1,2.92,Card,4.0,2.92,January,Friday
ORD15065,C1445,2025-02-17,University Ave,Brewed Coffee,Drip Coffee,2,3.81,Gift Card,,7.62,February,Monday
ORD15066,C1585,2025-06-17,University Ave,Espresso Drinks,Latte,1,3.77,Cash,,3.77,June,Tuesday
ORD15067,C1263,2025-05-25,Downtown,Espresso Drinks,Flat White,1,4.98,Card,,4.98,May,Sunday
ORD15068,C1629,2025-10-17,University Ave,Pastries,Muffin,3,4.35,Mobile Pay,4.0,13.05,October,Friday
ORD15069,C1416,2025-05-30,Downtown,Brewed Coffee,Cold Brew,1,3.7,Mobile Pay,4.0,3.7,May,Friday
ORD15070,C1263,2025-11-10,Riverside,Brewed Coffee,Pour Over,2,4.04,Mobile Pay,3.0,8.08,November,Monday
ORD15071,C1379,2025-03-10,Downtown,Brewed Coffee,Drip Coffee,2,3.6,Card,5.0,7.2,March,Monday
ORD15072,C1055,2025-05-21,University Ave,Brewed Coffee,Drip Coffee,3,3.88,Mobile Pay,,11.64,May,Wednesday
ORD15073,C1250,2025-10-03,Downtown,Tea,Herbal Tea,2,4.25,Mobile Pay,5.0,8.5,October,Friday
ORD15074,C1234,2025-02-15,Riverside,Espresso Drinks,Latte,2,5.25,Cash,4.0,10.5,February,Saturday
ORD15075,C1471,2025-04-27,Downtown,Food,Bagel,2,5.54,Card,,11.08,April,Sunday
ORD15076,C1135,2025-10-01,Downtown,Tea,Chai Latte,2,3.28,Mobile Pay,,6.56,October,Wednesday
ORD15077,C1512,2025-08-03,University Ave,Brewed Coffee,Cold Brew,2,4.02,Card,5.0,8.04,August,Sunday
ORD15078,C1014,2025-10-11,University Ave,Pastries,Cinnamon Roll,1,2.82,Mobile Pay,4.0,2.82,October,Saturday
ORD15079,C1069,2025-07-07,Downtown,Food,Bagel,1,5.64,Mobile Pay,4.0,5.64,July,Monday
ORD15080,C1007,2025-11-09,Riverside,Brewed Coffee,Cold Brew,2,4.18,Mobile Pay,5.0,8.36,November,Sunday
ORD15081,C1045,2025-11-16,University Ave,Pastries,Scone,1,3.48,Cash,4.0,3.48,November,Sunday
ORD15082,C1415,2025-12-21,Riverside,Pastries,Muffin,2,4.39,Mobile Pay,,8.78,December,Sunday
ORD15083,C1187,2025-02-14,Riverside,Brewed Coffee,Cold Brew,1,3.33,Mobile Pay,,3.33,February,Friday
ORD15084,C1253,2025-08-04,Downtown,Espresso Drinks,Espresso Shot,2,5.29,Card,2.0,10.58,August,Monday
ORD15085,C1197,2025-02-11,Downtown,Pastries,Croissant,1,3.02,Mobile Pay,5.0,3.02,February,Tuesday
ORD15086,C1259,2025-03-25,University Ave,Brewed Coffee,Pour Over,1,3.26,Cash,,3.26,March,Tuesday
ORD15087,C1369,2025-04-20,University Ave,Pastries,Cinnamon Roll,1,3.04,Card,4.0,3.04,April,Sunday
ORD15088,C1373,2025-08-24,University Ave,Brewed Coffee,Drip Coffee,2,2.78,Mobile Pay,3.0,5.56,August,Sunday
ORD15089,C1335,2025-06-06,University Ave,Brewed Coffee,Cold Brew,1,3.4,Mobile Pay,,3.4,June,Friday
ORD15090,C1574,2025-11-11,Downtown,Espresso Drinks,Cappuccino,2,4.19,Card,3.0,8.38,November,Tuesday
ORD15091,C1421,2025-04-19,Downtown,Brewed Coffee,Drip Coffee,2,3.45,Card,,6.9,April,Saturday
ORD15092,C1154,2025-08-13,Riverside,Espresso Drinks,Espresso Shot,1,4.51,Mobile Pay,4.0,4.51,August,Wednesday
ORD15093,C1007,2025-10-05,Riverside,Pastries,Croissant,1,2.93,Card,5.0,2.93,October,Sunday
ORD15094,C1546,2025-12-23,Downtown,Espresso Drinks,Americano,1,4.96,Mobile Pay,4.0,4.96,December,Tuesday
ORD15095,C1040,2025-03-31,Riverside,Food,Breakfast Sandwich,2,7.1,Cash,,14.2,March,Monday
ORD15096,C1480,2025-09-25,Downtown,Espresso Drinks,Cappuccino,1,5.6,Card,4.0,5.6,September,Thursday
ORD15097,C1369,2025-01-31,Riverside,Brewed Coffee,Drip Coffee,3,3.97,Card,4.0,11.91,January,Friday
ORD15098,C1047,2025-07-17,University Ave,Espresso Drinks,Latte,1,3.92,Card,,3.92,July,Thursday
ORD15099,C1362,2025-05-31,Downtown,Espresso Drinks,Americano,3,4.41,Card,,13.23,May,Saturday
ORD15100,C1116,2025-12-15,University Ave,Pastries,Croissant,2,3.99,Gift Card,5.0,7.98,December,Monday
ORD15101,C1549,2025-10-09,Riverside,Espresso Drinks,Latte,3,4.0,Mobile Pay,4.0,12.0,October,Thursday
ORD15102,C1382,2025-12-04,Riverside,Espresso Drinks,Cappuccino,2,4.17,Card,3.0,8.34,December,Thursday
ORD15103,C1258,2025-11-06,Downtown,Brewed Coffee,Drip Coffee,2,4.04,Cash,4.0,8.08,November,Thursday
ORD15104,C1546,2025-05-30,Downtown,Brewed Coffee,Cold Brew,1,3.13,Cash,4.0,3.13,May,Friday
ORD15105,C1485,2025-09-24,University Ave,Espresso Drinks,Cappuccino,2,4.94,Card,,9.88,September,Wednesday
ORD15106,C1308,2025-01-12,University Ave,Pastries,Cinnamon Roll,1,3.34,Gift Card,,3.34,January,Sunday
ORD15107,C1523,2025-07-23,Riverside,Espresso Drinks,Cappuccino,2,4.23,Mobile Pay,4.0,8.46,July,Wednesday
ORD15108,C1607,2025-01-18,Downtown,Pastries,Cinnamon Roll,2,3.25,Mobile Pay,,6.5,January,Saturday
ORD15109,C1201,2025-09-21,Riverside,Brewed Coffee,Drip Coffee,1,4.22,Card,,4.22,September,Sunday
ORD15110,C1214,2025-12-18,Riverside,Brewed Coffee,Drip Coffee,1,2.86,Card,4.0,2.86,December,Thursday
ORD15111,C1452,2025-09-06,Riverside,Food,Breakfast Sandwich,1,7.32,Card,,7.32,September,Saturday
ORD15112,C1053,2025-11-02,Downtown,Espresso Drinks,Flat White,1,5.1,Card,3.0,5.1,November,Sunday
ORD15113,C1056,2025-03-27,University Ave,Food,Avocado Toast,2,6.45,Cash,,12.9,March,Thursday
ORD15114,C1262,2025-12-28,Downtown,Pastries,Muffin,2,2.72,Card,,5.44,December,Sunday
ORD15115,C1001,2025-07-20,Riverside,Brewed Coffee,Cold Brew,1,3.65,Mobile Pay,,3.65,July,Sunday
ORD15116,C1633,2025-09-03,Riverside,Espresso Drinks,Cappuccino,2,4.25,Card,4.0,8.5,September,Wednesday
ORD15117,C1611,2025-10-08,University Ave,Food,Bagel,1,8.1,Mobile Pay,,8.1,October,Wednesday
ORD15118,C1004,2025-08-21,Downtown,Espresso Drinks,Cappuccino,1,4.42,Card,2.0,4.42,August,Thursday
ORD15119,C1502,2025-04-26,Downtown,Espresso Drinks,Latte,1,4.51,Cash,5.0,4.51,April,Saturday
ORD15120,C1248,2025-08-11,University Ave,Espresso Drinks,Flat White,2,4.96,Mobile Pay,3.0,9.92,August,Monday
ORD15121,C1117,2025-08-27,Downtown,Espresso Drinks,Flat White,3,5.41,Card,,16.23,August,Wednesday
ORD15122,C1327,2025-11-09,Riverside,Pastries,Muffin,1,3.87,Card,,3.87,November,Sunday
ORD15123,C1215,2025-06-25,Downtown,Pastries,Scone,2,3.35,Card,3.0,6.7,June,Wednesday
ORD15124,C1514,2025-07-02,Riverside,Espresso Drinks,Americano,1,4.22,Card,3.0,4.22,July,Wednesday
ORD15125,C1322,2025-07-03,Riverside,Brewed Coffee,Pour Over,2,4.02,Card,,8.04,July,Thursday
ORD15126,C1382,2025-02-11,Riverside,Pastries,Muffin,1,2.54,Card,,2.54,February,Tuesday
ORD15127,C1118,2025-02-02,Riverside,Espresso Drinks,Latte,2,4.14,Cash,,8.28,February,Sunday
ORD15128,C1252,2025-01-08,Riverside,Pastries,Scone,3,3.58,Cash,,10.74,January,Wednesday
ORD15129,C1348,2025-08-31,Riverside,Tea,Chai Latte,2,3.4,Gift Card,5.0,6.8,August,Sunday
ORD15130,C1264,2025-06-02,Downtown,Espresso Drinks,Flat White,2,4.08,Gift Card,,8.16,June,Monday
ORD15131,C1401,2025-11-12,University Ave,Espresso Drinks,Flat White,2,5.25,Mobile Pay,,10.5,November,Wednesday
ORD15132,C1412,2025-09-13,Riverside,Espresso Drinks,Americano,3,4.83,Mobile Pay,,14.49,September,Saturday
ORD15133,C1422,2025-02-21,University Ave,Espresso Drinks,Latte,1,4.63,Card,,4.63,February,Friday
ORD15134,C1203,2025-02-06,Riverside,Pastries,Muffin,1,3.8,Cash,5.0,3.8,February,Thursday
ORD15135,C1487,2025-05-14,Downtown,Pastries,Scone,1,4.02,Cash,4.0,4.02,May,Wednesday
ORD15136,C1602,2025-12-02,Downtown,Espresso Drinks,Espresso Shot,1,4.27,Mobile Pay,4.0,4.27,December,Tuesday
ORD15137,C1091,2025-01-18,Downtown,Espresso Drinks,Espresso Shot,2,3.99,Mobile Pay,,7.98,January,Saturday
ORD15138,C1321,2025-03-10,Downtown,Espresso Drinks,Espresso Shot,1,5.38,Card,,5.38,March,Monday
ORD15139,C1356,2025-01-11,University Ave,Food,Avocado Toast,2,7.47,Card,4.0,14.94,January,Saturday
ORD15140,C1098,2025-05-31,Riverside,Espresso Drinks,Flat White,1,5.25,Cash,,5.25,May,Saturday
ORD15141,C1237,2025-12-27,University Ave,Espresso Drinks,Latte,1,4.37,Cash,4.0,4.37,December,Saturday
ORD15142,C1493,2025-09-06,Downtown,Pastries,Cinnamon Roll,1,3.27,Cash,,3.27,September,Saturday
ORD15143,C1339,2025-06-29,Downtown,Espresso Drinks,Espresso Shot,3,4.68,Cash,,14.04,June,Sunday
ORD15144,C1455,2025-02-22,Riverside,Espresso Drinks,Cappuccino,2,4.94,Mobile Pay,,9.88,February,Saturday
ORD15145,C1092,2025-05-10,Downtown,Espresso Drinks,Flat White,1,4.92,Card,,4.92,May,Saturday
ORD15146,C1142,2025-07-10,Riverside,Espresso Drinks,Espresso Shot,1,5.26,Card,3.0,5.26,July,Thursday
ORD15147,C1298,2025-04-11,Downtown,Brewed Coffee,Pour Over,2,3.63,Card,,7.26,April,Friday
ORD15148,C1365,2025-09-14,University Ave,Pastries,Scone,2,4.42,Card,,8.84,September,Sunday
ORD15149,C1464,2025-12-23,Downtown,Pastries,Scone,2,4.38,Card,5.0,8.76,December,Tuesday
ORD15150,C1291,2025-03-16,University Ave,Pastries,Cinnamon Roll,1,4.32,Card,4.0,4.32,March,Sunday
ORD15151,C1180,2025-04-02,Riverside,Espresso Drinks,Cappuccino,3,4.86,Mobile Pay,,14.58,April,Wednesday
ORD15152,C1091,2025-02-15,Downtown,Food,Avocado Toast,1,8.05,Cash,5.0,8.05,February,Saturday
ORD15153,C1272,2025-09-22,Downtown,Espresso Drinks,Americano,1,5.47,Cash,,5.47,September,Monday
ORD15154,C1497,2025-06-18,Riverside,Espresso Drinks,Espresso Shot,1,4.71,Mobile Pay,2.0,4.71,June,Wednesday
ORD15155,C1599,2025-04-14,Downtown,Food,Avocado Toast,1,5.68,Mobile Pay,4.0,5.68,April,Monday
ORD15156,C1524,2025-03-21,Riverside,Food,Avocado Toast,2,7.83,Cash,3.0,15.66,March,Friday
ORD15157,C1363,2025-01-26,Downtown,Espresso Drinks,Cappuccino,2,5.21,Gift Card,,10.42,January,Sunday
ORD15158,C1323,2025-06-23,University Ave,Espresso Drinks,Cappuccino,3,5.73,Gift Card,,17.19,June,Monday
ORD15159,C1269,2025-09-06,Riverside,Brewed Coffee,Drip Coffee,1,3.37,Gift Card,4.0,3.37,September,Saturday
ORD15160,C1414,2025-03-27,University Ave,Food,Avocado Toast,1,7.9,Mobile Pay,3.0,7.9,March,Thursday
ORD15161,C1335,2025-01-01,Riverside,Brewed Coffee,Pour Over,3,3.1,Card,,9.3,January,Wednesday
ORD15162,C1433,2025-06-22,Riverside,Espresso Drinks,Flat White,2,5.0,Card,5.0,10.0,June,Sunday
ORD15163,C1347,2025-09-03,Downtown,Brewed Coffee,Drip Coffee,1,3.48,Card,5.0,3.48,September,Wednesday
ORD15164,C1584,2025-05-06,University Ave,Pastries,Scone,1,3.92,Card,4.0,3.92,May,Tuesday
ORD15165,C1500,2025-04-02,Riverside,Espresso Drinks,Espresso Shot,2,5.0,Card,3.0,10.0,April,Wednesday
ORD15166,C1255,2025-02-26,Downtown,Brewed Coffee,Cold Brew,3,4.17,Card,5.0,12.51,February,Wednesday
ORD15167,C1424,2025-09-29,Downtown,Pastries,Cinnamon Roll,3,3.92,Mobile Pay,,11.76,September,Monday
ORD15168,C1261,2025-11-10,University Ave,Tea,Herbal Tea,2,4.66,Cash,5.0,9.32,November,Monday
ORD15169,C1309,2025-10-08,Downtown,Pastries,Cinnamon Roll,3,3.84,Card,1.0,11.52,October,Wednesday
ORD15170,C1335,2025-07-08,Riverside,Espresso Drinks,Cappuccino,3,4.3,Card,,12.9,July,Tuesday
ORD15171,C1508,2025-09-21,University Ave,Espresso Drinks,Americano,2,4.22,Card,,8.44,September,Sunday
ORD15172,C1341,2025-05-25,University Ave,Espresso Drinks,Espresso Shot,3,4.29,Mobile Pay,3.0,12.87,May,Sunday
ORD15173,C1136,2025-01-09,Riverside,Brewed Coffee,Cold Brew,1,3.16,Card,4.0,3.16,January,Thursday
ORD15174,C1442,2025-05-14,Downtown,Pastries,Scone,2,3.79,Card,2.0,7.58,May,Wednesday
ORD15175,C1489,2025-09-14,University Ave,Brewed Coffee,Pour Over,1,3.76,Gift Card,,3.76,September,Sunday
ORD15176,C1153,2025-08-24,Downtown,Espresso Drinks,Americano,2,4.36,Card,,8.72,August,Sunday
ORD15177,C1144,2025-12-27,Downtown,Brewed Coffee,Drip Coffee,1,3.02,Card,,3.02,December,Saturday
ORD15178,C1314,2025-12-30,Downtown,Espresso Drinks,Espresso Shot,1,4.67,Card,4.0,4.67,December,Tuesday
ORD15179,C1074,2025-03-30,Riverside,Espresso Drinks,Americano,1,4.64,Card,4.0,4.64,March,Sunday
ORD15180,C1007,2025-01-04,Downtown,Pastries,Croissant,1,2.58,Mobile Pay,,2.58,January,Saturday
ORD15181,C1238,2025-04-10,University Ave,Espresso Drinks,Americano,2,3.96,Cash,4.0,7.92,April,Thursday
ORD15182,C1260,2025-11-15,Downtown,Espresso Drinks,Espresso Shot,1,4.66,Card,5.0,4.66,November,Saturday
ORD15183,C1190,2025-10-24,Downtown,Food,Bagel,1,6.8,Card,,6.8,October,Friday
ORD15184,C1556,2025-02-05,Riverside,Espresso Drinks,Latte,2,4.55,Mobile Pay,1.0,9.1,February,Wednesday
ORD15185,C1415,2025-02-28,Downtown,Espresso Drinks,Flat White,2,4.5,Card,,9.0,February,Friday
ORD15186,C1168,2025-07-25,University Ave,Espresso Drinks,Flat White,1,5.48,Card,5.0,5.48,July,Friday
ORD15187,C1199,2025-08-29,Riverside,Pastries,Scone,1,3.57,Card,5.0,3.57,August,Friday
ORD15188,C1585,2025-12-24,University Ave,Brewed Coffee,Drip Coffee,3,3.43,Cash,,10.29,December,Wednesday
ORD15189,C1313,2025-10-02,Downtown,Food,Avocado Toast,2,6.55,Card,,13.1,October,Thursday
ORD15190,C1633,2025-03-19,University Ave,Espresso Drinks,Flat White,1,4.06,Card,,4.06,March,Wednesday
ORD15191,C1045,2025-01-14,Downtown,Pastries,Scone,2,3.85,Mobile Pay,,7.7,January,Tuesday
ORD15192,C1007,2025-08-19,Riverside,Pastries,Croissant,2,3.3,Card,,6.6,August,Tuesday
ORD15193,C1379,2025-07-21,Riverside,Food,Breakfast Sandwich,3,7.63,Mobile Pay,4.0,22.89,July,Monday
ORD15194,C1536,2025-12-02,University Ave,Pastries,Scone,3,4.5,Card,,13.5,December,Tuesday
ORD15195,C1422,2025-07-29,Downtown,Espresso Drinks,Latte,3,4.4,Mobile Pay,5.0,13.2,July,Tuesday
ORD15196,C1275,2025-07-02,Downtown,Pastries,Croissant,1,3.22,Cash,,3.22,July,Wednesday
ORD15197,C1345,2025-04-21,University Ave,Food,Breakfast Sandwich,1,8.31,Card,,8.31,April,Monday
ORD15198,C1582,2025-02-01,University Ave,Espresso Drinks,Latte,3,5.61,Card,2.0,16.83,February,Saturday
ORD15199,C1392,2025-11-15,Riverside,Espresso Drinks,Cappuccino,3,5.3,Card,,15.9,November,Saturday
ORD15200,C1000,2025-10-28,Downtown,Espresso Drinks,Espresso Shot,3,5.71,Card,4.0,17.13,October,Tuesday
ORD15201,C1469,2025-03-01,Downtown,Food,Breakfast Sandwich,1,8.42,Cash,,8.42,March,Saturday
ORD15202,C1118,2025-09-14,University Ave,Espresso Drinks,Espresso Shot,2,4.71,Mobile Pay,,9.42,September,Sunday
ORD15203,C1227,2025-05-13,University Ave,Brewed Coffee,Pour Over,1,3.18,Card,,3.18,May,Tuesday
ORD15204,C1384,2025-06-09,Downtown,Pastries,Scone,3,2.61,Card,4.0,7.83,June,Monday
ORD15205,C1176,2025-11-05,University Ave,Espresso Drinks,Americano,3,4.37,Card,5.0,13.11,November,Wednesday
ORD15206,C1602,2025-11-03,Downtown,Espresso Drinks,Flat White,3,3.82,Cash,,11.46,November,Monday
ORD15207,C1113,2025-03-11,Riverside,Tea,Chai Latte,1,4.32,Gift Card,,4.32,March,Tuesday
ORD15208,C1175,2025-04-22,Downtown,Tea,Chai Latte,2,4.52,Card,,9.04,April,Tuesday
ORD15209,C1493,2025-10-26,Riverside,Brewed Coffee,Cold Brew,2,3.83,Card,,7.66,October,Sunday
ORD15210,C1456,2025-11-30,University Ave,Food,Bagel,1,6.59,Card,4.0,6.59,November,Sunday
ORD15211,C1300,2025-01-29,Downtown,Espresso Drinks,Americano,2,4.94,Gift Card,,9.88,January,Wednesday
ORD15212,C1602,2025-10-31,Downtown,Brewed Coffee,Cold Brew,3,4.07,Card,,12.21,October,Friday
ORD15213,C1000,2025-06-28,Downtown,Brewed Coffee,Cold Brew,2,4.16,Card,2.0,8.32,June,Saturday
ORD15214,C1384,2025-08-03,Downtown,Tea,Herbal Tea,2,3.37,Card,,6.74,August,Sunday
ORD15215,C1352,2025-01-28,University Ave,Espresso Drinks,Cappuccino,1,4.84,Mobile Pay,,4.84,January,Tuesday
ORD15216,C1641,2025-09-05,Riverside,Espresso Drinks,Americano,2,4.96,Gift Card,4.0,9.92,September,Friday
ORD15217,C1069,2025-09-04,Riverside,Pastries,Muffin,2,4.4,Mobile Pay,,8.8,September,Thursday
ORD15218,C1182,2025-08-30,Downtown,Brewed Coffee,Cold Brew,1,3.34,Cash,3.0,3.34,August,Saturday
ORD15219,C1364,2025-10-15,University Ave,Food,Breakfast Sandwich,1,8.33,Mobile Pay,4.0,8.33,October,Wednesday
ORD15220,C1006,2025-12-11,University Ave,Espresso Drinks,Espresso Shot,1,5.62,Card,,5.62,December,Thursday
ORD15221,C1213,2025-11-06,University Ave,Espresso Drinks,Flat White,1,5.11,Mobile Pay,3.0,5.11,November,Thursday
ORD15222,C1167,2025-09-29,Riverside,Pastries,Cinnamon Roll,2,4.31,Mobile Pay,,8.62,September,Monday
ORD15223,C1600,2025-12-24,University Ave,Espresso Drinks,Espresso Shot,1,4.47,Card,5.0,4.47,December,Wednesday
ORD15224,C1364,2025-09-03,Downtown,Espresso Drinks,Latte,1,5.04,Mobile Pay,4.0,5.04,September,Wednesday
ORD15225,C1072,2025-09-02,Downtown,Espresso Drinks,Latte,1,4.82,Card,4.0,4.82,September,Tuesday
ORD15226,C1539,2025-07-17,Riverside,Pastries,Muffin,3,4.1,Mobile Pay,,12.3,July,Thursday
ORD15227,C1307,2025-10-07,Riverside,Pastries,Scone,3,3.88,Cash,5.0,11.64,October,Tuesday
ORD15228,C1460,2025-01-26,Downtown,Espresso Drinks,Flat White,1,5.61,Card,1.0,5.61,January,Sunday
ORD15229,C1191,2025-07-04,Riverside,Espresso Drinks,Cappuccino,1,5.59,Card,4.0,5.59,July,Friday
ORD15230,C1104,2025-06-04,Downtown,Espresso Drinks,Cappuccino,3,5.24,Card,4.0,15.72,June,Wednesday
ORD15231,C1624,2025-11-29,Downtown,Espresso Drinks,Cappuccino,3,4.84,Card,4.0,14.52,November,Saturday
ORD15232,C1083,2025-01-27,University Ave,Pastries,Cinnamon Roll,1,2.98,Card,,2.98,January,Monday
ORD15233,C1461,2025-08-23,Downtown,Espresso Drinks,Flat White,1,5.09,Card,,5.09,August,Saturday
ORD15234,C1600,2025-03-09,University Ave,Espresso Drinks,Americano,1,5.28,Cash,,5.28,March,Sunday
ORD15235,C1466,2025-11-18,University Ave,Pastries,Croissant,1,3.63,Gift Card,,3.63,November,Tuesday
ORD15236,C1519,2025-11-07,Downtown,Brewed Coffee,Cold Brew,2,2.83,Card,,5.66,November,Friday
ORD15237,C1119,2025-03-27,University Ave,Espresso Drinks,Latte,3,3.81,Card,,11.43,March,Thursday
ORD15238,C1220,2025-11-14,Downtown,Pastries,Croissant,1,3.12,Card,1.0,3.12,November,Friday
ORD15239,C1006,2025-06-30,Riverside,Food,Bagel,2,7.78,Card,3.0,15.56,June,Monday
ORD15240,C1030,2025-12-20,Downtown,Brewed Coffee,Pour Over,2,3.0,Mobile Pay,4.0,6.0,December,Saturday
ORD15241,C1041,2025-09-23,University Ave,Brewed Coffee,Cold Brew,2,3.93,Mobile Pay,2.0,7.86,September,Tuesday
ORD15242,C1291,2025-01-13,Riverside,Espresso Drinks,Cappuccino,1,5.07,Cash,,5.07,January,Monday
ORD15243,C1408,2025-03-15,University Ave,Espresso Drinks,Latte,1,4.08,Card,5.0,4.08,March,Saturday
ORD15244,C1387,2025-05-27,Downtown,Brewed Coffee,Drip Coffee,3,2.8,Card,,8.4,May,Tuesday
ORD15245,C1196,2025-03-18,University Ave,Espresso Drinks,Americano,1,5.42,Cash,4.0,5.42,March,Tuesday
ORD15246,C1218,2025-02-18,University Ave,Espresso Drinks,Latte,1,4.53,Mobile Pay,,4.53,February,Tuesday
ORD15247,C1223,2025-12-23,University Ave,Food,Bagel,1,5.97,Gift Card,,5.97,December,Tuesday
ORD15248,C1630,2025-11-13,Riverside,Brewed Coffee,Pour Over,1,3.9,Card,4.0,3.9,November,Thursday
ORD15249,C1557,2025-06-08,University Ave,Pastries,Cinnamon Roll,1,4.36,Mobile Pay,2.0,4.36,June,Sunday
ORD15250,C1306,2025-03-20,Riverside,Food,Breakfast Sandwich,3,5.76,Mobile Pay,5.0,17.28,March,Thursday
ORD15251,C1300,2025-03-08,Downtown,Pastries,Scone,1,2.7,Card,5.0,2.7,March,Saturday
ORD15252,C1258,2025-11-30,Downtown,Pastries,Croissant,1,4.36,Card,,4.36,November,Sunday
ORD15253,C1194,2025-05-01,University Ave,Pastries,Cinnamon Roll,1,3.32,Cash,,3.32,May,Thursday
ORD15254,C1327,2025-01-05,Downtown,Espresso Drinks,Cappuccino,2,3.86,Mobile Pay,4.0,7.72,January,Sunday
ORD15255,C1193,2025-05-25,Riverside,Espresso Drinks,Cappuccino,1,4.75,Card,,4.75,May,Sunday
ORD15256,C1582,2025-06-15,Downtown,Espresso Drinks,Flat White,2,5.72,Cash,5.0,11.44,June,Sunday
ORD15257,C1444,2025-08-15,University Ave,Espresso Drinks,Latte,2,5.01,Mobile Pay,,10.02,August,Friday
ORD15258,C1023,2025-05-04,Downtown,Espresso Drinks,Espresso Shot,2,5.69,Card,,11.38,May,Sunday
ORD15259,C1288,2025-12-02,University Ave,Brewed Coffee,Drip Coffee,2,3.36,Cash,2.0,6.72,December,Tuesday
ORD15260,C1442,2025-08-23,Riverside,Tea,Chai Latte,3,4.44,Cash,4.0,13.32,August,Saturday
ORD15261,C1222,2025-12-26,Downtown,Espresso Drinks,Espresso Shot,1,5.31,Cash,,5.31,December,Friday
ORD15262,C1396,2025-05-14,University Ave,Espresso Drinks,Flat White,1,5.47,Card,3.0,5.47,May,Wednesday
ORD15263,C1135,2025-08-26,Riverside,Tea,Chai Latte,3,3.69,Cash,,11.07,August,Tuesday
ORD15264,C1294,2025-05-13,Riverside,Espresso Drinks,Flat White,3,4.22,Gift Card,2.0,12.66,May,Tuesday
ORD15265,C1538,2025-09-12,Downtown,Food,Breakfast Sandwich,1,8.13,Card,,8.13,September,Friday
ORD15266,C1471,2025-09-29,Downtown,Pastries,Croissant,1,3.3,Mobile Pay,,3.3,September,Monday
ORD15267,C1623,2025-04-28,Downtown,Brewed Coffee,Cold Brew,2,3.56,Card,,7.12,April,Monday
ORD15268,C1370,2025-12-08,Riverside,Food,Breakfast Sandwich,2,7.73,Card,4.0,15.46,December,Monday
ORD15269,C1096,2025-11-09,Riverside,Tea,Green Tea,1,3.34,Card,4.0,3.34,November,Sunday
ORD15270,C1571,2025-11-22,Downtown,Espresso Drinks,Cappuccino,2,5.74,Card,,11.48,November,Saturday
ORD15271,C1602,2025-03-21,Downtown,Espresso Drinks,Americano,1,4.55,Card,,4.55,March,Friday
ORD15272,C1135,2025-09-19,Riverside,Pastries,Croissant,2,4.25,Card,,8.5,September,Friday
ORD15273,C1579,2025-02-08,University Ave,Brewed Coffee,Cold Brew,1,4.03,Mobile Pay,4.0,4.03,February,Saturday
ORD15274,C1254,2025-02-08,University Ave,Espresso Drinks,Americano,3,4.4,Gift Card,5.0,13.2,February,Saturday
ORD15275,C1344,2025-12-21,University Ave,Brewed Coffee,Cold Brew,2,2.95,Card,,5.9,December,Sunday
ORD15276,C1618,2025-02-25,University Ave,Pastries,Scone,3,2.58,Card,3.0,7.74,February,Tuesday
ORD15277,C1266,2025-11-11,Downtown,Espresso Drinks,Cappuccino,2,4.7,Mobile Pay,5.0,9.4,November,Tuesday
ORD15278,C1195,2025-06-06,Downtown,Tea,Herbal Tea,1,3.81,Card,,3.81,June,Friday
ORD15279,C1400,2025-04-21,Downtown,Food,Avocado Toast,2,6.95,Mobile Pay,,13.9,April,Monday
ORD15280,C1303,2025-01-27,Downtown,Pastries,Muffin,2,3.17,Card,4.0,6.34,January,Monday
ORD15281,C1153,2025-09-03,Riverside,Espresso Drinks,Flat White,1,4.81,Card,4.0,4.81,September,Wednesday
ORD15282,C1207,2025-09-20,Downtown,Food,Avocado Toast,1,8.19,Mobile Pay,,8.19,September,Saturday
ORD15283,C1508,2025-06-19,University Ave,Brewed Coffee,Cold Brew,1,4.16,Mobile Pay,,4.16,June,Thursday
ORD15284,C1499,2025-10-22,Downtown,Espresso Drinks,Flat White,1,4.19,Card,,4.19,October,Wednesday
ORD15285,C1647,2025-04-28,Downtown,Pastries,Croissant,1,2.56,Card,,2.56,April,Monday
ORD15286,C1429,2025-07-20,Riverside,Food,Bagel,2,8.26,Card,5.0,16.52,July,Sunday
ORD15287,C1550,2025-04-15,University Ave,Espresso Drinks,Flat White,1,4.49,Card,4.0,4.49,April,Tuesday
ORD15288,C1300,2025-07-31,University Ave,Espresso Drinks,Cappuccino,3,5.4,Mobile Pay,,16.2,July,Thursday
ORD15289,C1065,2025-02-19,University Ave,Espresso Drinks,Latte,3,5.18,Mobile Pay,,15.54,February,Wednesday
ORD15290,C1631,2025-06-23,Downtown,Pastries,Scone,1,4.02,Mobile Pay,,4.02,June,Monday
ORD15291,C1278,2025-07-19,University Ave,Espresso Drinks,Espresso Shot,3,4.62,Mobile Pay,,13.86,July,Saturday
ORD15292,C1461,2025-07-22,Riverside,Espresso Drinks,Cappuccino,1,4.2,Card,4.0,4.2,July,Tuesday
ORD15293,C1034,2025-06-12,Riverside,Pastries,Cinnamon Roll,2,3.05,Mobile Pay,4.0,6.1,June,Thursday
ORD15294,C1095,2025-08-23,University Ave,Pastries,Scone,3,3.71,Card,3.0,11.13,August,Saturday
ORD15295,C1330,2025-07-06,Downtown,Pastries,Cinnamon Roll,1,3.55,Card,5.0,3.55,July,Sunday
ORD15296,C1470,2025-04-14,University Ave,Food,Bagel,1,7.58,Card,5.0,7.58,April,Monday
ORD15297,C1062,2025-03-20,Riverside,Food,Avocado Toast,1,6.82,Card,4.0,6.82,March,Thursday
ORD15298,C1164,2025-08-24,Downtown,Espresso Drinks,Americano,2,4.48,Cash,4.0,8.96,August,Sunday
ORD15299,C1190,2025-12-08,Downtown,Pastries,Croissant,3,3.25,Card,,9.75,December,Monday
ORD15300,C1467,2025-10-02,University Ave,Pastries,Scone,3,3.38,Card,3.0,10.14,October,Thursday
ORD15301,C1396,2025-08-21,University Ave,Food,Avocado Toast,1,6.95,Mobile Pay,4.0,6.95,August,Thursday
ORD15302,C1270,2025-12-02,Riverside,Tea,Chai Latte,2,4.43,Mobile Pay,,8.86,December,Tuesday
ORD15303,C1441,2025-11-24,University Ave,Espresso Drinks,Cappuccino,1,5.54,Card,,5.54,November,Monday
ORD15304,C1085,2025-07-04,Downtown,Brewed Coffee,Pour Over,3,4.01,Card,5.0,12.03,July,Friday
ORD15305,C1552,2025-02-09,University Ave,Espresso Drinks,Americano,1,4.29,Mobile Pay,,4.29,February,Sunday
ORD15306,C1537,2025-08-19,Riverside,Espresso Drinks,Americano,1,4.99,Cash,,4.99,August,Tuesday
ORD15307,C1019,2025-08-15,Downtown,Pastries,Croissant,3,2.82,Card,,8.46,August,Friday
ORD15308,C1627,2025-04-11,Downtown,Pastries,Cinnamon Roll,3,3.85,Card,4.0,11.55,April,Friday
ORD15309,C1499,2025-11-06,University Ave,Brewed Coffee,Drip Coffee,1,2.89,Card,3.0,2.89,November,Thursday
ORD15310,C1621,2025-11-13,Downtown,Brewed Coffee,Pour Over,1,3.27,Card,5.0,3.27,November,Thursday
ORD15311,C1011,2025-05-01,University Ave,Pastries,Scone,1,4.1,Card,,4.1,May,Thursday
ORD15312,C1508,2025-06-23,University Ave,Tea,Green Tea,3,4.43,Card,,13.29,June,Monday
ORD15313,C1159,2025-03-13,University Ave,Food,Breakfast Sandwich,3,6.94,Mobile Pay,2.0,20.82,March,Thursday
ORD15314,C1236,2025-03-06,Riverside,Espresso Drinks,Flat White,2,4.1,Card,4.0,8.2,March,Thursday
ORD15315,C1595,2025-04-07,Downtown,Brewed Coffee,Cold Brew,2,2.94,Card,3.0,5.88,April,Monday
ORD15316,C1625,2025-05-14,University Ave,Tea,Herbal Tea,2,4.39,Mobile Pay,,8.78,May,Wednesday
ORD15317,C1285,2025-04-10,University Ave,Espresso Drinks,Cappuccino,2,4.88,Cash,,9.76,April,Thursday
ORD15318,C1135,2025-02-25,Downtown,Pastries,Croissant,1,3.44,Card,3.0,3.44,February,Tuesday
ORD15319,C1107,2025-06-12,Riverside,Espresso Drinks,Espresso Shot,1,4.03,Card,1.0,4.03,June,Thursday
ORD15320,C1553,2025-08-15,Riverside,Espresso Drinks,Cappuccino,3,4.67,Mobile Pay,4.0,14.01,August,Friday
ORD15321,C1353,2025-04-29,Downtown,Brewed Coffee,Drip Coffee,2,3.47,Card,,6.94,April,Tuesday
ORD15322,C1182,2025-07-14,Riverside,Espresso Drinks,Espresso Shot,2,4.76,Cash,,9.52,July,Monday
ORD15323,C1445,2025-04-09,Riverside,Food,Avocado Toast,3,6.13,Card,,18.39,April,Wednesday
ORD15324,C1466,2025-09-14,Downtown,Espresso Drinks,Espresso Shot,3,4.8,Gift Card,,14.4,September,Sunday
ORD15325,C1552,2025-08-25,Riverside,Espresso Drinks,Espresso Shot,3,4.42,Card,,13.26,August,Monday
ORD15326,C1009,2025-12-16,Downtown,Pastries,Muffin,3,3.83,Card,4.0,11.49,December,Tuesday
ORD15327,C1480,2025-01-20,Riverside,Tea,Herbal Tea,1,3.74,Mobile Pay,,3.74,January,Monday
ORD15328,C1352,2025-11-07,Riverside,Pastries,Croissant,2,3.38,Mobile Pay,,6.76,November,Friday
ORD15329,C1349,2025-05-04,Downtown,Espresso Drinks,Americano,2,4.3,Card,,8.6,May,Sunday
ORD15330,C1043,2025-01-25,Riverside,Pastries,Muffin,2,3.37,Cash,,6.74,January,Saturday
ORD15331,C1497,2025-09-09,Downtown,Espresso Drinks,Cappuccino,1,4.63,Card,3.0,4.63,September,Tuesday
ORD15332,C1594,2025-03-04,Riverside,Pastries,Croissant,1,2.51,Card,,2.51,March,Tuesday
ORD15333,C1476,2025-03-06,Riverside,Food,Breakfast Sandwich,2,7.92,Gift Card,3.0,15.84,March,Thursday
ORD15334,C1130,2025-12-23,Downtown,Food,Breakfast Sandwich,1,8.42,Mobile Pay,4.0,8.42,December,Tuesday
ORD15335,C1058,2025-03-22,Downtown,Espresso Drinks,Americano,1,5.24,Card,5.0,5.24,March,Saturday
ORD15336,C1620,2025-07-19,University Ave,Brewed Coffee,Drip Coffee,2,3.2,Card,,6.4,July,Saturday
ORD15337,C1141,2025-03-15,University Ave,Espresso Drinks,Latte,2,5.49,Gift Card,5.0,10.98,March,Saturday
ORD15338,C1150,2025-02-15,Riverside,Food,Avocado Toast,3,6.65,Card,4.0,19.95,February,Saturday
ORD15339,C1575,2025-01-01,Downtown,Espresso Drinks,Flat White,2,5.48,Card,,10.96,January,Wednesday
ORD15340,C1047,2025-01-06,Riverside,Pastries,Scone,1,3.04,Cash,,3.04,January,Monday
ORD15341,C1344,2025-06-22,Riverside,Espresso Drinks,Latte,3,5.47,Cash,,16.41,June,Sunday
ORD15342,C1247,2025-06-07,Riverside,Espresso Drinks,Flat White,1,4.39,Card,,4.39,June,Saturday
ORD15343,C1490,2025-01-15,Riverside,Espresso Drinks,Latte,1,5.16,Card,,5.16,January,Wednesday
ORD15344,C1332,2025-05-08,Riverside,Brewed Coffee,Cold Brew,3,3.38,Mobile Pay,4.0,10.14,May,Thursday
ORD15345,C1287,2025-04-10,Riverside,Pastries,Scone,1,2.74,Gift Card,,2.74,April,Thursday
ORD15346,C1371,2025-07-27,Downtown,Espresso Drinks,Americano,2,5.03,Card,,10.06,July,Sunday
ORD15347,C1646,2025-12-29,Riverside,Espresso Drinks,Flat White,3,4.91,Cash,,14.73,December,Monday
ORD15348,C1067,2025-09-09,Riverside,Pastries,Croissant,1,4.36,Card,,4.36,September,Tuesday
ORD15349,C1200,2025-12-01,University Ave,Espresso Drinks,Latte,2,5.05,Cash,,10.1,December,Monday
ORD15350,C1270,2025-03-11,Riverside,Espresso Drinks,Flat White,2,5.09,Mobile Pay,,10.18,March,Tuesday
ORD15351,C1448,2025-03-20,Downtown,Pastries,Scone,2,3.97,Card,,7.94,March,Thursday
ORD15352,C1467,2025-10-01,Riverside,Espresso Drinks,Flat White,2,4.18,Cash,,8.36,October,Wednesday
ORD15353,C1037,2025-04-23,Downtown,Tea,Herbal Tea,3,4.56,Card,,13.68,April,Wednesday
ORD15354,C1313,2025-11-05,Riverside,Pastries,Muffin,2,3.08,Mobile Pay,4.0,6.16,November,Wednesday
ORD15355,C1441,2025-06-18,Downtown,Pastries,Croissant,2,3.65,Mobile Pay,,7.3,June,Wednesday
ORD15356,C1331,2025-03-15,University Ave,Espresso Drinks,Americano,2,5.3,Cash,,10.6,March,Saturday
ORD15357,C1314,2025-11-04,University Ave,Espresso Drinks,Americano,1,5.15,Card,,5.15,November,Tuesday
ORD15358,C1159,2025-07-20,Downtown,Espresso Drinks,Americano,1,3.97,Card,,3.97,July,Sunday
ORD15359,C1490,2025-10-20,University Ave,Pastries,Scone,2,3.84,Mobile Pay,,7.68,October,Monday
ORD15360,C1330,2025-06-14,University Ave,Brewed Coffee,Drip Coffee,1,4.25,Card,2.0,4.25,June,Saturday
ORD15361,C1209,2025-02-15,University Ave,Brewed Coffee,Cold Brew,1,3.75,Card,4.0,3.75,February,Saturday
ORD15362,C1006,2025-09-05,Downtown,Espresso Drinks,Latte,3,3.93,Mobile Pay,,11.79,September,Friday
ORD15363,C1568,2025-02-15,University Ave,Pastries,Scone,1,3.68,Cash,4.0,3.68,February,Saturday
ORD15364,C1443,2025-08-30,Riverside,Food,Breakfast Sandwich,2,7.81,Mobile Pay,4.0,15.62,August,Saturday
ORD15365,C1608,2025-06-01,Riverside,Brewed Coffee,Pour Over,3,3.48,Cash,4.0,10.44,June,Sunday
ORD15366,C1594,2025-10-16,Riverside,Espresso Drinks,Latte,1,4.88,Mobile Pay,,4.88,October,Thursday
ORD15367,C1634,2025-11-13,Downtown,Tea,Green Tea,1,4.33,Card,1.0,4.33,November,Thursday
ORD15368,C1033,2025-05-29,Downtown,Tea,Green Tea,2,3.87,Card,5.0,7.74,May,Thursday
ORD15369,C1243,2025-11-18,Downtown,Pastries,Scone,1,4.25,Mobile Pay,,4.25,November,Tuesday
ORD15370,C1405,2025-02-10,Riverside,Pastries,Croissant,1,2.95,Card,,2.95,February,Monday
ORD15371,C1453,2025-02-09,University Ave,Espresso Drinks,Flat White,1,4.91,Mobile Pay,,4.91,February,Sunday
ORD15372,C1628,2025-12-28,Riverside,Brewed Coffee,Pour Over,3,3.46,Card,,10.38,December,Sunday
ORD15373,C1234,2025-07-29,Downtown,Brewed Coffee,Drip Coffee,3,2.88,Mobile Pay,3.0,8.64,July,Tuesday
ORD15374,C1585,2025-06-14,University Ave,Espresso Drinks,Flat White,1,5.07,Card,4.0,5.07,June,Saturday
ORD15375,C1376,2025-02-26,Downtown,Brewed Coffee,Drip Coffee,1,3.58,Cash,5.0,3.58,February,Wednesday
ORD15376,C1483,2025-04-16,University Ave,Pastries,Scone,1,3.53,Mobile Pay,,3.53,April,Wednesday
ORD15377,C1294,2025-09-07,University Ave,Espresso Drinks,Flat White,2,3.91,Mobile Pay,,7.82,September,Sunday
ORD15378,C1188,2025-10-27,Downtown,Espresso Drinks,Flat White,1,4.72,Cash,,4.72,October,Monday
ORD15379,C1637,2025-11-30,Riverside,Espresso Drinks,Flat White,1,4.19,Card,4.0,4.19,November,Sunday
ORD15380,C1066,2025-05-29,Riverside,Tea,Herbal Tea,1,4.22,Card,,4.22,May,Thursday
ORD15381,C1610,2025-06-15,Riverside,Brewed Coffee,Pour Over,2,3.16,Gift Card,3.0,6.32,June,Sunday
ORD15382,C1575,2025-03-01,Downtown,Pastries,Muffin,1,3.82,Mobile Pay,3.0,3.82,March,Saturday
ORD15383,C1208,2025-01-31,University Ave,Espresso Drinks,Flat White,1,5.36,Card,,5.36,January,Friday
ORD15384,C1143,2025-06-09,Downtown,Food,Bagel,2,8.27,Cash,,16.54,June,Monday
ORD15385,C1474,2025-07-30,Downtown,Espresso Drinks,Cappuccino,3,5.68,Mobile Pay,5.0,17.04,July,Wednesday
ORD15386,C1214,2025-02-07,Riverside,Tea,Green Tea,1,4.62,Card,4.0,4.62,February,Friday
ORD15387,C1331,2025-05-29,Riverside,Espresso Drinks,Cappuccino,2,4.6,Card,2.0,9.2,May,Thursday
ORD15388,C1278,2025-08-22,Downtown,Espresso Drinks,Americano,2,4.98,Card,,9.96,August,Friday
ORD15389,C1007,2025-10-23,Downtown,Tea,Chai Latte,1,3.75,Gift Card,,3.75,October,Thursday
ORD15390,C1384,2025-12-08,Downtown,Tea,Green Tea,2,4.4,Gift Card,,8.8,December,Monday
ORD15391,C1179,2025-05-04,Riverside,Espresso Drinks,Flat White,2,4.72,Card,,9.44,May,Sunday
ORD15392,C1444,2025-05-23,Riverside,Food,Bagel,1,6.15,Card,,6.15,May,Friday
ORD15393,C1187,2025-11-15,Downtown,Espresso Drinks,Espresso Shot,1,4.36,Card,,4.36,November,Saturday
ORD15394,C1147,2025-09-10,Downtown,Pastries,Cinnamon Roll,2,3.25,Mobile Pay,3.0,6.5,September,Wednesday
ORD15395,C1042,2025-04-10,University Ave,Espresso Drinks,Espresso Shot,2,5.69,Mobile Pay,3.0,11.38,April,Thursday
ORD15396,C1257,2025-09-07,Downtown,Espresso Drinks,Americano,2,3.95,Mobile Pay,,7.9,September,Sunday
ORD15397,C1227,2025-02-27,University Ave,Espresso Drinks,Americano,1,4.11,Mobile Pay,3.0,4.11,February,Thursday
ORD15398,C1611,2025-06-13,Downtown,Espresso Drinks,Cappuccino,3,5.55,Card,,16.65,June,Friday
ORD15399,C1159,2025-04-22,Downtown,Pastries,Muffin,2,3.03,Card,5.0,6.06,April,Tuesday
ORD15400,C1208,2025-12-28,University Ave,Brewed Coffee,Cold Brew,1,3.24,Card,3.0,3.24,December,Sunday
ORD15401,C1260,2025-01-13,University Ave,Pastries,Scone,1,4.05,Mobile Pay,5.0,4.05,January,Monday
ORD15402,C1649,2025-11-08,Downtown,Espresso Drinks,Flat White,3,3.93,Card,,11.79,November,Saturday
ORD15403,C1298,2025-04-13,University Ave,Brewed Coffee,Pour Over,2,3.61,Card,,7.22,April,Sunday
ORD15404,C1273,2025-01-14,Downtown,Tea,Chai Latte,1,4.44,Card,,4.44,January,Tuesday
ORD15405,C1116,2025-08-29,Downtown,Pastries,Croissant,3,2.59,Mobile Pay,,7.77,August,Friday
ORD15406,C1213,2025-09-04,Downtown,Espresso Drinks,Cappuccino,2,5.07,Card,3.0,10.14,September,Thursday
ORD15407,C1433,2025-02-21,University Ave,Espresso Drinks,Latte,2,5.43,Mobile Pay,,10.86,February,Friday
ORD15408,C1339,2025-01-14,Riverside,Brewed Coffee,Drip Coffee,1,2.78,Card,,2.78,January,Tuesday
ORD15409,C1051,2025-02-10,University Ave,Espresso Drinks,Americano,2,5.04,Mobile Pay,4.0,10.08,February,Monday
ORD15410,C1555,2025-05-29,University Ave,Pastries,Croissant,2,3.9,Card,,7.8,May,Thursday
ORD15411,C1550,2025-02-18,Riverside,Espresso Drinks,Americano,3,4.97,Card,,14.91,February,Tuesday
ORD15412,C1349,2025-09-13,University Ave,Tea,Herbal Tea,1,3.72,Card,3.0,3.72,September,Saturday
ORD15413,C1375,2025-01-29,University Ave,Pastries,Scone,1,4.28,Card,,4.28,January,Wednesday
ORD15414,C1305,2025-10-15,Downtown,Espresso Drinks,Americano,1,5.54,Cash,,5.54,October,Wednesday
ORD15415,C1238,2025-11-15,Riverside,Espresso Drinks,Flat White,1,5.45,Mobile Pay,,5.45,November,Saturday
ORD15416,C1100,2025-09-18,Downtown,Espresso Drinks,Flat White,1,4.36,Mobile Pay,,4.36,September,Thursday
ORD15417,C1168,2025-12-10,Downtown,Tea,Herbal Tea,2,4.11,Cash,,8.22,December,Wednesday
ORD15418,C1606,2025-12-08,Riverside,Brewed Coffee,Cold Brew,1,3.18,Mobile Pay,3.0,3.18,December,Monday
ORD15419,C1553,2025-01-17,Downtown,Pastries,Scone,3,4.26,Mobile Pay,3.0,12.78,January,Friday
ORD15420,C1347,2025-05-05,Downtown,Tea,Green Tea,3,3.98,Card,,11.94,May,Monday
ORD15421,C1222,2025-10-04,Downtown,Espresso Drinks,Latte,3,4.22,Card,,12.66,October,Saturday
ORD15422,C1292,2025-05-04,University Ave,Espresso Drinks,Espresso Shot,1,5.29,Card,,5.29,May,Sunday
ORD15423,C1608,2025-09-26,Downtown,Pastries,Scone,2,2.79,Card,2.0,5.58,September,Friday
ORD15424,C1197,2025-10-09,Riverside,Tea,Herbal Tea,1,3.53,Card,,3.53,October,Thursday
ORD15425,C1468,2025-12-29,Riverside,Tea,Green Tea,1,4.28,Card,3.0,4.28,December,Monday
ORD15426,C1177,2025-05-01,University Ave,Espresso Drinks,Flat White,1,5.33,Card,,5.33,May,Thursday
ORD15427,C1215,2025-05-07,Downtown,Brewed Coffee,Drip Coffee,1,2.99,Gift Card,,2.99,May,Wednesday
ORD15428,C1364,2025-01-09,Riverside,Brewed Coffee,Drip Coffee,2,3.47,Card,,6.94,January,Thursday
ORD15429,C1622,2025-04-14,University Ave,Food,Bagel,1,7.8,Card,,7.8,April,Monday
ORD15430,C1147,2025-04-13,Riverside,Brewed Coffee,Drip Coffee,1,3.74,Card,,3.74,April,Sunday
ORD15431,C1636,2025-06-14,Riverside,Pastries,Muffin,2,2.62,Card,,5.24,June,Saturday
ORD15432,C1191,2025-06-03,Downtown,Food,Bagel,1,7.49,Cash,4.0,7.49,June,Tuesday
ORD15433,C1244,2025-11-08,Riverside,Pastries,Cinnamon Roll,2,3.38,Card,,6.76,November,Saturday
ORD15434,C1469,2025-10-09,University Ave,Brewed Coffee,Cold Brew,1,3.48,Card,,3.48,October,Thursday
ORD15435,C1643,2025-09-23,Downtown,Brewed Coffee,Pour Over,1,3.48,Card,,3.48,September,Tuesday
ORD15436,C1542,2025-01-02,Riverside,Pastries,Muffin,2,4.05,Card,5.0,8.1,January,Thursday
ORD15437,C1260,2025-06-21,Downtown,Espresso Drinks,Espresso Shot,1,4.72,Gift Card,3.0,4.72,June,Saturday
ORD15438,C1438,2025-09-23,University Ave,Food,Avocado Toast,1,7.14,Card,3.0,7.14,September,Tuesday
ORD15439,C1450,2025-03-31,University Ave,Espresso Drinks,Cappuccino,3,5.54,Mobile Pay,,16.62,March,Monday
ORD15440,C1431,2025-06-04,University Ave,Espresso Drinks,Americano,1,5.56,Mobile Pay,5.0,5.56,June,Wednesday
ORD15441,C1236,2025-09-22,Riverside,Food,Avocado Toast,1,6.27,Cash,,6.27,September,Monday
ORD15442,C1476,2025-10-17,University Ave,Pastries,Cinnamon Roll,1,3.03,Mobile Pay,,3.03,October,Friday
ORD15443,C1446,2025-11-08,University Ave,Pastries,Croissant,2,3.64,Card,,7.28,November,Saturday
ORD15444,C1425,2025-06-06,University Ave,Pastries,Muffin,1,2.88,Card,,2.88,June,Friday
ORD15445,C1513,2025-05-26,Downtown,Espresso Drinks,Flat White,1,3.89,Card,,3.89,May,Monday
ORD15446,C1012,2025-05-20,Riverside,Pastries,Scone,1,3.77,Card,,3.77,May,Tuesday
ORD15447,C1184,2025-09-01,Riverside,Food,Bagel,3,6.25,Card,,18.75,September,Monday
ORD15448,C1248,2025-06-02,University Ave,Espresso Drinks,Americano,1,3.76,Card,4.0,3.76,June,Monday
ORD15449,C1016,2025-05-26,Downtown,Pastries,Croissant,2,3.55,Card,3.0,7.1,May,Monday
ORD15450,C1561,2025-03-03,Downtown,Espresso Drinks,Latte,1,4.05,Gift Card,3.0,4.05,March,Monday
ORD15451,C1141,2025-06-24,Riverside,Espresso Drinks,Latte,3,4.45,Card,,13.35,June,Tuesday
ORD15452,C1396,2025-03-28,Riverside,Espresso Drinks,Espresso Shot,1,4.57,Mobile Pay,,4.57,March,Friday
ORD15453,C1557,2025-07-11,Riverside,Brewed Coffee,Drip Coffee,2,3.24,Card,4.0,6.48,July,Friday
ORD15454,C1346,2025-11-20,Downtown,Pastries,Cinnamon Roll,1,4.39,Gift Card,,4.39,November,Thursday
ORD15455,C1017,2025-10-10,Downtown,Tea,Green Tea,2,3.25,Card,,6.5,October,Friday
ORD15456,C1129,2025-06-24,Riverside,Espresso Drinks,Espresso Shot,1,5.12,Card,,5.12,June,Tuesday
ORD15457,C1174,2025-12-22,Downtown,Brewed Coffee,Drip Coffee,2,2.99,Mobile Pay,5.0,5.98,December,Monday
ORD15458,C1355,2025-12-23,Downtown,Food,Bagel,1,8.31,Card,,8.31,December,Tuesday
ORD15459,C1098,2025-06-11,University Ave,Tea,Green Tea,3,4.07,Card,,12.21,June,Wednesday
ORD15460,C1393,2025-10-05,Riverside,Espresso Drinks,Latte,1,5.52,Mobile Pay,,5.52,October,Sunday
ORD15461,C1063,2025-05-05,University Ave,Food,Breakfast Sandwich,2,5.88,Card,4.0,11.76,May,Monday
ORD15462,C1280,2025-11-16,University Ave,Pastries,Scone,1,3.88,Card,3.0,3.88,November,Sunday
ORD15463,C1529,2025-05-16,Downtown,Pastries,Cinnamon Roll,2,3.73,Cash,4.0,7.46,May,Friday
ORD15464,C1036,2025-04-05,Riverside,Espresso Drinks,Flat White,1,5.16,Mobile Pay,,5.16,April,Saturday
ORD15465,C1338,2025-02-18,Riverside,Brewed Coffee,Pour Over,2,4.11,Cash,4.0,8.22,February,Tuesday
ORD15466,C1616,2025-11-03,Riverside,Espresso Drinks,Flat White,3,3.89,Card,,11.67,November,Monday
ORD15467,C1103,2025-04-19,Riverside,Brewed Coffee,Drip Coffee,2,3.88,Cash,,7.76,April,Saturday
ORD15468,C1349,2025-10-24,Downtown,Brewed Coffee,Pour Over,1,4.06,Card,,4.06,October,Friday
ORD15469,C1394,2025-02-01,Downtown,Pastries,Muffin,3,4.07,Card,,12.21,February,Saturday
ORD15470,C1492,2025-07-02,Downtown,Pastries,Croissant,1,2.92,Card,3.0,2.92,July,Wednesday
ORD15471,C1185,2025-06-05,Riverside,Tea,Green Tea,1,3.36,Cash,4.0,3.36,June,Thursday
ORD15472,C1637,2025-06-09,Downtown,Pastries,Scone,1,3.93,Card,5.0,3.93,June,Monday
ORD15473,C1141,2025-03-02,Riverside,Espresso Drinks,Americano,3,4.91,Card,3.0,14.73,March,Sunday
ORD15474,C1114,2025-01-27,University Ave,Food,Avocado Toast,3,7.47,Mobile Pay,4.0,22.41,January,Monday
ORD15475,C1396,2025-05-07,Downtown,Tea,Herbal Tea,3,4.24,Mobile Pay,,12.72,May,Wednesday
ORD15476,C1610,2025-06-21,Riverside,Brewed Coffee,Drip Coffee,1,2.9,Mobile Pay,3.0,2.9,June,Saturday
ORD15477,C1371,2025-10-16,Downtown,Food,Avocado Toast,1,8.47,Mobile Pay,5.0,8.47,October,Thursday
ORD15478,C1367,2025-06-18,Riverside,Espresso Drinks,Cappuccino,2,4.5,Cash,5.0,9.0,June,Wednesday
ORD15479,C1379,2025-03-31,Downtown,Food,Bagel,1,6.08,Mobile Pay,,6.08,March,Monday
ORD15480,C1308,2025-04-06,Downtown,Espresso Drinks,Espresso Shot,2,4.09,Card,4.0,8.18,April,Sunday
ORD15481,C1178,2025-08-11,Downtown,Pastries,Scone,2,4.18,Mobile Pay,3.0,8.36,August,Monday
ORD15482,C1649,2025-06-08,University Ave,Pastries,Muffin,1,3.08,Mobile Pay,4.0,3.08,June,Sunday
ORD15483,C1435,2025-11-25,Downtown,Espresso Drinks,Flat White,2,4.47,Cash,2.0,8.94,November,Tuesday
ORD15484,C1507,2025-06-10,Downtown,Espresso Drinks,Americano,2,5.35,Card,4.0,10.7,June,Tuesday
ORD15485,C1012,2025-07-26,University Ave,Brewed Coffee,Pour Over,3,2.92,Card,5.0,8.76,July,Saturday
ORD15486,C1580,2025-01-24,Downtown,Espresso Drinks,Flat White,1,5.34,Mobile Pay,4.0,5.34,January,Friday
ORD15487,C1348,2025-03-12,Riverside,Brewed Coffee,Drip Coffee,2,3.99,Card,,7.98,March,Wednesday
ORD15488,C1320,2025-11-06,University Ave,Tea,Green Tea,1,3.86,Cash,,3.86,November,Thursday
ORD15489,C1473,2025-05-06,Riverside,Brewed Coffee,Drip Coffee,1,4.16,Card,4.0,4.16,May,Tuesday
ORD15490,C1299,2025-06-03,Downtown,Brewed Coffee,Pour Over,2,3.31,Mobile Pay,,6.62,June,Tuesday
ORD15491,C1403,2025-08-03,Riverside,Espresso Drinks,Americano,1,4.5,Card,3.0,4.5,August,Sunday
ORD15492,C1083,2025-01-22,University Ave,Brewed Coffee,Cold Brew,2,2.86,Card,,5.72,January,Wednesday
ORD15493,C1524,2025-07-04,Riverside,Espresso Drinks,Espresso Shot,2,5.03,Card,4.0,10.06,July,Friday
ORD15494,C1510,2025-05-07,Downtown,Espresso Drinks,Latte,1,3.83,Cash,,3.83,May,Wednesday
ORD15495,C1310,2025-02-24,Downtown,Espresso Drinks,Espresso Shot,2,4.02,Card,,8.04,February,Monday
ORD15496,C1062,2025-06-02,Riverside,Espresso Drinks,Flat White,1,4.86,Card,,4.86,June,Monday
ORD15497,C1542,2025-06-12,Riverside,Pastries,Muffin,2,2.73,Card,,5.46,June,Thursday
ORD15498,C1573,2025-03-09,Riverside,Brewed Coffee,Drip Coffee,1,4.14,Card,,4.14,March,Sunday
ORD15499,C1599,2025-07-17,Riverside,Tea,Herbal Tea,1,3.4,Cash,,3.4,July,Thursday
ORD15500,C1408,2025-09-29,University Ave,Pastries,Croissant,1,3.77,Cash,,3.77,September,Monday
ORD15501,C1340,2025-04-08,Riverside,Espresso Drinks,Latte,1,4.88,Cash,2.0,4.88,April,Tuesday
ORD15502,C1161,2025-12-18,University Ave,Espresso Drinks,Espresso Shot,1,5.6,Cash,,5.6,December,Thursday
ORD15503,C1473,2025-08-11,Downtown,Espresso Drinks,Flat White,2,3.97,Mobile Pay,,7.94,August,Monday
ORD15504,C1352,2025-10-09,Riverside,Food,Bagel,3,6.7,Gift Card,,20.1,October,Thursday
ORD15505,C1640,2025-01-26,Downtown,Espresso Drinks,Latte,2,5.61,Gift Card,,11.22,January,Sunday
ORD15506,C1246,2025-10-07,Riverside,Espresso Drinks,Latte,1,4.16,Card,3.0,4.16,October,Tuesday
ORD15507,C1466,2025-05-03,Downtown,Espresso Drinks,Latte,2,4.76,Card,4.0,9.52,May,Saturday
ORD15508,C1047,2025-09-16,University Ave,Pastries,Cinnamon Roll,3,3.54,Card,,10.62,September,Tuesday
ORD15509,C1285,2025-10-20,Downtown,Espresso Drinks,Flat White,2,5.31,Card,,10.62,October,Monday
ORD15510,C1107,2025-04-02,University Ave,Espresso Drinks,Americano,3,4.05,Mobile Pay,3.0,12.15,April,Wednesday
ORD15511,C1170,2025-04-05,University Ave,Food,Avocado Toast,1,6.8,Cash,4.0,6.8,April,Saturday
ORD15512,C1636,2025-01-22,Downtown,Pastries,Muffin,3,4.09,Mobile Pay,,12.27,January,Wednesday
ORD15513,C1043,2025-08-09,Riverside,Pastries,Muffin,1,3.3,Mobile Pay,,3.3,August,Saturday
ORD15514,C1232,2025-10-09,Downtown,Pastries,Cinnamon Roll,1,4.29,Mobile Pay,4.0,4.29,October,Thursday
ORD15515,C1343,2025-05-30,Downtown,Espresso Drinks,Cappuccino,2,4.82,Card,5.0,9.64,May,Friday
ORD15516,C1376,2025-02-28,Downtown,Espresso Drinks,Americano,2,4.35,Card,3.0,8.7,February,Friday
ORD15517,C1391,2025-04-26,Riverside,Espresso Drinks,Flat White,2,4.3,Card,,8.6,April,Saturday
ORD15518,C1268,2025-05-27,Riverside,Pastries,Cinnamon Roll,1,3.37,Card,,3.37,May,Tuesday
ORD15519,C1352,2025-11-30,Downtown,Pastries,Cinnamon Roll,2,2.65,Card,,5.3,November,Sunday
ORD15520,C1077,2025-02-15,Riverside,Tea,Green Tea,2,3.9,Card,,7.8,February,Saturday
ORD15521,C1435,2025-05-05,Downtown,Pastries,Muffin,3,3.14,Mobile Pay,3.0,9.42,May,Monday
ORD15522,C1499,2025-08-21,Riverside,Brewed Coffee,Cold Brew,2,3.26,Mobile Pay,,6.52,August,Thursday
ORD15523,C1423,2025-03-28,University Ave,Espresso Drinks,Americano,2,4.59,Cash,4.0,9.18,March,Friday
ORD15524,C1009,2025-11-19,Downtown,Espresso Drinks,Latte,2,4.9,Card,4.0,9.8,November,Wednesday
ORD15525,C1444,2025-11-27,University Ave,Pastries,Scone,1,4.04,Card,4.0,4.04,November,Thursday
ORD15526,C1416,2025-05-19,Riverside,Brewed Coffee,Drip Coffee,1,3.21,Cash,4.0,3.21,May,Monday
ORD15527,C1645,2025-09-29,University Ave,Brewed Coffee,Pour Over,2,2.87,Mobile Pay,4.0,5.74,September,Monday
ORD15528,C1406,2025-10-03,University Ave,Pastries,Croissant,1,3.47,Gift Card,,3.47,October,Friday
ORD15529,C1190,2025-09-06,Riverside,Food,Breakfast Sandwich,1,6.45,Mobile Pay,,6.45,September,Saturday
ORD15530,C1271,2025-03-09,Riverside,Tea,Chai Latte,1,3.82,Mobile Pay,,3.82,March,Sunday
ORD15531,C1362,2025-01-19,Downtown,Brewed Coffee,Drip Coffee,3,3.39,Card,,10.17,January,Sunday
ORD15532,C1303,2025-05-07,University Ave,Espresso Drinks,Cappuccino,1,4.48,Card,4.0,4.48,May,Wednesday
ORD15533,C1114,2025-02-17,Downtown,Pastries,Muffin,2,3.05,Mobile Pay,4.0,6.1,February,Monday
ORD15534,C1568,2025-04-17,Downtown,Brewed Coffee,Drip Coffee,1,3.21,Cash,,3.21,April,Thursday
ORD15535,C1472,2025-08-21,Riverside,Brewed Coffee,Pour Over,2,3.34,Card,5.0,6.68,August,Thursday
ORD15536,C1342,2025-08-03,Downtown,Espresso Drinks,Cappuccino,2,3.87,Mobile Pay,,7.74,August,Sunday
ORD15537,C1612,2025-03-18,Downtown,Pastries,Scone,2,4.36,Card,,8.72,March,Tuesday
ORD15538,C1580,2025-01-07,Riverside,Tea,Green Tea,2,3.87,Mobile Pay,,7.74,January,Tuesday
ORD15539,C1406,2025-03-24,Riverside,Espresso Drinks,Cappuccino,3,3.86,Gift Card,,11.58,March,Monday
ORD15540,C1074,2025-06-15,Downtown,Food,Bagel,3,6.41,Card,4.0,19.23,June,Sunday
ORD15541,C1414,2025-10-11,University Ave,Tea,Green Tea,1,4.49,Card,,4.49,October,Saturday
ORD15542,C1098,2025-05-13,Downtown,Brewed Coffee,Cold Brew,1,3.76,Gift Card,,3.76,May,Tuesday
ORD15543,C1008,2025-04-15,Riverside,Espresso Drinks,Americano,3,4.7,Card,,14.1,April,Tuesday
ORD15544,C1632,2025-07-20,University Ave,Brewed Coffee,Drip Coffee,2,4.02,Cash,,8.04,July,Sunday
ORD15545,C1064,2025-01-27,Downtown,Food,Avocado Toast,1,7.9,Cash,3.0,7.9,January,Monday
ORD15546,C1574,2025-03-24,Downtown,Pastries,Croissant,1,4.13,Card,,4.13,March,Monday
ORD15547,C1132,2025-01-14,University Ave,Espresso Drinks,Espresso Shot,1,4.45,Mobile Pay,,4.45,January,Tuesday
ORD15548,C1410,2025-07-11,Downtown,Pastries,Muffin,1,4.39,Card,,4.39,July,Friday
ORD15549,C1038,2025-06-11,Riverside,Brewed Coffee,Pour Over,3,3.52,Card,1.0,10.56,June,Wednesday
ORD15550,C1297,2025-08-01,University Ave,Food,Breakfast Sandwich,1,7.33,Mobile Pay,,7.33,August,Friday
ORD15551,C1173,2025-08-13,Downtown,Pastries,Croissant,3,3.45,Card,5.0,10.35,August,Wednesday
ORD15552,C1545,2025-05-24,University Ave,Food,Bagel,1,5.95,Card,3.0,5.95,May,Saturday
ORD15553,C1089,2025-11-13,Downtown,Espresso Drinks,Latte,2,5.36,Mobile Pay,3.0,10.72,November,Thursday
ORD15554,C1565,2025-12-01,Downtown,Pastries,Muffin,2,2.89,Mobile Pay,,5.78,December,Monday
ORD15555,C1255,2025-02-10,Riverside,Espresso Drinks,Cappuccino,1,4.61,Card,4.0,4.61,February,Monday
ORD15556,C1519,2025-12-01,Riverside,Tea,Herbal Tea,1,3.4,Mobile Pay,5.0,3.4,December,Monday
ORD15557,C1214,2025-03-13,Riverside,Espresso Drinks,Americano,2,4.46,Gift Card,,8.92,March,Thursday
ORD15558,C1383,2025-04-01,Downtown,Brewed Coffee,Cold Brew,2,3.23,Card,,6.46,April,Tuesday
ORD15559,C1498,2025-07-12,Riverside,Espresso Drinks,Cappuccino,2,4.91,Cash,,9.82,July,Saturday
ORD15560,C1182,2025-01-11,University Ave,Brewed Coffee,Drip Coffee,1,4.1,Card,,4.1,January,Saturday
ORD15561,C1527,2025-05-13,Riverside,Brewed Coffee,Drip Coffee,1,3.6,Card,,3.6,May,Tuesday
ORD15562,C1572,2025-03-12,Downtown,Tea,Herbal Tea,2,3.72,Card,3.0,7.44,March,Wednesday
ORD15563,C1059,2025-06-25,University Ave,Espresso Drinks,Latte,1,4.68,Card,3.0,4.68,June,Wednesday
ORD15564,C1021,2025-10-24,Riverside,Pastries,Scone,1,4.24,Cash,4.0,4.24,October,Friday
ORD15565,C1552,2025-12-03,Downtown,Tea,Chai Latte,2,3.29,Mobile Pay,,6.58,December,Wednesday
ORD15566,C1376,2025-03-19,University Ave,Pastries,Croissant,1,3.38,Card,5.0,3.38,March,Wednesday
ORD15567,C1561,2025-07-18,Riverside,Tea,Green Tea,2,3.32,Mobile Pay,,6.64,July,Friday
ORD15568,C1098,2025-06-22,Riverside,Food,Avocado Toast,1,6.85,Mobile Pay,4.0,6.85,June,Sunday
ORD15569,C1618,2025-06-01,Downtown,Espresso Drinks,Flat White,2,4.67,Mobile Pay,5.0,9.34,June,Sunday
ORD15570,C1470,2025-08-19,Riverside,Pastries,Croissant,2,3.15,Cash,4.0,6.3,August,Tuesday
ORD15571,C1411,2025-12-27,University Ave,Food,Bagel,3,6.26,Cash,4.0,18.78,December,Saturday
ORD15572,C1203,2025-05-28,University Ave,Tea,Green Tea,2,4.45,Card,3.0,8.9,May,Wednesday
ORD15573,C1373,2025-01-24,University Ave,Pastries,Croissant,2,4.24,Card,5.0,8.48,January,Friday
ORD15574,C1213,2025-11-30,Riverside,Brewed Coffee,Drip Coffee,2,3.75,Card,5.0,7.5,November,Sunday
ORD15575,C1625,2025-12-06,Riverside,Food,Breakfast Sandwich,2,5.81,Card,,11.62,December,Saturday
ORD15576,C1603,2025-04-28,Downtown,Espresso Drinks,Americano,1,4.08,Card,,4.08,April,Monday
ORD15577,C1312,2025-07-02,Riverside,Espresso Drinks,Cappuccino,1,4.67,Mobile Pay,,4.67,July,Wednesday
ORD15578,C1320,2025-11-10,Downtown,Pastries,Croissant,1,2.88,Mobile Pay,,2.88,November,Monday
ORD15579,C1618,2025-07-03,Downtown,Espresso Drinks,Cappuccino,1,4.88,Card,,4.88,July,Thursday
ORD15580,C1257,2025-06-25,Riverside,Brewed Coffee,Pour Over,1,4.04,Card,,4.04,June,Wednesday
ORD15581,C1108,2025-12-02,Downtown,Pastries,Croissant,3,2.96,Card,,8.88,December,Tuesday
ORD15582,C1351,2025-10-29,Downtown,Food,Breakfast Sandwich,2,7.66,Card,,15.32,October,Wednesday
ORD15583,C1340,2025-07-04,Downtown,Pastries,Muffin,1,4.4,Mobile Pay,,4.4,July,Friday
ORD15584,C1081,2025-02-28,Downtown,Espresso Drinks,Americano,2,4.18,Card,4.0,8.36,February,Friday
ORD15585,C1470,2025-06-09,Riverside,Espresso Drinks,Flat White,1,4.64,Card,,4.64,June,Monday
ORD15586,C1585,2025-09-04,Downtown,Espresso Drinks,Americano,2,5.08,Mobile Pay,,10.16,September,Thursday
ORD15587,C1344,2025-04-10,University Ave,Pastries,Croissant,3,3.12,Cash,5.0,9.36,April,Thursday
ORD15588,C1083,2025-07-15,Downtown,Brewed Coffee,Drip Coffee,1,3.16,Card,4.0,3.16,July,Tuesday
ORD15589,C1610,2025-08-28,Downtown,Pastries,Croissant,3,3.57,Card,5.0,10.71,August,Thursday
ORD15590,C1293,2025-01-31,Downtown,Tea,Green Tea,3,3.36,Mobile Pay,3.0,10.08,January,Friday
ORD15591,C1431,2025-07-27,Riverside,Brewed Coffee,Drip Coffee,2,3.17,Mobile Pay,3.0,6.34,July,Sunday
ORD15592,C1009,2025-09-26,Downtown,Espresso Drinks,Cappuccino,1,4.16,Card,,4.16,September,Friday
ORD15593,C1322,2025-03-20,Downtown,Espresso Drinks,Americano,3,4.89,Card,,14.67,March,Thursday
ORD15594,C1331,2025-07-19,University Ave,Brewed Coffee,Drip Coffee,2,2.96,Card,,5.92,July,Saturday
ORD15595,C1502,2025-09-16,Riverside,Tea,Green Tea,2,4.09,Cash,2.0,8.18,September,Tuesday
ORD15596,C1402,2025-01-17,Downtown,Pastries,Scone,1,3.17,Card,,3.17,January,Friday
ORD15597,C1331,2025-08-23,Downtown,Tea,Chai Latte,2,3.32,Mobile Pay,,6.64,August,Saturday
ORD15598,C1623,2025-04-05,Riverside,Espresso Drinks,Americano,3,4.62,Mobile Pay,4.0,13.86,April,Saturday
ORD15599,C1153,2025-05-25,Riverside,Espresso Drinks,Espresso Shot,1,5.21,Card,,5.21,May,Sunday
ORD15600,C1244,2025-08-24,Downtown,Espresso Drinks,Espresso Shot,3,5.21,Card,,15.63,August,Sunday
ORD15601,C1079,2025-01-02,University Ave,Food,Breakfast Sandwich,2,6.7,Card,5.0,13.4,January,Thursday
ORD15602,C1266,2025-01-07,Downtown,Tea,Herbal Tea,2,3.4,Card,5.0,6.8,January,Tuesday
ORD15603,C1562,2025-06-12,Riverside,Food,Avocado Toast,1,7.89,Mobile Pay,5.0,7.89,June,Thursday
ORD15604,C1376,2025-12-12,Riverside,Espresso Drinks,Espresso Shot,3,4.62,Mobile Pay,4.0,13.86,December,Friday
ORD15605,C1395,2025-01-03,Downtown,Brewed Coffee,Drip Coffee,2,3.53,Card,,7.06,January,Friday
ORD15606,C1178,2025-10-15,Downtown,Pastries,Scone,1,4.41,Mobile Pay,,4.41,October,Wednesday
ORD15607,C1603,2025-01-28,University Ave,Food,Avocado Toast,1,7.0,Mobile Pay,4.0,7.0,January,Tuesday
ORD15608,C1201,2025-06-27,Riverside,Pastries,Cinnamon Roll,1,2.83,Card,3.0,2.83,June,Friday
ORD15609,C1362,2025-06-06,University Ave,Tea,Chai Latte,3,3.36,Mobile Pay,,10.08,June,Friday
ORD15610,C1300,2025-06-20,Downtown,Pastries,Croissant,2,3.54,Mobile Pay,4.0,7.08,June,Friday
ORD15611,C1152,2025-01-30,Downtown,Brewed Coffee,Cold Brew,2,3.29,Card,5.0,6.58,January,Thursday
ORD15612,C1443,2025-10-02,University Ave,Food,Breakfast Sandwich,1,6.97,Card,3.0,6.97,October,Thursday
ORD15613,C1543,2025-04-11,University Ave,Espresso Drinks,Espresso Shot,1,5.24,Gift Card,5.0,5.24,April,Friday
ORD15614,C1643,2025-10-08,Riverside,Espresso Drinks,Espresso Shot,2,5.15,Gift Card,4.0,10.3,October,Wednesday
ORD15615,C1584,2025-08-27,University Ave,Brewed Coffee,Cold Brew,1,3.33,Card,,3.33,August,Wednesday
ORD15616,C1200,2025-07-20,University Ave,Food,Avocado Toast,2,5.79,Card,,11.58,July,Sunday
ORD15617,C1168,2025-04-23,Downtown,Espresso Drinks,Espresso Shot,2,5.53,Card,,11.06,April,Wednesday
ORD15618,C1186,2025-08-26,University Ave,Espresso Drinks,Espresso Shot,3,4.21,Card,5.0,12.63,August,Tuesday
ORD15619,C1045,2025-12-30,University Ave,Tea,Green Tea,3,4.27,Mobile Pay,,12.81,December,Tuesday
ORD15620,C1167,2025-12-03,Downtown,Food,Bagel,3,5.69,Card,,17.07,December,Wednesday
ORD15621,C1538,2025-11-30,Downtown,Food,Breakfast Sandwich,3,8.37,Mobile Pay,1.0,25.11,November,Sunday
ORD15622,C1155,2025-03-21,Downtown,Pastries,Croissant,1,4.07,Cash,4.0,4.07,March,Friday
ORD15623,C1210,2025-08-02,University Ave,Espresso Drinks,Americano,2,5.08,Card,3.0,10.16,August,Saturday
ORD15624,C1419,2025-05-25,Downtown,Tea,Chai Latte,1,3.48,Card,,3.48,May,Sunday
ORD15625,C1239,2025-12-18,Downtown,Espresso Drinks,Espresso Shot,1,3.77,Cash,5.0,3.77,December,Thursday
ORD15626,C1424,2025-12-12,Downtown,Food,Avocado Toast,2,7.08,Cash,,14.16,December,Friday
ORD15627,C1037,2025-11-12,Downtown,Food,Avocado Toast,1,6.29,Cash,,6.29,November,Wednesday
ORD15628,C1140,2025-03-01,University Ave,Espresso Drinks,Cappuccino,1,4.23,Card,,4.23,March,Saturday
ORD15629,C1092,2025-04-27,Downtown,Tea,Green Tea,2,3.73,Mobile Pay,,7.46,April,Sunday
ORD15630,C1600,2025-09-16,Riverside,Espresso Drinks,Flat White,2,4.6,Mobile Pay,3.0,9.2,September,Tuesday
ORD15631,C1511,2025-09-30,University Ave,Pastries,Scone,3,3.45,Card,,10.35,September,Tuesday
ORD15632,C1244,2025-05-08,Downtown,Brewed Coffee,Pour Over,2,3.25,Card,3.0,6.5,May,Thursday
ORD15633,C1114,2025-02-19,University Ave,Brewed Coffee,Cold Brew,1,3.68,Mobile Pay,3.0,3.68,February,Wednesday
ORD15634,C1118,2025-02-19,Downtown,Espresso Drinks,Espresso Shot,1,4.73,Card,4.0,4.73,February,Wednesday
ORD15635,C1077,2025-09-07,Downtown,Espresso Drinks,Latte,1,5.74,Gift Card,2.0,5.74,September,Sunday
ORD15636,C1165,2025-06-15,University Ave,Espresso Drinks,Latte,1,4.05,Cash,4.0,4.05,June,Sunday
ORD15637,C1402,2025-06-28,University Ave,Pastries,Muffin,1,3.42,Mobile Pay,,3.42,June,Saturday
ORD15638,C1648,2025-10-24,Downtown,Tea,Chai Latte,1,4.74,Mobile Pay,,4.74,October,Friday
ORD15639,C1636,2025-01-07,Downtown,Espresso Drinks,Flat White,1,4.31,Card,,4.31,January,Tuesday
ORD15640,C1479,2025-10-02,Riverside,Espresso Drinks,Americano,2,4.95,Cash,,9.9,October,Thursday
ORD15641,C1639,2025-04-10,University Ave,Food,Avocado Toast,1,7.11,Gift Card,5.0,7.11,April,Thursday
ORD15642,C1488,2025-12-05,Riverside,Brewed Coffee,Drip Coffee,2,2.94,Mobile Pay,4.0,5.88,December,Friday
ORD15643,C1186,2025-12-14,Downtown,Brewed Coffee,Pour Over,1,2.97,Card,5.0,2.97,December,Sunday
ORD15644,C1164,2025-07-02,Riverside,Pastries,Muffin,1,3.86,Mobile Pay,,3.86,July,Wednesday
ORD15645,C1600,2025-04-25,University Ave,Brewed Coffee,Cold Brew,1,3.71,Card,4.0,3.71,April,Friday
ORD15646,C1337,2025-03-26,Downtown,Food,Breakfast Sandwich,1,6.34,Card,5.0,6.34,March,Wednesday
ORD15647,C1239,2025-03-08,Riverside,Espresso Drinks,Cappuccino,3,5.37,Mobile Pay,4.0,16.11,March,Saturday
ORD15648,C1012,2025-12-30,Downtown,Espresso Drinks,Americano,1,4.5,Card,,4.5,December,Tuesday
ORD15649,C1431,2025-03-10,Riverside,Pastries,Croissant,1,3.67,Cash,4.0,3.67,March,Monday
ORD15650,C1380,2025-06-12,Downtown,Pastries,Croissant,1,2.74,Mobile Pay,,2.74,June,Thursday
ORD15651,C1431,2025-06-24,University Ave,Espresso Drinks,Cappuccino,3,5.53,Card,,16.59,June,Tuesday
ORD15652,C1243,2025-09-05,Downtown,Espresso Drinks,Espresso Shot,1,4.76,Mobile Pay,,4.76,September,Friday
ORD15653,C1335,2025-11-03,Downtown,Food,Breakfast Sandwich,1,8.34,Card,4.0,8.34,November,Monday
ORD15654,C1533,2025-07-23,Downtown,Pastries,Croissant,3,4.25,Cash,,12.75,July,Wednesday
ORD15655,C1409,2025-10-03,Riverside,Tea,Chai Latte,3,3.92,Gift Card,4.0,11.76,October,Friday
ORD15656,C1545,2025-07-26,Downtown,Espresso Drinks,Latte,1,5.14,Mobile Pay,,5.14,July,Saturday
ORD15657,C1074,2025-06-09,University Ave,Food,Bagel,2,6.36,Card,,12.72,June,Monday
ORD15658,C1421,2025-02-27,Downtown,Espresso Drinks,Cappuccino,1,5.67,Card,5.0,5.67,February,Thursday
ORD15659,C1398,2025-03-17,Downtown,Espresso Drinks,Cappuccino,2,5.1,Mobile Pay,,10.2,March,Monday
ORD15660,C1419,2025-06-07,Riverside,Tea,Herbal Tea,1,4.14,Card,4.0,4.14,June,Saturday
ORD15661,C1115,2025-01-17,Downtown,Food,Bagel,2,8.0,Mobile Pay,,16.0,January,Friday
ORD15662,C1513,2025-04-26,Riverside,Pastries,Scone,1,4.1,Mobile Pay,3.0,4.1,April,Saturday
ORD15663,C1292,2025-06-18,Riverside,Espresso Drinks,Espresso Shot,2,3.98,Mobile Pay,5.0,7.96,June,Wednesday
ORD15664,C1044,2025-06-22,University Ave,Espresso Drinks,Espresso Shot,1,4.23,Mobile Pay,4.0,4.23,June,Sunday
ORD15665,C1039,2025-10-24,Downtown,Pastries,Scone,1,3.67,Card,,3.67,October,Friday
ORD15666,C1513,2025-12-19,University Ave,Pastries,Croissant,2,4.08,Card,4.0,8.16,December,Friday
ORD15667,C1162,2025-09-23,University Ave,Espresso Drinks,Espresso Shot,2,5.43,Card,5.0,10.86,September,Tuesday
ORD15668,C1263,2025-01-29,University Ave,Espresso Drinks,Latte,2,4.51,Cash,,9.02,January,Wednesday
ORD15669,C1048,2025-05-29,University Ave,Brewed Coffee,Pour Over,2,3.04,Cash,,6.08,May,Thursday
ORD15670,C1440,2025-09-23,Downtown,Pastries,Muffin,2,3.59,Gift Card,,7.18,September,Tuesday
ORD15671,C1081,2025-08-05,University Ave,Brewed Coffee,Pour Over,2,4.22,Card,5.0,8.44,August,Tuesday
ORD15672,C1421,2025-06-16,Riverside,Brewed Coffee,Pour Over,1,4.12,Card,,4.12,June,Monday
ORD15673,C1491,2025-06-08,Downtown,Espresso Drinks,Flat White,2,5.4,Gift Card,5.0,10.8,June,Sunday
ORD15674,C1002,2025-05-28,Downtown,Pastries,Cinnamon Roll,2,3.39,Cash,,6.78,May,Wednesday
ORD15675,C1138,2025-07-30,University Ave,Pastries,Croissant,1,3.98,Mobile Pay,,3.98,July,Wednesday
ORD15676,C1126,2025-03-07,Riverside,Pastries,Scone,2,2.67,Card,5.0,5.34,March,Friday
ORD15677,C1320,2025-07-08,Downtown,Food,Avocado Toast,1,6.29,Card,4.0,6.29,July,Tuesday
ORD15678,C1409,2025-03-16,University Ave,Brewed Coffee,Pour Over,2,3.08,Mobile Pay,,6.16,March,Sunday
ORD15679,C1598,2025-09-05,Riverside,Espresso Drinks,Espresso Shot,3,3.96,Cash,4.0,11.88,September,Friday
ORD15680,C1165,2025-11-11,Downtown,Espresso Drinks,Americano,3,4.55,Mobile Pay,,13.65,November,Tuesday
ORD15681,C1442,2025-07-04,Downtown,Brewed Coffee,Drip Coffee,1,3.24,Card,2.0,3.24,July,Friday
ORD15682,C1479,2025-05-22,Riverside,Tea,Green Tea,3,4.02,Cash,5.0,12.06,May,Thursday
ORD15683,C1565,2025-12-09,Riverside,Espresso Drinks,Americano,1,4.32,Card,5.0,4.32,December,Tuesday
ORD15684,C1365,2025-08-29,Downtown,Espresso Drinks,Americano,1,5.24,Mobile Pay,,5.24,August,Friday
ORD15685,C1046,2025-06-05,Downtown,Tea,Green Tea,3,3.48,Card,,10.44,June,Thursday
ORD15686,C1283,2025-01-11,University Ave,Brewed Coffee,Cold Brew,3,3.5,Gift Card,5.0,10.5,January,Saturday
ORD15687,C1454,2025-01-06,University Ave,Espresso Drinks,Americano,2,5.62,Mobile Pay,5.0,11.24,January,Monday
ORD15688,C1614,2025-03-22,Downtown,Brewed Coffee,Drip Coffee,1,3.79,Gift Card,4.0,3.79,March,Saturday
ORD15689,C1142,2025-03-28,Riverside,Pastries,Croissant,2,3.13,Mobile Pay,1.0,6.26,March,Friday
ORD15690,C1317,2025-09-20,University Ave,Brewed Coffee,Drip Coffee,1,3.41,Cash,,3.41,September,Saturday
ORD15691,C1354,2025-07-02,Downtown,Food,Bagel,2,8.17,Card,4.0,16.34,July,Wednesday
ORD15692,C1262,2025-12-30,Downtown,Espresso Drinks,Americano,2,5.68,Mobile Pay,4.0,11.36,December,Tuesday
ORD15693,C1082,2025-07-16,Downtown,Espresso Drinks,Espresso Shot,1,5.13,Cash,,5.13,July,Wednesday
ORD15694,C1609,2025-11-25,Downtown,Pastries,Muffin,2,2.77,Card,,5.54,November,Tuesday
ORD15695,C1098,2025-07-21,Downtown,Brewed Coffee,Drip Coffee,1,3.71,Cash,,3.71,July,Monday
ORD15696,C1336,2025-05-11,Downtown,Pastries,Croissant,2,2.79,Card,,5.58,May,Sunday
ORD15697,C1209,2025-09-18,University Ave,Pastries,Croissant,3,4.16,Card,4.0,12.48,September,Thursday
ORD15698,C1433,2025-06-13,Downtown,Tea,Chai Latte,3,3.71,Card,5.0,11.13,June,Friday
ORD15699,C1156,2025-04-10,Downtown,Pastries,Croissant,3,4.35,Card,5.0,13.05,April,Thursday
ORD15700,C1278,2025-06-22,Riverside,Espresso Drinks,Cappuccino,3,4.45,Cash,,13.35,June,Sunday
ORD15701,C1013,2025-08-31,Downtown,Pastries,Scone,2,3.48,Cash,3.0,6.96,August,Sunday
ORD15702,C1487,2025-05-17,Downtown,Food,Bagel,2,7.29,Cash,4.0,14.58,May,Saturday
ORD15703,C1566,2025-09-14,University Ave,Brewed Coffee,Cold Brew,2,3.93,Mobile Pay,,7.86,September,Sunday
ORD15704,C1292,2025-12-23,Riverside,Espresso Drinks,Americano,2,5.48,Mobile Pay,4.0,10.96,December,Tuesday
ORD15705,C1117,2025-05-30,Riverside,Brewed Coffee,Pour Over,2,3.48,Cash,4.0,6.96,May,Friday
ORD15706,C1135,2025-04-18,University Ave,Espresso Drinks,Flat White,1,3.83,Mobile Pay,,3.83,April,Friday
ORD15707,C1374,2025-05-27,University Ave,Tea,Herbal Tea,2,4.0,Mobile Pay,3.0,8.0,May,Tuesday
ORD15708,C1028,2025-11-02,Downtown,Espresso Drinks,Latte,1,5.55,Card,,5.55,November,Sunday
ORD15709,C1567,2025-03-07,Riverside,Espresso Drinks,Americano,1,4.76,Mobile Pay,,4.76,March,Friday
ORD15710,C1133,2025-12-21,Riverside,Pastries,Scone,2,4.39,Gift Card,4.0,8.78,December,Sunday
ORD15711,C1254,2025-05-31,Downtown,Pastries,Muffin,3,2.95,Card,3.0,8.85,May,Saturday
ORD15712,C1119,2025-11-03,University Ave,Espresso Drinks,Cappuccino,1,4.75,Mobile Pay,4.0,4.75,November,Monday
ORD15713,C1078,2025-10-14,University Ave,Tea,Chai Latte,1,4.67,Cash,5.0,4.67,October,Tuesday
ORD15714,C1312,2025-10-13,Downtown,Espresso Drinks,Latte,2,5.47,Card,,10.94,October,Monday
ORD15715,C1336,2025-11-27,University Ave,Pastries,Scone,3,2.66,Card,,7.98,November,Thursday
ORD15716,C1614,2025-03-09,Downtown,Brewed Coffee,Pour Over,1,3.0,Card,,3.0,March,Sunday
ORD15717,C1190,2025-08-05,Riverside,Espresso Drinks,Flat White,1,5.07,Cash,1.0,5.07,August,Tuesday
ORD15718,C1293,2025-02-06,Riverside,Brewed Coffee,Pour Over,1,3.35,Card,4.0,3.35,February,Thursday
ORD15719,C1632,2025-04-19,University Ave,Tea,Herbal Tea,3,4.14,Mobile Pay,4.0,12.42,April,Saturday
ORD15720,C1446,2025-01-15,Downtown,Espresso Drinks,Flat White,2,5.23,Card,,10.46,January,Wednesday
ORD15721,C1600,2025-09-06,Downtown,Food,Breakfast Sandwich,1,6.19,Mobile Pay,,6.19,September,Saturday
ORD15722,C1584,2025-08-10,University Ave,Espresso Drinks,Flat White,3,3.89,Card,4.0,11.67,August,Sunday
ORD15723,C1073,2025-09-27,University Ave,Espresso Drinks,Flat White,3,4.23,Card,,12.69,September,Saturday
ORD15724,C1227,2025-03-06,University Ave,Pastries,Croissant,3,3.23,Card,3.0,9.69,March,Thursday
ORD15725,C1285,2025-05-01,Downtown,Espresso Drinks,Espresso Shot,2,5.2,Mobile Pay,,10.4,May,Thursday
ORD15726,C1398,2025-09-04,University Ave,Brewed Coffee,Pour Over,2,3.73,Card,,7.46,September,Thursday
ORD15727,C1616,2025-10-28,Downtown,Tea,Herbal Tea,1,3.93,Mobile Pay,,3.93,October,Tuesday
ORD15728,C1304,2025-11-19,University Ave,Espresso Drinks,Flat White,1,5.5,Mobile Pay,4.0,5.5,November,Wednesday
ORD15729,C1361,2025-01-27,University Ave,Food,Bagel,2,5.92,Card,4.0,11.84,January,Monday
ORD15730,C1479,2025-05-27,Riverside,Pastries,Cinnamon Roll,1,4.33,Mobile Pay,,4.33,May,Tuesday
ORD15731,C1177,2025-01-04,University Ave,Food,Breakfast Sandwich,2,8.39,Mobile Pay,2.0,16.78,January,Saturday
ORD15732,C1557,2025-10-25,Riverside,Espresso Drinks,Latte,1,5.68,Card,,5.68,October,Saturday
ORD15733,C1181,2025-02-14,Downtown,Tea,Chai Latte,1,3.28,Mobile Pay,,3.28,February,Friday
ORD15734,C1172,2025-10-27,Downtown,Food,Avocado Toast,1,6.64,Card,,6.64,October,Monday
ORD15735,C1564,2025-02-26,University Ave,Espresso Drinks,Americano,1,4.95,Card,3.0,4.95,February,Wednesday
ORD15736,C1638,2025-01-06,Riverside,Pastries,Muffin,1,3.73,Mobile Pay,,3.73,January,Monday
ORD15737,C1416,2025-11-16,University Ave,Espresso Drinks,Cappuccino,2,5.62,Card,,11.24,November,Sunday
ORD15738,C1072,2025-06-09,Downtown,Brewed Coffee,Cold Brew,2,3.74,Card,5.0,7.48,June,Monday
ORD15739,C1537,2025-06-04,University Ave,Pastries,Croissant,1,4.15,Card,4.0,4.15,June,Wednesday
ORD15740,C1399,2025-08-24,University Ave,Espresso Drinks,Flat White,3,5.33,Card,,15.99,August,Sunday
ORD15741,C1218,2025-04-11,Riverside,Brewed Coffee,Pour Over,2,3.11,Card,,6.22,April,Friday
ORD15742,C1391,2025-09-09,University Ave,Brewed Coffee,Pour Over,2,3.49,Mobile Pay,5.0,6.98,September,Tuesday
ORD15743,C1261,2025-06-06,Riverside,Brewed Coffee,Drip Coffee,2,3.06,Mobile Pay,5.0,6.12,June,Friday
ORD15744,C1183,2025-04-10,Downtown,Pastries,Cinnamon Roll,2,2.68,Card,,5.36,April,Thursday
ORD15745,C1319,2025-05-24,Downtown,Food,Breakfast Sandwich,3,6.09,Mobile Pay,,18.27,May,Saturday
ORD15746,C1026,2025-01-03,Riverside,Brewed Coffee,Drip Coffee,1,2.8,Card,3.0,2.8,January,Friday
ORD15747,C1456,2025-04-20,Riverside,Espresso Drinks,Flat White,1,4.92,Mobile Pay,,4.92,April,Sunday
ORD15748,C1486,2025-08-04,University Ave,Espresso Drinks,Americano,1,4.79,Cash,4.0,4.79,August,Monday
ORD15749,C1023,2025-02-20,Riverside,Espresso Drinks,Latte,2,5.31,Mobile Pay,4.0,10.62,February,Thursday
ORD15750,C1362,2025-02-13,Riverside,Espresso Drinks,Latte,1,4.02,Gift Card,,4.02,February,Thursday
ORD15751,C1244,2025-08-27,Downtown,Food,Avocado Toast,1,6.32,Mobile Pay,,6.32,August,Wednesday
ORD15752,C1367,2025-06-05,University Ave,Food,Breakfast Sandwich,1,7.52,Mobile Pay,4.0,7.52,June,Thursday
ORD15753,C1501,2025-02-19,Downtown,Brewed Coffee,Drip Coffee,2,3.37,Card,4.0,6.74,February,Wednesday
ORD15754,C1478,2025-09-30,Downtown,Tea,Herbal Tea,2,3.83,Card,,7.66,September,Tuesday
ORD15755,C1218,2025-10-10,University Ave,Food,Avocado Toast,1,5.74,Card,,5.74,October,Friday
ORD15756,C1283,2025-01-13,Riverside,Espresso Drinks,Latte,2,5.48,Card,,10.96,January,Monday
ORD15757,C1229,2025-03-15,Riverside,Brewed Coffee,Pour Over,2,2.94,Gift Card,,5.88,March,Saturday
ORD15758,C1204,2025-05-15,Downtown,Tea,Green Tea,1,3.97,Card,,3.97,May,Thursday
ORD15759,C1200,2025-09-24,University Ave,Tea,Herbal Tea,2,4.7,Cash,2.0,9.4,September,Wednesday
ORD15760,C1544,2025-01-27,Downtown,Espresso Drinks,Americano,1,5.09,Card,4.0,5.09,January,Monday
ORD15761,C1047,2025-10-21,Downtown,Brewed Coffee,Pour Over,3,3.07,Card,,9.21,October,Tuesday
ORD15762,C1472,2025-04-27,Riverside,Food,Bagel,3,7.4,Card,,22.2,April,Sunday
ORD15763,C1230,2025-02-15,Downtown,Espresso Drinks,Cappuccino,1,5.04,Cash,2.0,5.04,February,Saturday
ORD15764,C1149,2025-11-11,Downtown,Brewed Coffee,Cold Brew,2,4.01,Cash,,8.02,November,Tuesday
ORD15765,C1501,2025-02-01,University Ave,Food,Breakfast Sandwich,2,5.97,Card,4.0,11.94,February,Saturday
ORD15766,C1602,2025-02-17,Downtown,Espresso Drinks,Cappuccino,3,4.09,Card,5.0,12.27,February,Monday
ORD15767,C1068,2025-12-12,University Ave,Food,Breakfast Sandwich,1,6.18,Mobile Pay,,6.18,December,Friday
ORD15768,C1097,2025-07-09,University Ave,Tea,Chai Latte,1,3.93,Card,4.0,3.93,July,Wednesday
ORD15769,C1463,2025-06-18,Downtown,Espresso Drinks,Cappuccino,1,4.4,Mobile Pay,5.0,4.4,June,Wednesday
ORD15770,C1538,2025-09-08,Downtown,Food,Avocado Toast,3,8.0,Card,,24.0,September,Monday
ORD15771,C1532,2025-08-18,Downtown,Pastries,Scone,2,3.73,Mobile Pay,,7.46,August,Monday
ORD15772,C1484,2025-08-12,University Ave,Brewed Coffee,Pour Over,1,2.84,Cash,,2.84,August,Tuesday
ORD15773,C1193,2025-01-09,University Ave,Brewed Coffee,Pour Over,1,2.75,Mobile Pay,,2.75,January,Thursday
ORD15774,C1367,2025-07-20,University Ave,Espresso Drinks,Latte,3,5.13,Mobile Pay,4.0,15.39,July,Sunday
ORD15775,C1471,2025-04-12,University Ave,Tea,Chai Latte,2,4.05,Card,3.0,8.1,April,Saturday
ORD15776,C1228,2025-10-21,University Ave,Brewed Coffee,Cold Brew,3,4.21,Mobile Pay,,12.63,October,Tuesday
ORD15777,C1451,2025-07-03,Downtown,Espresso Drinks,Espresso Shot,1,5.67,Gift Card,2.0,5.67,July,Thursday
ORD15778,C1630,2025-02-15,Riverside,Brewed Coffee,Drip Coffee,2,3.63,Mobile Pay,2.0,7.26,February,Saturday
ORD15779,C1395,2025-11-19,University Ave,Espresso Drinks,Flat White,1,5.09,Cash,,5.09,November,Wednesday
ORD15780,C1101,2025-04-14,Riverside,Brewed Coffee,Pour Over,1,3.77,Card,4.0,3.77,April,Monday
ORD15781,C1626,2025-04-09,University Ave,Espresso Drinks,Flat White,1,5.55,Mobile Pay,,5.55,April,Wednesday
ORD15782,C1512,2025-12-07,Downtown,Espresso Drinks,Flat White,1,4.18,Cash,,4.18,December,Sunday
ORD15783,C1518,2025-10-10,University Ave,Brewed Coffee,Cold Brew,2,4.25,Card,3.0,8.5,October,Friday
ORD15784,C1088,2025-11-09,University Ave,Pastries,Cinnamon Roll,1,3.85,Mobile Pay,,3.85,November,Sunday
ORD15785,C1045,2025-08-30,University Ave,Espresso Drinks,Espresso Shot,2,4.76,Mobile Pay,5.0,9.52,August,Saturday
ORD15786,C1600,2025-11-28,Riverside,Pastries,Muffin,1,3.34,Card,,3.34,November,Friday
ORD15787,C1392,2025-02-11,Downtown,Pastries,Cinnamon Roll,3,4.46,Card,5.0,13.38,February,Tuesday
ORD15788,C1456,2025-08-07,Downtown,Brewed Coffee,Pour Over,2,3.57,Card,3.0,7.14,August,Thursday
ORD15789,C1380,2025-04-17,Downtown,Espresso Drinks,Latte,2,5.17,Card,,10.34,April,Thursday
ORD15790,C1395,2025-05-26,Riverside,Brewed Coffee,Drip Coffee,1,3.66,Cash,,3.66,May,Monday
ORD15791,C1169,2025-03-28,Riverside,Espresso Drinks,Latte,3,5.19,Card,,15.57,March,Friday
ORD15792,C1300,2025-03-16,Riverside,Espresso Drinks,Americano,2,4.3,Card,4.0,8.6,March,Sunday
ORD15793,C1276,2025-06-11,Riverside,Espresso Drinks,Latte,2,4.45,Card,,8.9,June,Wednesday
ORD15794,C1559,2025-12-01,Riverside,Pastries,Muffin,1,2.91,Card,,2.91,December,Monday
ORD15795,C1617,2025-08-20,Downtown,Espresso Drinks,Americano,1,5.16,Card,5.0,5.16,August,Wednesday
ORD15796,C1165,2025-05-08,Downtown,Tea,Green Tea,1,3.27,Card,5.0,3.27,May,Thursday
ORD15797,C1222,2025-06-07,Downtown,Tea,Green Tea,2,4.09,Card,,8.18,June,Saturday
ORD15798,C1197,2025-07-12,Riverside,Brewed Coffee,Cold Brew,2,3.54,Gift Card,,7.08,July,Saturday
ORD15799,C1448,2025-03-31,Downtown,Food,Avocado Toast,1,7.81,Mobile Pay,,7.81,March,Monday
ORD15800,C1156,2025-07-09,University Ave,Pastries,Scone,1,2.99,Mobile Pay,4.0,2.99,July,Wednesday
ORD15801,C1038,2025-09-11,Riverside,Espresso Drinks,Americano,1,4.09,Card,,4.09,September,Thursday
ORD15802,C1050,2025-03-30,Downtown,Pastries,Muffin,3,3.71,Mobile Pay,,11.13,March,Sunday
ORD15803,C1433,2025-08-01,Riverside,Espresso Drinks,Espresso Shot,1,5.03,Gift Card,,5.03,August,Friday
ORD15804,C1364,2025-09-15,University Ave,Espresso Drinks,Latte,1,4.12,Cash,5.0,4.12,September,Monday
ORD15805,C1039,2025-07-09,Downtown,Brewed Coffee,Pour Over,3,4.25,Card,5.0,12.75,July,Wednesday
ORD15806,C1182,2025-04-17,University Ave,Espresso Drinks,Cappuccino,3,5.01,Card,4.0,15.03,April,Thursday
ORD15807,C1233,2025-07-21,University Ave,Pastries,Cinnamon Roll,1,3.75,Cash,,3.75,July,Monday
ORD15808,C1360,2025-10-16,Downtown,Espresso Drinks,Espresso Shot,2,4.6,Card,,9.2,October,Thursday
ORD15809,C1232,2025-03-22,Riverside,Espresso Drinks,Espresso Shot,1,4.62,Card,,4.62,March,Saturday
ORD15810,C1432,2025-07-29,Downtown,Brewed Coffee,Pour Over,1,3.06,Card,4.0,3.06,July,Tuesday
ORD15811,C1511,2025-09-05,Downtown,Brewed Coffee,Pour Over,1,2.88,Card,,2.88,September,Friday
ORD15812,C1025,2025-04-28,Riverside,Tea,Herbal Tea,1,3.66,Card,,3.66,April,Monday
ORD15813,C1181,2025-05-22,Downtown,Pastries,Croissant,1,4.22,Cash,4.0,4.22,May,Thursday
ORD15814,C1440,2025-11-20,Downtown,Tea,Herbal Tea,1,4.27,Cash,,4.27,November,Thursday
ORD15815,C1027,2025-05-13,University Ave,Espresso Drinks,Cappuccino,2,5.47,Card,,10.94,May,Tuesday
ORD15816,C1581,2025-08-06,Riverside,Espresso Drinks,Latte,1,4.97,Mobile Pay,,4.97,August,Wednesday
ORD15817,C1643,2025-02-24,Downtown,Espresso Drinks,Espresso Shot,2,5.05,Mobile Pay,3.0,10.1,February,Monday
ORD15818,C1269,2025-12-04,Riverside,Espresso Drinks,Cappuccino,2,4.93,Cash,4.0,9.86,December,Thursday
ORD15819,C1621,2025-08-06,University Ave,Pastries,Muffin,3,4.46,Card,,13.38,August,Wednesday
ORD15820,C1621,2025-10-04,Downtown,Espresso Drinks,Flat White,1,5.61,Card,,5.61,October,Saturday
ORD15821,C1582,2025-08-08,University Ave,Espresso Drinks,Flat White,2,4.42,Card,,8.84,August,Friday
ORD15822,C1532,2025-05-10,Downtown,Espresso Drinks,Americano,1,5.3,Card,,5.3,May,Saturday
ORD15823,C1497,2025-05-04,Downtown,Espresso Drinks,Latte,2,3.81,Gift Card,,7.62,May,Sunday
ORD15824,C1307,2025-09-13,Riverside,Espresso Drinks,Cappuccino,2,3.8,Card,5.0,7.6,September,Saturday
ORD15825,C1354,2025-11-09,Downtown,Espresso Drinks,Espresso Shot,3,4.16,Mobile Pay,2.0,12.48,November,Sunday
ORD15826,C1583,2025-02-16,Downtown,Tea,Green Tea,1,4.72,Gift Card,5.0,4.72,February,Sunday
ORD15827,C1267,2025-11-04,University Ave,Espresso Drinks,Espresso Shot,1,3.76,Cash,,3.76,November,Tuesday
ORD15828,C1029,2025-10-30,Downtown,Espresso Drinks,Americano,1,4.25,Mobile Pay,,4.25,October,Thursday
ORD15829,C1252,2025-02-09,Downtown,Brewed Coffee,Pour Over,1,3.91,Card,,3.91,February,Sunday
ORD15830,C1284,2025-02-09,Downtown,Espresso Drinks,Americano,1,5.47,Cash,3.0,5.47,February,Sunday
ORD15831,C1004,2025-09-10,Downtown,Brewed Coffee,Drip Coffee,1,3.33,Cash,4.0,3.33,September,Wednesday
ORD15832,C1045,2025-11-03,University Ave,Tea,Chai Latte,1,4.66,Card,5.0,4.66,November,Monday
ORD15833,C1545,2025-05-24,University Ave,Espresso Drinks,Cappuccino,2,3.79,Mobile Pay,5.0,7.58,May,Saturday
ORD15834,C1590,2025-08-22,Downtown,Espresso Drinks,Flat White,1,4.53,Mobile Pay,,4.53,August,Friday
ORD15835,C1146,2025-12-30,Downtown,Espresso Drinks,Flat White,1,5.28,Card,,5.28,December,Tuesday
ORD15836,C1036,2025-04-28,Downtown,Tea,Chai Latte,1,4.27,Card,,4.27,April,Monday
ORD15837,C1314,2025-03-23,Downtown,Espresso Drinks,Latte,1,4.2,Card,,4.2,March,Sunday
ORD15838,C1068,2025-12-27,University Ave,Espresso Drinks,Cappuccino,1,5.61,Gift Card,3.0,5.61,December,Saturday
ORD15839,C1169,2025-04-13,Downtown,Pastries,Muffin,1,2.73,Mobile Pay,5.0,2.73,April,Sunday
ORD15840,C1161,2025-06-22,University Ave,Espresso Drinks,Flat White,1,3.85,Mobile Pay,4.0,3.85,June,Sunday
ORD15841,C1294,2025-06-10,Downtown,Food,Avocado Toast,1,7.05,Card,,7.05,June,Tuesday
ORD15842,C1276,2025-07-10,Downtown,Espresso Drinks,Flat White,1,5.47,Mobile Pay,,5.47,July,Thursday
ORD15843,C1567,2025-04-08,Downtown,Food,Avocado Toast,1,7.79,Gift Card,3.0,7.79,April,Tuesday
ORD15844,C1630,2025-09-05,Riverside,Espresso Drinks,Americano,1,4.04,Cash,,4.04,September,Friday
ORD15845,C1062,2025-09-09,University Ave,Espresso Drinks,Americano,1,5.53,Card,,5.53,September,Tuesday
ORD15846,C1412,2025-03-15,Downtown,Espresso Drinks,Latte,1,5.36,Cash,,5.36,March,Saturday
ORD15847,C1491,2025-06-25,Downtown,Espresso Drinks,Cappuccino,3,4.99,Card,,14.97,June,Wednesday
ORD15848,C1489,2025-01-21,Riverside,Espresso Drinks,Latte,1,5.56,Card,2.0,5.56,January,Tuesday
ORD15849,C1645,2025-03-22,Downtown,Pastries,Muffin,2,3.19,Card,,6.38,March,Saturday
ORD15850,C1336,2025-12-26,University Ave,Espresso Drinks,Espresso Shot,2,4.53,Card,4.0,9.06,December,Friday
ORD15851,C1643,2025-07-04,Riverside,Pastries,Croissant,3,2.77,Mobile Pay,,8.31,July,Friday
ORD15852,C1165,2025-08-15,Downtown,Espresso Drinks,Flat White,1,3.98,Mobile Pay,,3.98,August,Friday
ORD15853,C1470,2025-11-20,University Ave,Espresso Drinks,Cappuccino,1,4.09,Mobile Pay,,4.09,November,Thursday
ORD15854,C1439,2025-09-17,Downtown,Brewed Coffee,Drip Coffee,1,3.38,Mobile Pay,4.0,3.38,September,Wednesday
ORD15855,C1143,2025-10-16,Downtown,Brewed Coffee,Pour Over,3,2.98,Mobile Pay,2.0,8.94,October,Thursday
ORD15856,C1152,2025-09-17,Riverside,Espresso Drinks,Cappuccino,1,5.14,Mobile Pay,,5.14,September,Wednesday
ORD15857,C1535,2025-07-01,University Ave,Tea,Herbal Tea,1,4.3,Cash,,4.3,July,Tuesday
ORD15858,C1640,2025-08-19,Downtown,Pastries,Cinnamon Roll,1,2.96,Card,,2.96,August,Tuesday
ORD15859,C1201,2025-04-16,Riverside,Pastries,Scone,1,3.2,Card,5.0,3.2,April,Wednesday
ORD15860,C1549,2025-11-21,Riverside,Tea,Chai Latte,2,4.6,Card,4.0,9.2,November,Friday
ORD15861,C1463,2025-03-07,Riverside,Food,Bagel,1,8.18,Card,2.0,8.18,March,Friday
ORD15862,C1430,2025-11-18,Riverside,Brewed Coffee,Pour Over,1,4.16,Card,,4.16,November,Tuesday
ORD15863,C1303,2025-11-16,University Ave,Espresso Drinks,Cappuccino,1,5.48,Cash,5.0,5.48,November,Sunday
ORD15864,C1376,2025-02-21,University Ave,Espresso Drinks,Cappuccino,2,5.62,Gift Card,,11.24,February,Friday
ORD15865,C1529,2025-09-16,University Ave,Espresso Drinks,Flat White,3,5.21,Cash,4.0,15.63,September,Tuesday
ORD15866,C1254,2025-12-27,Riverside,Food,Avocado Toast,3,8.37,Mobile Pay,5.0,25.11,December,Saturday
ORD15867,C1294,2025-07-28,Downtown,Espresso Drinks,Flat White,1,4.63,Card,,4.63,July,Monday
ORD15868,C1141,2025-05-04,Riverside,Food,Breakfast Sandwich,1,7.12,Card,,7.12,May,Sunday
ORD15869,C1642,2025-11-17,University Ave,Pastries,Croissant,2,2.77,Mobile Pay,,5.54,November,Monday
ORD15870,C1212,2025-07-06,University Ave,Espresso Drinks,Espresso Shot,2,3.95,Card,,7.9,July,Sunday
ORD15871,C1571,2025-02-14,University Ave,Espresso Drinks,Cappuccino,1,4.24,Mobile Pay,5.0,4.24,February,Friday
ORD15872,C1606,2025-04-01,University Ave,Espresso Drinks,Espresso Shot,1,5.28,Card,,5.28,April,Tuesday
ORD15873,C1320,2025-09-06,Riverside,Espresso Drinks,Cappuccino,1,4.11,Card,4.0,4.11,September,Saturday
ORD15874,C1562,2025-06-15,Riverside,Pastries,Scone,3,2.57,Mobile Pay,,7.71,June,Sunday
ORD15875,C1200,2025-03-20,Downtown,Espresso Drinks,Americano,1,4.03,Cash,5.0,4.03,March,Thursday
ORD15876,C1175,2025-10-18,Downtown,Brewed Coffee,Cold Brew,3,3.24,Gift Card,2.0,9.72,October,Saturday
ORD15877,C1408,2025-02-13,University Ave,Espresso Drinks,Flat White,1,4.13,Mobile Pay,,4.13,February,Thursday
ORD15878,C1306,2025-03-21,Downtown,Brewed Coffee,Cold Brew,1,3.4,Cash,4.0,3.4,March,Friday
ORD15879,C1623,2025-06-19,Downtown,Brewed Coffee,Cold Brew,1,3.42,Card,,3.42,June,Thursday
ORD15880,C1099,2025-01-15,Riverside,Pastries,Muffin,2,3.4,Mobile Pay,4.0,6.8,January,Wednesday
ORD15881,C1254,2025-05-22,Riverside,Pastries,Scone,2,3.55,Card,4.0,7.1,May,Thursday
ORD15882,C1508,2025-11-28,Riverside,Brewed Coffee,Drip Coffee,2,4.09,Card,,8.18,November,Friday
ORD15883,C1331,2025-12-09,Downtown,Brewed Coffee,Cold Brew,1,3.93,Card,,3.93,December,Tuesday
ORD15884,C1537,2025-11-14,Riverside,Pastries,Scone,1,4.06,Cash,,4.06,November,Friday
ORD15885,C1353,2025-04-28,University Ave,Pastries,Cinnamon Roll,1,3.85,Card,,3.85,April,Monday
ORD15886,C1092,2025-01-24,University Ave,Food,Bagel,2,6.01,Mobile Pay,,12.02,January,Friday
ORD15887,C1419,2025-10-24,University Ave,Food,Breakfast Sandwich,1,7.62,Cash,4.0,7.62,October,Friday
ORD15888,C1336,2025-05-16,University Ave,Pastries,Croissant,1,4.04,Mobile Pay,,4.04,May,Friday
ORD15889,C1354,2025-09-30,Downtown,Espresso Drinks,Espresso Shot,1,4.4,Card,3.0,4.4,September,Tuesday
ORD15890,C1370,2025-02-13,Riverside,Food,Avocado Toast,3,7.58,Mobile Pay,2.0,22.74,February,Thursday
ORD15891,C1585,2025-09-01,Riverside,Tea,Green Tea,1,3.44,Mobile Pay,,3.44,September,Monday
ORD15892,C1026,2025-08-02,University Ave,Tea,Herbal Tea,2,3.5,Card,4.0,7.0,August,Saturday
ORD15893,C1281,2025-12-02,University Ave,Espresso Drinks,Cappuccino,2,4.22,Mobile Pay,,8.44,December,Tuesday
ORD15894,C1233,2025-02-07,Downtown,Espresso Drinks,Latte,2,5.74,Mobile Pay,,11.48,February,Friday
ORD15895,C1359,2025-05-29,University Ave,Tea,Herbal Tea,2,4.32,Card,,8.64,May,Thursday
ORD15896,C1300,2025-12-27,Downtown,Tea,Herbal Tea,1,4.01,Gift Card,4.0,4.01,December,Saturday
ORD15897,C1534,2025-05-22,Downtown,Espresso Drinks,Flat White,2,4.42,Gift Card,4.0,8.84,May,Thursday
ORD15898,C1077,2025-08-28,Riverside,Espresso Drinks,Cappuccino,1,5.03,Mobile Pay,3.0,5.03,August,Thursday
ORD15899,C1370,2025-02-28,Riverside,Espresso Drinks,Flat White,3,4.97,Cash,,14.91,February,Friday
ORD15900,C1234,2025-09-23,Downtown,Pastries,Scone,2,4.21,Gift Card,4.0,8.42,September,Tuesday
ORD15901,C1549,2025-04-11,Downtown,Espresso Drinks,Latte,3,4.26,Card,,12.78,April,Friday
ORD15902,C1526,2025-07-28,Downtown,Espresso Drinks,Americano,2,5.06,Card,,10.12,July,Monday
ORD15903,C1319,2025-11-17,University Ave,Espresso Drinks,Americano,3,4.64,Mobile Pay,,13.92,November,Monday
ORD15904,C1575,2025-08-29,Downtown,Pastries,Croissant,1,2.84,Card,,2.84,August,Friday
ORD15905,C1548,2025-06-22,University Ave,Tea,Green Tea,1,3.62,Card,,3.62,June,Sunday
ORD15906,C1437,2025-03-11,Downtown,Pastries,Muffin,1,3.45,Card,,3.45,March,Tuesday
ORD15907,C1214,2025-05-05,Downtown,Espresso Drinks,Latte,2,5.33,Mobile Pay,,10.66,May,Monday
ORD15908,C1631,2025-11-06,University Ave,Espresso Drinks,Americano,2,4.41,Card,,8.82,November,Thursday
ORD15909,C1263,2025-03-20,Downtown,Brewed Coffee,Pour Over,1,3.42,Card,,3.42,March,Thursday
ORD15910,C1350,2025-08-27,Downtown,Food,Bagel,1,7.5,Mobile Pay,,7.5,August,Wednesday
ORD15911,C1233,2025-06-26,Riverside,Espresso Drinks,Latte,1,4.19,Mobile Pay,4.0,4.19,June,Thursday
ORD15912,C1432,2025-04-27,Downtown,Espresso Drinks,Latte,2,4.44,Gift Card,,8.88,April,Sunday
ORD15913,C1310,2025-09-18,Downtown,Brewed Coffee,Cold Brew,1,3.29,Cash,,3.29,September,Thursday
ORD15914,C1568,2025-05-12,Riverside,Espresso Drinks,Americano,2,4.32,Cash,,8.64,May,Monday
ORD15915,C1366,2025-04-15,Riverside,Pastries,Croissant,1,2.81,Card,4.0,2.81,April,Tuesday
ORD15916,C1084,2025-07-12,Downtown,Food,Bagel,2,8.3,Mobile Pay,5.0,16.6,July,Saturday
ORD15917,C1013,2025-10-03,Riverside,Brewed Coffee,Drip Coffee,1,3.74,Mobile Pay,,3.74,October,Friday
ORD15918,C1627,2025-11-11,Downtown,Espresso Drinks,Latte,3,3.82,Card,,11.46,November,Tuesday
ORD15919,C1406,2025-08-18,University Ave,Brewed Coffee,Cold Brew,3,3.08,Mobile Pay,,9.24,August,Monday
ORD15920,C1527,2025-08-29,University Ave,Brewed Coffee,Pour Over,1,3.84,Card,,3.84,August,Friday
ORD15921,C1537,2025-10-14,Downtown,Food,Bagel,1,6.66,Mobile Pay,5.0,6.66,October,Tuesday
ORD15922,C1403,2025-04-09,University Ave,Pastries,Cinnamon Roll,1,3.56,Card,5.0,3.56,April,Wednesday
ORD15923,C1235,2025-04-02,Riverside,Espresso Drinks,Flat White,1,4.61,Card,,4.61,April,Wednesday
ORD15924,C1150,2025-06-26,Riverside,Food,Bagel,3,5.78,Card,,17.34,June,Thursday
ORD15925,C1422,2025-08-18,Downtown,Food,Breakfast Sandwich,2,7.16,Card,,14.32,August,Monday
ORD15926,C1114,2025-08-24,Riverside,Pastries,Cinnamon Roll,1,4.5,Mobile Pay,3.0,4.5,August,Sunday
ORD15927,C1345,2025-02-25,Downtown,Brewed Coffee,Drip Coffee,1,3.32,Card,,3.32,February,Tuesday
ORD15928,C1380,2025-10-12,University Ave,Pastries,Muffin,2,2.57,Card,5.0,5.14,October,Sunday
ORD15929,C1620,2025-05-13,Downtown,Espresso Drinks,Latte,1,3.86,Card,3.0,3.86,May,Tuesday
ORD15930,C1596,2025-11-16,Riverside,Tea,Chai Latte,1,4.42,Card,4.0,4.42,November,Sunday
ORD15931,C1208,2025-09-21,Riverside,Brewed Coffee,Drip Coffee,2,3.59,Cash,1.0,7.18,September,Sunday
ORD15932,C1126,2025-12-24,University Ave,Brewed Coffee,Cold Brew,1,4.2,Mobile Pay,,4.2,December,Wednesday
ORD15933,C1095,2025-08-18,Riverside,Espresso Drinks,Cappuccino,1,4.91,Card,5.0,4.91,August,Monday
ORD15934,C1523,2025-07-12,Downtown,Pastries,Muffin,1,4.16,Card,,4.16,July,Saturday
ORD15935,C1055,2025-03-10,Downtown,Tea,Herbal Tea,2,4.1,Mobile Pay,5.0,8.2,March,Monday
ORD15936,C1162,2025-05-26,Downtown,Pastries,Muffin,1,4.05,Mobile Pay,,4.05,May,Monday
ORD15937,C1137,2025-11-09,Downtown,Espresso Drinks,Latte,2,5.13,Mobile Pay,3.0,10.26,November,Sunday
ORD15938,C1229,2025-05-20,University Ave,Espresso Drinks,Latte,3,5.28,Card,5.0,15.84,May,Tuesday
ORD15939,C1123,2025-01-20,Riverside,Espresso Drinks,Flat White,3,5.75,Card,4.0,17.25,January,Monday
ORD15940,C1219,2025-03-31,Riverside,Espresso Drinks,Cappuccino,1,5.07,Mobile Pay,3.0,5.07,March,Monday
ORD15941,C1312,2025-08-05,Downtown,Espresso Drinks,Espresso Shot,2,5.23,Mobile Pay,1.0,10.46,August,Tuesday
ORD15942,C1166,2025-08-17,Riverside,Pastries,Croissant,1,3.74,Card,4.0,3.74,August,Sunday
ORD15943,C1301,2025-12-25,University Ave,Pastries,Cinnamon Roll,2,2.87,Cash,,5.74,December,Thursday
ORD15944,C1462,2025-12-06,Riverside,Tea,Chai Latte,3,3.75,Card,4.0,11.25,December,Saturday
ORD15945,C1377,2025-07-13,Downtown,Brewed Coffee,Pour Over,1,3.71,Mobile Pay,,3.71,July,Sunday
ORD15946,C1604,2025-07-21,Downtown,Brewed Coffee,Drip Coffee,1,3.0,Mobile Pay,5.0,3.0,July,Monday
ORD15947,C1016,2025-10-19,University Ave,Tea,Chai Latte,2,4.47,Mobile Pay,,8.94,October,Sunday
ORD15948,C1571,2025-01-18,University Ave,Espresso Drinks,Flat White,1,5.53,Mobile Pay,5.0,5.53,January,Saturday
ORD15949,C1338,2025-08-05,University Ave,Tea,Herbal Tea,1,4.26,Mobile Pay,,4.26,August,Tuesday
ORD15950,C1575,2025-06-22,University Ave,Food,Avocado Toast,1,6.24,Gift Card,,6.24,June,Sunday
ORD15951,C1463,2025-10-13,Downtown,Espresso Drinks,Espresso Shot,2,5.08,Card,,10.16,October,Monday
ORD15952,C1478,2025-10-19,Riverside,Espresso Drinks,Latte,1,4.42,Mobile Pay,,4.42,October,Sunday
ORD15953,C1608,2025-08-27,Downtown,Espresso Drinks,Latte,2,4.62,Mobile Pay,,9.24,August,Wednesday
ORD15954,C1251,2025-08-28,Downtown,Food,Breakfast Sandwich,1,7.75,Card,,7.75,August,Thursday
ORD15955,C1598,2025-09-09,Downtown,Brewed Coffee,Drip Coffee,3,3.63,Card,4.0,10.89,September,Tuesday
ORD15956,C1189,2025-07-31,Downtown,Pastries,Muffin,2,4.16,Card,4.0,8.32,July,Thursday
ORD15957,C1424,2025-03-24,University Ave,Food,Avocado Toast,1,6.83,Card,,6.83,March,Monday
ORD15958,C1417,2025-04-14,Downtown,Pastries,Cinnamon Roll,3,2.55,Cash,,7.65,April,Monday
ORD15959,C1021,2025-09-28,Downtown,Espresso Drinks,Latte,1,4.13,Card,4.0,4.13,September,Sunday
ORD15960,C1158,2025-08-14,Downtown,Espresso Drinks,Americano,1,5.24,Card,4.0,5.24,August,Thursday
ORD15961,C1350,2025-03-28,Riverside,Espresso Drinks,Flat White,3,4.16,Mobile Pay,,12.48,March,Friday
ORD15962,C1391,2025-11-16,Riverside,Brewed Coffee,Pour Over,1,3.22,Mobile Pay,,3.22,November,Sunday
ORD15963,C1448,2025-12-23,University Ave,Espresso Drinks,Flat White,1,4.87,Mobile Pay,,4.87,December,Tuesday
ORD15964,C1405,2025-08-16,University Ave,Espresso Drinks,Flat White,1,4.06,Cash,,4.06,August,Saturday
ORD15965,C1306,2025-03-24,Downtown,Espresso Drinks,Espresso Shot,3,3.96,Card,,11.88,March,Monday
ORD15966,C1060,2025-12-08,Riverside,Espresso Drinks,Flat White,1,5.11,Mobile Pay,,5.11,December,Monday
ORD15967,C1082,2025-03-28,Downtown,Food,Bagel,2,5.88,Card,,11.76,March,Friday
ORD15968,C1211,2025-06-07,Riverside,Pastries,Cinnamon Roll,1,4.38,Card,5.0,4.38,June,Saturday
ORD15969,C1594,2025-11-09,Riverside,Brewed Coffee,Cold Brew,1,4.13,Card,5.0,4.13,November,Sunday
ORD15970,C1130,2025-07-09,University Ave,Espresso Drinks,Espresso Shot,2,4.8,Card,,9.6,July,Wednesday
ORD15971,C1303,2025-03-30,Downtown,Brewed Coffee,Pour Over,3,3.6,Mobile Pay,,10.8,March,Sunday
ORD15972,C1520,2025-01-30,University Ave,Espresso Drinks,Latte,1,4.26,Mobile Pay,,4.26,January,Thursday
ORD15973,C1316,2025-05-12,University Ave,Espresso Drinks,Americano,1,5.01,Card,,5.01,May,Monday
ORD15974,C1472,2025-09-02,Riverside,Pastries,Scone,1,3.14,Card,4.0,3.14,September,Tuesday
ORD15975,C1031,2025-09-18,Downtown,Brewed Coffee,Drip Coffee,1,3.56,Mobile Pay,4.0,3.56,September,Thursday
ORD15976,C1263,2025-03-23,Downtown,Espresso Drinks,Latte,2,4.49,Cash,3.0,8.98,March,Sunday
ORD15977,C1487,2025-02-27,Downtown,Food,Avocado Toast,2,8.18,Card,,16.36,February,Thursday
ORD15979,C1075,2025-02-27,Downtown,Tea,Green Tea,3,4.66,Card,5.0,13.98,February,Thursday
ORD15980,C1096,2025-01-24,Riverside,Espresso Drinks,Latte,1,3.87,Gift Card,,3.87,January,Friday
ORD15981,C1086,2025-06-27,University Ave,Tea,Herbal Tea,1,3.6,Mobile Pay,,3.6,June,Friday
ORD15982,C1366,2025-07-27,Riverside,Pastries,Cinnamon Roll,2,3.24,Gift Card,,6.48,July,Sunday
ORD15983,C1295,2025-03-30,University Ave,Espresso Drinks,Flat White,3,5.34,Card,,16.02,March,Sunday
ORD15984,C1499,2025-03-18,Downtown,Espresso Drinks,Latte,1,4.75,Card,5.0,4.75,March,Tuesday
ORD15985,C1238,2025-03-27,Downtown,Food,Bagel,1,7.23,Gift Card,,7.23,March,Thursday
ORD15986,C1511,2025-05-05,Downtown,Tea,Chai Latte,3,3.6,Mobile Pay,,10.8,May,Monday
ORD15987,C1204,2025-01-04,Riverside,Brewed Coffee,Pour Over,3,2.79,Card,,8.37,January,Saturday
ORD15988,C1084,2025-01-05,Downtown,Espresso Drinks,Espresso Shot,1,5.16,Card,,5.16,January,Sunday
ORD15989,C1043,2025-05-15,Downtown,Espresso Drinks,Flat White,1,5.43,Cash,,5.43,May,Thursday
ORD15990,C1019,2025-01-08,University Ave,Tea,Green Tea,2,3.69,Mobile Pay,3.0,7.38,January,Wednesday
ORD15991,C1318,2025-04-26,University Ave,Pastries,Croissant,2,2.76,Card,5.0,5.52,April,Saturday
ORD15992,C1004,2025-07-31,University Ave,Pastries,Croissant,1,4.46,Mobile Pay,,4.46,July,Thursday
ORD15993,C1522,2025-01-12,Downtown,Brewed Coffee,Pour Over,1,2.85,Card,,2.85,January,Sunday
ORD15994,C1050,2025-08-13,Downtown,Espresso Drinks,Latte,1,4.16,Card,4.0,4.16,August,Wednesday
ORD15995,C1032,2025-08-15,Downtown,Espresso Drinks,Espresso Shot,2,4.1,Card,4.0,8.2,August,Friday
ORD15996,C1006,2025-07-28,Riverside,Brewed Coffee,Drip Coffee,1,3.92,Card,,3.92,July,Monday
ORD15997,C1054,2025-08-17,Downtown,Espresso Drinks,Cappuccino,1,4.57,Mobile Pay,3.0,4.57,August,Sunday
ORD15998,C1536,2025-10-22,Riverside,Pastries,Muffin,2,3.83,Card,5.0,7.66,October,Wednesday
ORD15999,C1150,2025-01-26,Downtown,Espresso Drinks,Espresso Shot,2,3.76,Card,,7.52,January,Sunday
