order_id,customer_id,order_date,store_location,category,item,quantity,unit_price,payment_method,satisfaction_rating
ORD10000,C1109,2025-02-17,University Ave,Tea,Chai Latte,1,4.47,Card,
ORD10001,C1267,2025-09-24,Downtown,Espresso Drinks,Latte,1,5.02,Cash,4.0
ORD10002,C1318,2025-01-09,Riverside,Espresso Drinks,Cappuccino,3,4.69,Mobile Pay,
ORD10003,C1109,2025-05-15,Downtown,Brewed Coffee,Cold Brew,2,3.8,Card,4.0
ORD10004,C1490,2025-12-20,Downtown,Brewed Coffee,Drip Coffee,2,3.41,Mobile Pay,3.0
ORD10005,C1316,2025-03-05,Riverside,Brewed Coffee,Cold Brew,1,2.79,Mobile Pay,3.0
ORD10006,C1153,2025-05-18,University Ave,Espresso Drinks,Latte,2,5.28,Card,5.0
ORD10007,C1574,2025-03-21,Downtown,Pastries,Cinnamon Roll,1,3.62,Cash,
ORD10008,C1036,2025-09-23,Riverside,Tea,Green Tea,2,3.7,Mobile Pay,3.0
ORD10009,C1036,2025-06-18,Downtown,Espresso Drinks,Cappuccino,2,4.34,Card,
ORD10010,C1308,2025-08-04,Downtown,Pastries,Croissant,3,4.37,Cash,
ORD10011,C1113,2025-12-10,University Ave,Espresso Drinks,Flat White,1,5.27,Mobile Pay,3.0
ORD10012,C1394,2025-07-09,University Ave,Brewed Coffee,Pour Over,2,3.67,Card,
ORD10013,C1191,2025-09-25,University Ave,Espresso Drinks,Americano,2,5.26,Mobile Pay,
ORD10014,C1264,2025-02-05,Riverside,Espresso Drinks,Americano,1,4.86,Cash,5.0
ORD10015,C1280,2025-03-20,Downtown,Espresso Drinks,Espresso Shot,1,4.71,Card,4.0
ORD10016,C1463,2025-12-11, Riverside ,Espresso Drinks,Espresso Shot,2,4.41,Card,3.0
ORD10017,C1604,2025-11-09, Downtown ,Brewed Coffee,Cold Brew,1,2.76,Card,5.0
ORD10018,C1315,2025-08-28,Downtown,Brewed Coffee,Pour Over,2,3.3,Mobile Pay,3.0
ORD10019,C1421,2025-05-18,University Ave,Espresso Drinks,Espresso Shot,1,3.85,Mobile Pay,
ORD10020,C1382,2025-03-14,Riverside,Espresso Drinks,Latte,1,3.8,Mobile Pay,
ORD10021,C1563,2025-11-07,Riverside,Food,Breakfast Sandwich,3,6.27,Card,
ORD10022,C1193,2025-10-13,Downtown,Espresso Drinks,Americano,3,5.61,Gift Card,5.0
ORD10023,C1033,2025-03-29,Downtown,Brewed Coffee,Drip Coffee,1,3.19,Card,
ORD10024,C1278,2025-08-03,Riverside,Espresso Drinks,Americano,1,4.14,Card,4.0
ORD10025,C1002,2025-08-14,Riverside,Espresso Drinks,Cappuccino,1,4.63,Card,
ORD10026,C1560,2025-06-23,Riverside,Espresso Drinks,Espresso Shot,2,5.39,Mobile Pay,4.0
ORD10027,C1066,2025-12-04,Riverside,Brewed Coffee,Pour Over,1,3.73,Card,
ORD10028,C1475,2025-02-15,University Ave,Food,Breakfast Sandwich,1,6.65,Mobile Pay,2.0
ORD10029,C1318,2025-04-04,Riverside,Espresso Drinks,Americano,2,5.67,Card,4.0
ORD10030,C1394,2025-02-04,Downtown,Tea,Green Tea,2,4.25,Gift Card,
ORD10031,C1215,2025-09-10,Downtown,Espresso Drinks,Espresso Shot,2,4.98,Gift Card,
ORD10032,C1625,2025-08-23,Downtown,Brewed Coffee,Drip Coffee,3,3.71,Cash,
ORD10033,C1163,2025-12-26,Downtown,Espresso Drinks,Espresso Shot,2,5.48,Cash,
ORD10034,C1095,2025-07-17,University Ave,Pastries,Muffin,1,3.89,Cash,
ORD10035,C1160,2025-02-24,Downtown,Espresso Drinks,Espresso Shot,3,4.91,Mobile Pay,
ORD10036,C1309,2025-06-14, University Ave ,Tea,Herbal Tea,2,4.14,Cash,3.0
ORD10037,C1423,2025-02-02,Downtown,Espresso Drinks,Espresso Shot,3,5.52,Card,
ORD10038,C1318,2025-09-02,Downtown,Tea,Herbal Tea,1,4.33,Card,3.0
ORD10039,C1422,2025-09-03,University Ave,Espresso Drinks,Cappuccino,1,5.31,Mobile Pay,
ORD10040,C1536,2025-11-09,Riverside,Brewed Coffee,Pour Over,2,3.24,Card,
ORD10041,C1267,2025-05-04,Downtown,Brewed Coffee,Cold Brew,2,3.0,Mobile Pay,
ORD10042,C1385,2025-04-23,Riverside,Brewed Coffee,Drip Coffee,1,2.97,Cash,
ORD10043,C1020,2025-01-26,University Ave,Tea,Herbal Tea,3,4.15,Mobile Pay,
ORD10044,C1238,2025-06-01,Downtown,Pastries,Scone,1,4.12,Mobile Pay,5.0
ORD10045,C1132,2025-06-23,Downtown,Pastries,Muffin,1,3.65,Card,5.0
ORD10046,C1400,2025-10-02,Downtown,Tea,Green Tea,1,3.42,Card,4.0
ORD10047,C1124,2025-10-02,University Ave,Espresso Drinks,Flat White,2,3.94,Mobile Pay,
ORD10048,C1598,2025-02-21,Riverside,Brewed Coffee,Drip Coffee,2,2.75,Cash,5.0
ORD10049,C1649,2025-04-14,downtown,Brewed Coffee,Cold Brew,2,3.74,Card,5.0
ORD10050,C1202,2025-07-06, Downtown ,Espresso Drinks,Cappuccino,3,4.76,Card,
ORD10051,C1111,2025-05-02, University Ave ,Tea,Green Tea,1,3.74,Card,
ORD10052,C1287,2025-01-10,riverside,Brewed Coffee,Drip Coffee,1,3.76,Card,5.0
ORD10053,C1162,2025-11-04,University Ave,Espresso Drinks,Americano,3,4.79,Mobile Pay,
ORD10054,C1483,2025-09-24,University Ave,Brewed Coffee,Drip Coffee,1,3.58,Mobile Pay,
ORD10055,C1388,2025-07-09,Downtown,Espresso Drinks,Cappuccino,1,4.1,Mobile Pay,
ORD10056,C1168,2025-04-26,Downtown,Espresso Drinks,Flat White,1,5.62,Cash,
ORD10057,C1113,2025-11-03,Downtown,Brewed Coffee,Cold Brew,3,2.94,Mobile Pay,3.0
ORD10058,C1353,2025-01-13,Downtown,Pastries,Muffin,2,3.48,Card,4.0
ORD10059,C1465,2025-06-12, Riverside ,Espresso Drinks,Flat White,2,5.02,Mobile Pay,
ORD10060,C1188,2025-10-19,University Ave,Brewed Coffee,Pour Over,1,3.65,Mobile Pay,
ORD10061,C1361,2025-12-13,Riverside,Tea,Herbal Tea,1,4.16,Card,3.0
ORD10062,C1106,2025-04-02,Downtown,Tea,Green Tea,1,3.71,Card,
ORD10063,C1477,2025-08-25,Downtown,Tea,Green Tea,1,4.09,Cash,
ORD10064,C1173,2025-03-11,Downtown,Tea,Green Tea,2,4.58,Card,
ORD10065,C1052,2025-02-12,Downtown,Food,Bagel,2,7.09,Card,
ORD10066,C1645,2025-05-09,Downtown,Food,Bagel,1,7.15,Mobile Pay,5.0
ORD10067,C1427,2025-11-19,Downtown,Brewed Coffee,Drip Coffee,2,4.05,Card,
ORD10068,C1492,2025-09-08,Downtown,Pastries,Croissant,1,4.21,Card,
ORD10069,C1579,2025-06-28, University Ave ,Pastries,Scone,1,4.02,Card,5.0
ORD10070,C1290,2025-04-13,Downtown,Tea,Herbal Tea,2,4.28,Cash,5.0
ORD10071,C1501,2025-02-21,Downtown,Espresso Drinks,Espresso Shot,2,3.88,Mobile Pay,
ORD10072,C1268,2025-04-09,Downtown,Espresso Drinks,Flat White,2,5.11,Mobile Pay,5.0
ORD10073,C1576,2025-02-25,Downtown,Pastries,Croissant,2,2.64,Gift Card,5.0
ORD10074,C1032,2025-03-10,Downtown,Brewed Coffee,Pour Over,1,2.88,Card,
ORD10075,C1493,2025-09-08,Downtown,Food,Avocado Toast,2,7.35,Card,4.0
ORD10076,C1529,2025-02-18,University Ave,Espresso Drinks,Flat White,3,4.2,Card,5.0
ORD10077,C1342,2025-01-18,University Ave,Brewed Coffee,Drip Coffee,3,3.86,Card,4.0
ORD10078,C1075,2025-07-17,Downtown,Espresso Drinks,Espresso Shot,3,5.0,Card,3.0
ORD10079,C1501,2025-04-15,University Ave,Brewed Coffee,Cold Brew,2,3.81,Mobile Pay,
ORD10080,C1418,2025-06-15,Riverside,Brewed Coffee,Pour Over,2,3.05,Cash,4.0
ORD10081,C1515,2025-02-20,Downtown,Espresso Drinks,Americano,1,5.12,Card,
ORD10082,C1217,2025-03-18,Riverside,Espresso Drinks,Espresso Shot,3,4.78,Card,2.0
ORD10083,C1568,2025-06-10,Riverside,Food,Bagel,3,8.09,Card,
ORD10084,C1277,2025-09-09,University Ave,Tea,Chai Latte,2,4.15,Mobile Pay,3.0
ORD10085,C1333,2025-05-31,Downtown,Pastries,Muffin,2,3.08,Card,
ORD10086,C1072,2025-07-17,Riverside,Espresso Drinks,Americano,1,4.31,Mobile Pay,
ORD10087,C1463,2025-07-09,Downtown,Espresso Drinks,Espresso Shot,3,3.92,Card,4.0
ORD10088,C1193,2025-04-08,University Ave,Brewed Coffee,Drip Coffee,3,2.79,Cash,3.0
ORD10089,C1039,2025-04-12,Riverside,Espresso Drinks,Espresso Shot,1,5.67,Mobile Pay,4.0
ORD10090,C1573,2025-06-04,University Ave,Espresso Drinks,Espresso Shot,2,3.77,Cash,4.0
ORD10091,C1302,2025-01-12,University Ave,Espresso Drinks,Latte,3,4.25,Card,
ORD10092,C1413,2025-09-07,University Ave,Pastries,Scone,2,3.03,Mobile Pay,
ORD10093,C1386,2025-08-12,Riverside,Espresso Drinks,Cappuccino,1,4.67,Card,3.0
ORD10094,C1203,2025-04-22,Downtown,Espresso Drinks,Cappuccino,3,4.37,Mobile Pay,4.0
ORD10095,C1323,2025-05-17,Downtown,Espresso Drinks,Espresso Shot,2,5.74,Card,3.0
ORD10096,C1589,2025-04-30,Riverside,Pastries,Scone,2,3.26,Mobile Pay,
ORD10097,C1218,2025-08-26,Riverside,Food,Avocado Toast,3,8.08,Cash,
ORD10098,C1047,2025-10-04,Riverside,Espresso Drinks,Latte,2,4.75,Mobile Pay,4.0
ORD10099,C1039,2025-02-09,Downtown,Tea,Green Tea,1,4.48,Gift Card,5.0
ORD10100,C1476,2025-05-31,University Ave,Pastries,Croissant,1,2.85,Card,
ORD10101,C1566,2025-01-06,Downtown,Food,Avocado Toast,3,6.86,Card,4.0
ORD10102,C1533,2025-06-14,Riverside,Brewed Coffee,Pour Over,2,3.15,Cash,
ORD10103,C1255,2025-04-01,Downtown,Espresso Drinks,Flat White,1,4.89,Card,
ORD10104,C1539,2025-05-03, University Ave ,Brewed Coffee,Drip Coffee,2,2.95,Card,4.0
ORD10105,C1147,2025-06-16,Riverside,Tea,Green Tea,1,3.54,Card,
ORD10106,C1446,2025-04-28,Riverside,Espresso Drinks,Flat White,3,5.21,Gift Card,
ORD10107,C1226,2025-05-24,Downtown,Brewed Coffee,Drip Coffee,2,3.58,Card,5.0
ORD10108,C1153,2025-10-06,Downtown,Espresso Drinks,Flat White,3,3.92,Mobile Pay,
ORD10109,C1390,2025-10-22,Downtown,Pastries,Muffin,1,3.18,Card,
ORD10110,C1630,2025-01-03,Riverside,Espresso Drinks,Latte,1,5.03,Gift Card,
ORD10111,C1186,2025-05-18,Downtown,Brewed Coffee,Pour Over,1,2.89,Mobile Pay,
ORD10112,C1476,2025-11-05,University Ave,Pastries,Cinnamon Roll,1,2.69,Card,
ORD10113,C1468,2025-07-13,University Ave,Pastries,Croissant,2,3.8,Card,
ORD10114,C1005,2025-03-16,University Ave,Brewed Coffee,Pour Over,2,3.39,Card,
ORD10115,C1254,2025-08-05,Downtown,Brewed Coffee,Cold Brew,2,3.05,Mobile Pay,3.0
ORD10116,C1031,2025-02-22,Downtown,Espresso Drinks,Flat White,2,3.84,Gift Card,
ORD10117,C1315,2025-01-08,Riverside,Brewed Coffee,Cold Brew,1,3.77,Cash,
ORD10118,C1318,2025-08-19,Downtown,Tea,Herbal Tea,3,4.29,Card,
ORD10119,C1160,2025-07-07,Riverside,Espresso Drinks,Americano,2,3.98,Cash,
ORD10120,C1625,2025-10-03,Downtown,Espresso Drinks,Flat White,1,4.59,Card,
ORD10121,C1048,2025-05-06,University Ave,Espresso Drinks,Americano,1,5.63,Card,
ORD10122,C1203,2025-11-07,University Ave,Food,Avocado Toast,3,5.92,Card,4.0
ORD10123,C1423,2025-06-03,Riverside,Pastries,Croissant,1,3.42,Mobile Pay,
ORD10124,C1045,2025-09-26,Riverside,Espresso Drinks,Latte,2,5.25,Card,4.0
ORD10125,C1426,2025-02-06,Riverside,Brewed Coffee,Drip Coffee,3,4.09,Gift Card,
ORD10126,C1073,2025-02-05,University Ave,Tea,Herbal Tea,2,4.0,Mobile Pay,
ORD10127,C1181,2025-10-12,Riverside,Pastries,Croissant,1,4.4,Mobile Pay,
ORD10128,C1042,2025-10-31,Riverside,Brewed Coffee,Cold Brew,2,3.32,Card,4.0
ORD10129,C1390,2025-12-10,Riverside,Brewed Coffee,Drip Coffee,1,4.19,Card,
ORD10130,C1364,2025-04-29,Downtown,Pastries,Muffin,2,3.07,Gift Card,4.0
ORD10131,C1567,2025-01-09,Riverside,Pastries,Cinnamon Roll,2,3.05,Card,5.0
ORD10132,C1066,2025-12-23,Riverside,Espresso Drinks,Americano,1,4.79,Card,1.0
ORD10133,C1415,2025-08-07, riverside ,Food,Breakfast Sandwich,1,6.39,Cash,
ORD10134,C1533,2025-03-31,Riverside,Pastries,Muffin,1,3.05,Gift Card,
ORD10135,C1428,2025-10-06,Downtown,Tea,Herbal Tea,1,4.39,Mobile Pay,4.0
ORD10136,C1570,2025-11-26,Downtown,Espresso Drinks,Latte,1,4.14,Card,
ORD10137,C1341,2025-04-14,University Ave,Brewed Coffee,Cold Brew,3,2.99,Mobile Pay,
ORD10138,C1403,2025-10-08,Riverside,Pastries,Scone,1,3.43,Card,
ORD10139,C1052,2025-10-14,Downtown,Food,Avocado Toast,2,7.23,Mobile Pay,5.0
ORD10140,C1407,2025-07-02,University Ave,Espresso Drinks,Flat White,1,5.13,Card,
ORD10141,C1099,2025-08-19,Downtown,Tea,Herbal Tea,2,4.02,Mobile Pay,4.0
ORD10142,C1457,2025-04-09,Riverside,Pastries,Muffin,1,3.3,Gift Card,2.0
ORD10143,C1162,2025-12-05,Downtown,Espresso Drinks,Flat White,2,4.6,Cash,4.0
ORD10144,C1002,2025-12-24,University Ave,Espresso Drinks,Flat White,1,3.79,Card,4.0
ORD10145,C1428,2025-12-24,Downtown,Brewed Coffee,Drip Coffee,1,3.63,Cash,4.0
ORD10146,C1129,2025-09-26,University Ave,Espresso Drinks,Latte,2,4.9,Card,
ORD10147,C1382,2025-01-16, University Ave ,Tea,Herbal Tea,1,3.92,Card,5.0
ORD10148,C1122,2025-05-14,Downtown,Brewed Coffee,Drip Coffee,1,4.24,Card,
ORD10149,C1054,2025-06-11,Riverside,Brewed Coffee,Pour Over,2,3.12,Cash,
ORD10150,C1033,2025-12-16,Riverside,Espresso Drinks,Americano,1,4.23,Cash,
ORD10151,C1561,2025-07-19,University Ave,Espresso Drinks,Latte,1,4.46,Mobile Pay,
ORD10152,C1404,2025-07-15,university ave,Pastries,Scone,1,3.75,Mobile Pay,5.0
ORD10153,C1346,2025-02-23,University Ave,Pastries,Cinnamon Roll,2,3.01,Gift Card,4.0
ORD10154,C1213,2025-10-16,Downtown,Pastries,Scone,1,2.99,Card,
ORD10155,C1282,2025-05-03,Downtown,Espresso Drinks,Flat White,1,4.07,Card,
ORD10156,C1324,2025-02-03,Downtown,Brewed Coffee,Pour Over,1,2.94,Card,4.0
ORD10157,C1072,2025-12-26,Downtown,Espresso Drinks,Latte,1,3.78,Mobile Pay,3.0
ORD10158,C1395,2025-03-11,University Ave,Brewed Coffee,Drip Coffee,1,2.93,Card,4.0
ORD10159,C1515,2025-01-06,Downtown,Espresso Drinks,Espresso Shot,2,3.95,Mobile Pay,5.0
ORD10160,C1409,2025-01-29,Riverside,Brewed Coffee,Pour Over,3,4.19,Cash,
ORD10161,C1244,2025-06-14, University Ave ,Espresso Drinks,Espresso Shot,2,5.36,Card,
ORD10162,C1312,2025-02-07,Riverside,Espresso Drinks,Americano,1,5.53,Mobile Pay,4.0
ORD10163,C1283,2025-11-03,Downtown,Espresso Drinks,Latte,3,5.52,Cash,4.0
ORD10164,C1239,2025-07-06,Downtown,Espresso Drinks,Americano,1,5.19,Card,
ORD10165,C1080,2025-04-28,Riverside,Espresso Drinks,Americano,2,4.96,Mobile Pay,3.0
ORD10166,C1249,2025-01-02,University Ave,Pastries,Cinnamon Roll,2,3.34,Card,
ORD10167,C1406,2025-06-24,Downtown,Espresso Drinks,Latte,2,4.91,Card,5.0
ORD10168,C1091,2025-02-25,Riverside,Pastries,Croissant,1,2.52,Card,3.0
ORD10169,C1215,2025-12-23,Riverside,Brewed Coffee,Drip Coffee,2,3.16,Card,4.0
ORD10170,C1190,2025-04-16,Downtown,Espresso Drinks,Flat White,3,4.93,Cash,
ORD10171,C1028,2025-06-22,University Ave,Brewed Coffee,Drip Coffee,1,3.45,Card,
ORD10172,C1131,2025-01-07,Riverside,Brewed Coffee,Cold Brew,1,2.84,Mobile Pay,4.0
ORD10173,C1249,2025-02-17,University Ave,Espresso Drinks,Espresso Shot,1,5.18,Card,1.0
ORD10174,C1618,2025-03-17,Downtown,Tea,Chai Latte,1,4.41,Card,4.0
ORD10175,C1320,2025-01-19,Downtown,Espresso Drinks,Latte,1,3.96,Card,5.0
ORD10176,C1239,2025-09-22,University Ave,Brewed Coffee,Cold Brew,1,3.59,Mobile Pay,
ORD10177,C1021,2025-12-11,Riverside,Espresso Drinks,Espresso Shot,3,4.55,Cash,4.0
ORD10178,C1331,2025-12-25,Riverside,Espresso Drinks,Flat White,1,3.91,Gift Card,
ORD10179,C1390,2025-04-07,Riverside,Brewed Coffee,Drip Coffee,1,3.1,Card,5.0
ORD10180,C1240,2025-10-15,Downtown,Brewed Coffee,Drip Coffee,1,2.82,Mobile Pay,
ORD10181,C1230,2025-07-03,downtown,Espresso Drinks,Americano,2,3.8,Mobile Pay,
ORD10182,C1060,2025-01-17,University Ave,Food,Bagel,3,6.47,Card,
ORD10183,C1276,2025-02-03,Downtown,Espresso Drinks,Flat White,3,3.78,Mobile Pay,
ORD10184,C1046,2025-07-19,University Ave,Pastries,Muffin,2,3.71,Mobile Pay,4.0
ORD10185,C1525,2025-06-04,University Ave,Espresso Drinks,Latte,2,4.31,Mobile Pay,
ORD10186,C1144,2025-01-04,Downtown,Food,Breakfast Sandwich,1,7.59,Mobile Pay,4.0
ORD10187,C1200,2025-12-05,University Ave,Brewed Coffee,Cold Brew,1,3.81,Card,4.0
ORD10188,C1553,2025-09-23,Riverside,Pastries,Scone,3,3.76,Card,
ORD10189,C1578,2025-07-02,Riverside,Espresso Drinks,Cappuccino,3,4.46,Mobile Pay,
ORD10190,C1553,2025-12-26,Riverside,Brewed Coffee,Drip Coffee,2,3.12,Cash,
ORD10191,C1502,2025-12-20,University Ave,Pastries,Scone,3,3.13,Mobile Pay,
ORD10192,C1051,2025-12-21,Downtown,Espresso Drinks,Latte,1,5.56,Card,4.0
ORD10193,C1167,2025-04-05,University Ave,Pastries,Croissant,3,3.41,Card,
ORD10194,C1372,2025-11-17,Downtown,Food,Avocado Toast,2,5.58,Card,1.0
ORD10195,C1003,2025-07-03,university ave,Food,Bagel,1,6.25,Mobile Pay,5.0
ORD10196,C1526,2025-09-22,Downtown,Espresso Drinks,Latte,1,4.08,Cash,3.0
ORD10197,C1080,2025-11-09,Downtown,Espresso Drinks,Americano,1,5.67,Card,5.0
ORD10198,C1215,2025-03-01,Downtown,Brewed Coffee,Drip Coffee,1,4.04,Card,
ORD10199,C1081,2025-06-13,Downtown,Espresso Drinks,Cappuccino,1,5.37,Mobile Pay,
ORD10200,C1397,2025-02-16,Riverside,Pastries,Muffin,1,4.41,Cash,4.0
ORD10201,C1300,2025-04-12,Downtown,Tea,Herbal Tea,2,3.52,Mobile Pay,4.0
ORD10202,C1322,2025-05-31,Riverside,Espresso Drinks,Espresso Shot,2,4.42,Mobile Pay,
ORD10203,C1311,2025-11-08,Downtown,Espresso Drinks,Flat White,2,4.89,Mobile Pay,
ORD10204,C1505,2025-11-11,University Ave,Brewed Coffee,Pour Over,1,3.73,Cash,
ORD10205,C1448,2025-05-22,University Ave,Espresso Drinks,Flat White,1,5.45,Card,
ORD10206,C1300,2025-04-30,downtown,Espresso Drinks,Espresso Shot,1,4.06,Cash,4.0
ORD10207,C1462,2025-07-13,Downtown,Pastries,Muffin,2,4.5,Cash,4.0
ORD10208,C1245,2025-11-28,university ave,Espresso Drinks,Flat White,1,4.92,Card,4.0
ORD10209,C1107,2025-12-22,Downtown,Brewed Coffee,Cold Brew,1,3.57,Card,
ORD10210,C1573,2025-03-24,University Ave,Espresso Drinks,Flat White,1,4.62,Card,
ORD10211,C1168,2025-03-09,Downtown,Tea,Green Tea,2,3.99,Card,5.0
ORD10212,C1165,2025-09-15,Riverside,Espresso Drinks,Espresso Shot,1,3.76,Card,
ORD10213,C1223,2025-04-20,Riverside,Brewed Coffee,Pour Over,2,3.65,Mobile Pay,
ORD10214,C1121,2025-03-14,Downtown,Espresso Drinks,Latte,1,4.02,Card,5.0
ORD10215,C1340,2025-01-12,Downtown,Espresso Drinks,Espresso Shot,1,4.5,Mobile Pay,4.0
ORD10216,C1619,2025-05-27,Downtown,Pastries,Scone,2,2.89,Mobile Pay,
ORD10217,C1533,2025-05-23,riverside,Pastries,Muffin,2,4.32,Card,5.0
ORD10218,C1318,2025-07-24,Riverside,Espresso Drinks,Flat White,2,3.86,Cash,5.0
ORD10219,C1365,2025-03-14,Downtown,Espresso Drinks,Flat White,2,5.26,Mobile Pay,
ORD10220,C1470,2025-09-18,Downtown,Food,Breakfast Sandwich,1,6.61,Card,4.0
ORD10221,C1593,2025-09-05,Downtown,Tea,Green Tea,3,4.61,Mobile Pay,4.0
ORD10222,C1602,2025-06-18,Riverside,Brewed Coffee,Cold Brew,1,2.94,Card,3.0
ORD10223,C1047,2025-03-08,Downtown,Espresso Drinks,Flat White,3,5.69,Card,5.0
ORD10224,C1531,2025-07-04,Downtown,Food,Bagel,1,6.58,Mobile Pay,
ORD10225,C1278,2025-09-03,university ave,Tea,Herbal Tea,1,4.07,Card,
ORD10226,C1472,2025-05-16,Downtown,Brewed Coffee,Cold Brew,2,2.81,Mobile Pay,
ORD10227,C1171,2025-04-06,Riverside,Espresso Drinks,Latte,1,5.06,Card,
ORD10228,C1621,2025-07-04,University Ave,Food,Breakfast Sandwich,3,7.15,Card,
ORD10229,C1601,2025-05-10,University Ave,Brewed Coffee,Cold Brew,1,3.32,Cash,
ORD10230,C1504,2025-05-26,Downtown,Espresso Drinks,Latte,3,3.78,Card,
ORD10231,C1169,2025-05-07,University Ave,Pastries,Cinnamon Roll,2,3.58,Gift Card,2.0
ORD10232,C1588,2025-04-21,Downtown,Pastries,Scone,1,4.17,Cash,
ORD10233,C1479,2025-09-18,Downtown,Espresso Drinks,Americano,1,4.32,Card,3.0
ORD10234,C1649,2025-06-17,University Ave,Tea,Herbal Tea,2,3.9,Card,5.0
ORD10235,C1465,2025-06-19,University Ave,Pastries,Cinnamon Roll,2,3.78,Card,
ORD10236,C1348,2025-08-26,Downtown,Brewed Coffee,Drip Coffee,1,3.56,Mobile Pay,
ORD10237,C1392,2025-05-12,Riverside,Espresso Drinks,Americano,3,5.66,Mobile Pay,
ORD10238,C1642,2025-02-06,Downtown,Brewed Coffee,Pour Over,1,3.47,Mobile Pay,5.0
ORD10239,C1251,2025-11-07,Riverside,Pastries,Muffin,1,2.82,Gift Card,5.0
ORD10240,C1173,2025-01-21,Downtown,Food,Bagel,2,7.0,Mobile Pay,
ORD10241,C1483,2025-07-28,Riverside,Brewed Coffee,Cold Brew,2,4.02,Mobile Pay,
ORD10242,C1436,2025-04-07,Riverside,Brewed Coffee,Pour Over,1,3.29,Card,
ORD10243,C1565,2025-03-19,Downtown,Espresso Drinks,Americano,2,5.29,Card,
ORD10244,C1167,2025-01-16,University Ave,Brewed Coffee,Cold Brew,1,3.15,Gift Card,1.0
ORD10245,C1534,2025-11-24,downtown,Brewed Coffee,Drip Coffee,1,2.76,Card,3.0
ORD10246,C1569,2025-06-06,Downtown,Espresso Drinks,Flat White,2,5.54,Card,5.0
ORD10247,C1555,2025-05-05,Downtown,Tea,Chai Latte,3,4.67,Card,5.0
ORD10248,C1348,2025-09-27, downtown ,Espresso Drinks,Flat White,2,4.27,Card,
ORD10249,C1238,2025-01-15,University Ave,Tea,Chai Latte,1,4.48,Cash,
ORD10250,C1338,2025-07-25,Downtown,Tea,Herbal Tea,1,4.11,Mobile Pay,
ORD10251,C1648,2025-06-30,Downtown,Food,Avocado Toast,2,7.93,Card,3.0
ORD10252,C1118,2025-07-21,University Ave,Espresso Drinks,Espresso Shot,1,3.96,Cash,
ORD10253,C1482,2025-02-15,University Ave,Brewed Coffee,Cold Brew,2,3.62,Gift Card,2.0
ORD10254,C1316,2025-12-13,Downtown,Food,Avocado Toast,1,6.66,Card,4.0
ORD10255,C1212,2025-03-28,University Ave,Espresso Drinks,Americano,2,3.83,Card,1.0
ORD10256,C1505,2025-09-04,University Ave,Tea,Green Tea,2,4.41,Mobile Pay,5.0
ORD10257,C1607,2025-09-29,Downtown,Food,Avocado Toast,1,8.23,Gift Card,5.0
ORD10258,C1428,2025-05-06,Riverside,Pastries,Scone,2,3.25,Card,
ORD10259,C1015,2025-02-17,Downtown,Espresso Drinks,Cappuccino,1,4.92,Card,
ORD10260,C1644,2025-04-18,Riverside,Brewed Coffee,Cold Brew,2,3.44,Mobile Pay,
ORD10261,C1331,2025-10-21,Downtown,Espresso Drinks,Espresso Shot,1,4.83,Cash,
ORD10262,C1367,2025-11-26,University Ave,Brewed Coffee,Cold Brew,3,3.65,Card,
ORD10263,C1076,2025-12-08,University Ave,Brewed Coffee,Cold Brew,2,2.89,Cash,5.0
ORD10264,C1144,2025-03-24,Riverside,Brewed Coffee,Pour Over,3,3.97,Cash,
ORD10265,C1419,2025-08-09,University Ave,Espresso Drinks,Americano,1,4.45,Card,3.0
ORD10266,C1190,2025-02-24,Riverside,Espresso Drinks,Latte,1,5.13,Mobile Pay,
ORD10267,C1635,2025-09-16,Downtown,Pastries,Scone,1,3.51,Card,5.0
ORD10268,C1295,2025-06-01,University Ave,Brewed Coffee,Pour Over,3,3.5,Mobile Pay,
ORD10269,C1155,2025-09-17,University Ave,Espresso Drinks,Latte,1,4.14,Mobile Pay,4.0
ORD10270,C1449,2025-09-07,University Ave,Espresso Drinks,Cappuccino,2,4.93,Mobile Pay,3.0
ORD10271,C1086,2025-12-28,University Ave,Brewed Coffee,Pour Over,2,3.23,Cash,
ORD10272,C1261,2025-06-27,Downtown,Food,Bagel,1,6.28,Mobile Pay,4.0
ORD10273,C1445,2025-05-05,Downtown,Pastries,Muffin,1,3.05,Card,
ORD10274,C1028,2025-07-11,Riverside,Pastries,Scone,1,2.89,Cash,4.0
ORD10275,C1377,2025-03-01,Riverside,Espresso Drinks,Espresso Shot,1,4.75,Mobile Pay,3.0
ORD10276,C1557,2025-02-10,Downtown,Espresso Drinks,Latte,3,4.83,Gift Card,
ORD10277,C1054,2025-07-08,Downtown,Espresso Drinks,Espresso Shot,2,3.87,Mobile Pay,
ORD10278,C1298,2025-10-28,Downtown,Espresso Drinks,Flat White,3,5.06,Card,3.0
ORD10279,C1249,2025-07-14,University Ave,Tea,Green Tea,3,4.49,Gift Card,
ORD10280,C1452,2025-10-12,University Ave,Food,Avocado Toast,2,7.45,Card,4.0
ORD10281,C1637,2025-03-06,Riverside,Pastries,Croissant,1,3.89,Mobile Pay,
ORD10282,C1517,2025-06-13,Riverside,Espresso Drinks,Latte,1,4.21,Mobile Pay,
ORD10283,C1139,2025-08-12,Riverside,Espresso Drinks,Espresso Shot,3,4.58,Cash,
ORD10284,C1391,2025-05-07,Riverside,Espresso Drinks,Flat White,1,3.96,Mobile Pay,
ORD10285,C1166,2025-01-06,University Ave,Brewed Coffee,Cold Brew,3,2.81,Card,4.0
ORD10286,C1443,2025-01-27,University Ave,Food,Bagel,1,8.42,Mobile Pay,
ORD10287,C1587,2025-12-04,University Ave,Food,Bagel,2,8.09,Card,
ORD10288,C1222,2025-08-09,Riverside,Espresso Drinks,Latte,2,4.87,Mobile Pay,
ORD10289,C1618,2025-04-07,University Ave,Pastries,Croissant,2,3.22,Card,4.0
ORD10290,C1115,2025-04-05,Downtown,Tea,Herbal Tea,2,3.87,Card,4.0
ORD10291,C1126,2025-01-15,University Ave,Tea,Chai Latte,2,3.73,Card,
ORD10292,C1611,2025-12-10,University Ave,Espresso Drinks,Latte,1,5.43,Gift Card,
ORD10293,C1266,2025-02-09,Riverside,Brewed Coffee,Cold Brew,2,3.8,Card,4.0
ORD10294,C1368,2025-10-04,Riverside,Espresso Drinks,Flat White,1,5.26,Card,5.0
ORD10295,C1353,2025-03-29,Riverside,Brewed Coffee,Pour Over,1,4.23,Gift Card,5.0
ORD10296,C1392,2025-05-03,riverside,Espresso Drinks,Cappuccino,2,4.0,Card,
ORD10297,C1375,2025-04-10,Downtown,Espresso Drinks,Flat White,3,3.84,Gift Card,
ORD10298,C1477,2025-10-28,University Ave,Pastries,Croissant,1,3.7,Card,
ORD10299,C1454,2025-01-12,University Ave,Pastries,Cinnamon Roll,1,3.29,Card,2.0
ORD10300,C1604,2025-05-09,Downtown,Food,Bagel,1,7.45,Cash,4.0
ORD10301,C1231,2025-04-12,University Ave,Espresso Drinks,Latte,1,4.86,Card,
ORD10302,C1442,2025-04-10,riverside,Tea,Green Tea,3,3.39,Mobile Pay,5.0
ORD10303,C1166,2025-03-12, Riverside ,Food,Breakfast Sandwich,3,7.16,Card,
ORD10304,C1597,2025-11-29,Riverside,Pastries,Muffin,2,3.88,Mobile Pay,
ORD10305,C1634,2025-05-18,University Ave,Tea,Chai Latte,2,3.63,Card,
ORD10306,C1073,2025-06-02,Downtown,Brewed Coffee,Pour Over,1,3.75,Cash,
ORD10307,C1405,2025-05-21,Riverside,Espresso Drinks,Americano,1,4.16,Card,
ORD10308,C1465,2025-12-23,Downtown,Tea,Green Tea,1,4.25,Card,4.0
ORD10309,C1624,2025-05-04,Riverside,Brewed Coffee,Pour Over,2,3.93,Card,3.0
ORD10310,C1101,2025-05-05,University Ave,Tea,Chai Latte,1,4.16,Cash,
ORD10311,C1150,2025-04-30,Riverside,Espresso Drinks,Flat White,1,5.67,Card,
ORD10312,C1324,2025-04-30,Downtown,Brewed Coffee,Cold Brew,1,4.0,Card,4.0
ORD10313,C1089,2025-02-02,Riverside,Espresso Drinks,Latte,1,5.41,Card,4.0
ORD10314,C1533,2025-08-08,Riverside,Espresso Drinks,Cappuccino,1,5.2,Cash,
ORD10315,C1633,2025-01-10,Riverside,Tea,Green Tea,1,3.5,Card,
ORD10316,C1638,2025-03-24,University Ave,Brewed Coffee,Pour Over,2,3.37,Card,4.0
ORD10317,C1005,2025-03-15,Downtown,Espresso Drinks,Americano,1,5.25,Gift Card,5.0
ORD10318,C1194,2025-04-17,Downtown,Espresso Drinks,Cappuccino,3,4.84,Card,
ORD10319,C1133,2025-10-03,Downtown,Food,Avocado Toast,3,6.93,Card,3.0
ORD10320,C1623,2025-08-07,Riverside,Espresso Drinks,Latte,1,5.41,Mobile Pay,3.0
ORD10321,C1445,2025-12-27,Downtown,Pastries,Croissant,2,2.6,Cash,4.0
ORD10322,C1480,2025-05-08,Riverside,Pastries,Croissant,1,2.84,Mobile Pay,
ORD10323,C1438,2025-12-04,Riverside,Food,Bagel,1,7.15,Card,
ORD10324,C1165,2025-01-17,Riverside,Pastries,Scone,1,3.63,Card,
ORD10325,C1543,2025-07-03,Downtown,Food,Breakfast Sandwich,2,6.84,Mobile Pay,
ORD10326,C1002,2025-10-18,Riverside,Pastries,Scone,3,3.68,Gift Card,4.0
ORD10327,C1638,2025-07-13,Downtown,Pastries,Cinnamon Roll,3,3.77,Card,4.0
ORD10328,C1425,2025-12-06,University Ave,Espresso Drinks,Flat White,1,4.31,Mobile Pay,4.0
ORD10329,C1060,2025-04-25,Downtown,Food,Avocado Toast,2,7.79,Cash,
ORD10330,C1259,2025-01-13,University Ave,Espresso Drinks,Espresso Shot,2,4.37,Card,3.0
ORD10331,C1496,2025-10-09,Downtown,Pastries,Cinnamon Roll,3,2.9,Gift Card,5.0
ORD10332,C1352,2025-01-25, Riverside ,Food,Avocado Toast,1,6.67,Mobile Pay,
ORD10333,C1426,2025-10-06,Downtown,Brewed Coffee,Drip Coffee,2,2.79,Card,
ORD10334,C1524,2025-09-24,Downtown,Espresso Drinks,Flat White,2,4.85,Cash,4.0
ORD10335,C1537,2025-11-04,Downtown,Food,Bagel,1,8.24,Mobile Pay,
ORD10336,C1597,2025-06-24,University Ave,Espresso Drinks,Latte,3,5.11,Cash,
ORD10337,C1389,2025-11-22,Riverside,Brewed Coffee,Drip Coffee,3,3.59,Card,3.0
ORD10338,C1158,2025-03-03,University Ave,Brewed Coffee,Cold Brew,1,3.98,Mobile Pay,
ORD10339,C1088,2025-06-08,Downtown,Food,Breakfast Sandwich,2,6.27,Card,
ORD10340,C1186,2025-02-14,University Ave,Espresso Drinks,Cappuccino,2,5.24,Mobile Pay,4.0
ORD10341,C1327,2025-10-07,Riverside,Pastries,Cinnamon Roll,1,4.25,Card,4.0
ORD10342,C1112,2025-09-17,Downtown,Espresso Drinks,Cappuccino,2,4.66,Cash,
ORD10343,C1583,2025-10-21,University Ave,Brewed Coffee,Pour Over,1,3.68,Mobile Pay,
ORD10344,C1344,2025-10-06,Downtown,Espresso Drinks,Flat White,1,4.72,Card,
ORD10345,C1284,2025-04-23,University Ave,Tea,Herbal Tea,2,4.05,Gift Card,3.0
ORD10346,C1418,2025-01-25,Downtown,Pastries,Muffin,2,3.79,Card,3.0
ORD10347,C1169,2025-12-05,Riverside,Pastries,Cinnamon Roll,1,2.89,Card,
ORD10348,C1555,2025-06-29,University Ave,Brewed Coffee,Drip Coffee,2,3.53,Card,
ORD10349,C1562,2025-02-04,Downtown,Brewed Coffee,Drip Coffee,1,4.23,Card,3.0
ORD10350,C1084,2025-12-04,Riverside,Tea,Chai Latte,1,3.43,Card,
ORD10351,C1209,2025-12-28,Riverside,Brewed Coffee,Drip Coffee,1,4.24,Card,3.0
ORD10352,C1190,2025-06-12,University Ave,Espresso Drinks,Americano,1,5.72,Mobile Pay,4.0
ORD10353,C1227,2025-10-08,Riverside,Espresso Drinks,Cappuccino,2,5.3,Card,
ORD10354,C1058,2025-01-14,Riverside,Espresso Drinks,Flat White,1,3.82,Card,
ORD10355,C1007,2025-02-03,Downtown,Brewed Coffee,Cold Brew,1,3.47,Card,
ORD10356,C1399,2025-04-11,Downtown,Pastries,Scone,1,2.61,Card,4.0
ORD10357,C1465,2025-08-27,Riverside,Pastries,Muffin,2,3.22,Card,
ORD10358,C1013,2025-02-18,Downtown,Brewed Coffee,Cold Brew,3,3.56,Card,3.0
ORD10359,C1496,2025-01-13,Downtown,Pastries,Cinnamon Roll,2,4.06,Mobile Pay,
ORD10360,C1522,2025-09-01,University Ave,Espresso Drinks,Espresso Shot,3,4.29,Card,
ORD10361,C1154,2025-10-08,Riverside,Brewed Coffee,Pour Over,1,4.23,Gift Card,3.0
ORD10362,C1320,2025-09-27,Riverside,Espresso Drinks,Espresso Shot,2,5.35,Gift Card,
ORD10363,C1291,2025-10-18,Riverside,Espresso Drinks,Cappuccino,2,5.07,Card,4.0
ORD10364,C1375,2025-10-20,riverside,Brewed Coffee,Cold Brew,2,3.36,Card,4.0
ORD10365,C1390,2025-08-08,Riverside,Espresso Drinks,Latte,2,5.57,Gift Card,5.0
ORD10366,C1229,2025-07-09,University Ave,Pastries,Muffin,1,3.78,Cash,4.0
ORD10367,C1504,2025-11-08,Riverside,Food,Avocado Toast,1,7.2,Card,
ORD10368,C1368,2025-05-07,University Ave,Espresso Drinks,Espresso Shot,2,4.11,Mobile Pay,4.0
ORD10369,C1451,2025-02-05,Riverside,Pastries,Croissant,3,3.69,Card,5.0
ORD10370,C1007,2025-10-01,Downtown,Espresso Drinks,Flat White,2,4.52,Card,
ORD10371,C1139,2025-04-11,Downtown,Tea,Herbal Tea,2,4.41,Cash,3.0
ORD10372,C1392,2025-12-23,Riverside,Pastries,Croissant,1,2.81,Mobile Pay,4.0
ORD10373,C1609,2025-05-31,Downtown,Pastries,Croissant,2,2.74,Card,
ORD10374,C1566,2025-11-07,Downtown,Food,Breakfast Sandwich,1,7.94,Card,
ORD10375,C1509,2025-01-16,Downtown,Brewed Coffee,Drip Coffee,2,3.4,Cash,4.0
ORD10376,C1308,2025-08-28,University Ave,Espresso Drinks,Americano,1,4.63,Card,3.0
ORD10377,C1223,2025-06-13,Downtown,Espresso Drinks,Americano,3,5.37,Gift Card,
ORD10378,C1090,2025-06-18,Downtown,Pastries,Croissant,3,3.4,Card,
ORD10379,C1510,2025-04-07,Downtown,Food,Bagel,1,7.36,Card,
ORD10380,C1176,2025-12-20,Riverside,Espresso Drinks,Espresso Shot,1,4.76,Card,4.0
ORD10381,C1108,2025-05-23,Downtown,Espresso Drinks,Espresso Shot,1,3.81,Mobile Pay,3.0
ORD10382,C1613,2025-11-06,Riverside,Pastries,Cinnamon Roll,2,4.26,Card,
ORD10383,C1182,2025-06-04,Riverside,Food,Breakfast Sandwich,3,6.24,Mobile Pay,
ORD10384,C1430,2025-01-18,Riverside,Espresso Drinks,Latte,3,5.14,Card,5.0
ORD10385,C1356,2025-11-17,University Ave,Tea,Chai Latte,1,3.7,Mobile Pay,4.0
ORD10386,C1130,2025-03-09,University Ave,Pastries,Scone,3,3.3,Card,
ORD10387,C1015,2025-04-09,University Ave,Brewed Coffee,Pour Over,1,2.92,Card,
ORD10388,C1307,2025-11-10,Downtown,Food,Breakfast Sandwich,2,8.01,Cash,3.0
ORD10389,C1255,2025-11-22,University Ave,Espresso Drinks,Americano,3,5.46,Mobile Pay,
ORD10390,C1214,2025-11-30,Riverside,Espresso Drinks,Americano,2,4.39,Cash,3.0
ORD10391,C1140,2025-06-05,downtown,Espresso Drinks,Espresso Shot,1,4.47,Card,4.0
ORD10392,C1017,2025-10-03,Riverside,Tea,Green Tea,1,3.58,Card,1.0
ORD10393,C1351,2025-04-30,University Ave,Espresso Drinks,Flat White,2,4.71,Card,4.0
ORD10394,C1591,2025-09-27, University Ave ,Espresso Drinks,Cappuccino,2,4.7,Mobile Pay,4.0
ORD10395,C1323,2025-07-02,Riverside,Food,Bagel,3,7.33,Card,3.0
ORD10396,C1022,2025-01-19,University Ave,Brewed Coffee,Drip Coffee,1,3.79,Card,
ORD10397,C1381,2025-06-02,University Ave,Espresso Drinks,Latte,2,3.85,Card,
ORD10398,C1248,2025-06-20,Riverside,Food,Avocado Toast,2,6.72,Card,4.0
ORD10399,C1305,2025-04-04,Riverside,Brewed Coffee,Cold Brew,1,3.67,Card,3.0
ORD10400,C1270,2025-05-17,Downtown,Food,Breakfast Sandwich,3,6.78,Card,
ORD10401,C1648,2025-07-02,University Ave,Pastries,Croissant,3,3.82,Card,
ORD10402,C1413,2025-01-19,riverside,Espresso Drinks,Cappuccino,1,4.24,Card,
ORD10403,C1367,2025-02-25,downtown,Pastries,Cinnamon Roll,2,4.39,Card,
ORD10404,C1072,2025-10-07,University Ave,Food,Breakfast Sandwich,3,6.5,Mobile Pay,
ORD10405,C1645,2025-05-09, University Ave ,Food,Breakfast Sandwich,2,7.29,Cash,
ORD10406,C1158,2025-08-10,Downtown,Pastries,Muffin,1,2.56,Card,3.0
ORD10407,C1512,2025-07-25,Riverside,Espresso Drinks,Cappuccino,2,5.41,Cash,
ORD10408,C1232,2025-07-20,University Ave,Brewed Coffee,Cold Brew,2,2.92,Mobile Pay,
ORD10409,C1279,2025-05-31,University Ave,Food,Breakfast Sandwich,3,7.3,Card,4.0
ORD10410,C1116,2025-06-25,Downtown,Food,Breakfast Sandwich,2,5.81,Cash,2.0
ORD10411,C1617,2025-10-27,Downtown,Espresso Drinks,Flat White,1,5.48,Card,5.0
ORD10412,C1084,2025-12-18,Downtown,Pastries,Scone,3,3.43,Cash,
ORD10413,C1239,2025-04-04,Riverside,Espresso Drinks,Espresso Shot,2,4.26,Card,4.0
ORD10414,C1082,2025-09-01,University Ave,Espresso Drinks,Latte,1,5.11,Card,3.0
ORD10415,C1088,2025-12-19,Riverside,Espresso Drinks,Flat White,1,4.98,Mobile Pay,
ORD10416,C1117,2025-01-03,downtown,Pastries,Croissant,1,4.17,Card,4.0
ORD10417,C1130,2025-10-13,Riverside,Espresso Drinks,Espresso Shot,2,5.12,Card,
ORD10418,C1100,2025-06-30,Riverside,Brewed Coffee,Cold Brew,1,3.8,Cash,
ORD10419,C1495,2025-12-19,Riverside,Food,Avocado Toast,2,6.02,Card,
ORD10420,C1630,2025-07-30,University Ave,Brewed Coffee,Cold Brew,2,3.98,Cash,1.0
ORD10421,C1334,2025-11-02,Downtown,Pastries,Croissant,2,3.84,Mobile Pay,
ORD10422,C1423,2025-03-02,Riverside,Tea,Green Tea,2,4.22,Card,5.0
ORD10423,C1318,2025-02-21,University Ave,Brewed Coffee,Pour Over,1,3.54,Mobile Pay,
ORD10424,C1185,2025-12-04,University Ave,Espresso Drinks,Espresso Shot,1,5.13,Card,4.0
ORD10425,C1286,2025-07-11,Riverside,Espresso Drinks,Americano,2,4.79,Card,4.0
ORD10426,C1258,2025-07-23,Riverside,Brewed Coffee,Drip Coffee,1,4.16,Mobile Pay,
ORD10427,C1160,2025-03-03,Downtown,Espresso Drinks,Espresso Shot,2,5.7,Gift Card,
ORD10428,C1646,2025-03-24,Riverside,Brewed Coffee,Drip Coffee,2,2.9,Gift Card,
ORD10429,C1146,2025-10-25,University Ave,Espresso Drinks,Flat White,2,5.68,Card,3.0
ORD10430,C1053,2025-04-21,University Ave,Food,Avocado Toast,2,5.98,Card,
ORD10431,C1257,2025-08-01,University Ave,Espresso Drinks,Americano,2,5.02,Mobile Pay,
ORD10432,C1300,2025-04-26,Downtown,Tea,Herbal Tea,1,3.51,Card,
ORD10433,C1283,2025-04-06,Downtown,Food,Bagel,2,7.03,Card,4.0
ORD10434,C1070,2025-03-02,Riverside,Tea,Chai Latte,1,3.78,Mobile Pay,
ORD10435,C1625,2025-12-05,University Ave,Food,Breakfast Sandwich,1,7.6,Mobile Pay,
ORD10436,C1622,2025-12-09,Downtown,Tea,Herbal Tea,1,3.8,Mobile Pay,3.0
ORD10437,C1067,2025-02-11,Downtown,Espresso Drinks,Americano,2,5.06,Mobile Pay,
ORD10438,C1014,2025-05-09,Downtown,Pastries,Scone,2,2.74,Mobile Pay,
ORD10439,C1033,2025-07-25,Downtown,Pastries,Cinnamon Roll,2,4.05,Mobile Pay,
ORD10440,C1067,2025-05-20,Riverside,Brewed Coffee,Pour Over,1,3.27,Card,3.0
ORD10441,C1315,2025-09-20,Downtown,Espresso Drinks,Americano,3,4.76,Mobile Pay,3.0
ORD10442,C1277,2025-04-05,Downtown,Brewed Coffee,Drip Coffee,1,3.64,Gift Card,4.0
ORD10443,C1006,2025-01-22,University Ave,Pastries,Cinnamon Roll,1,4.08,Card,
ORD10444,C1215,2025-05-03,Downtown,Brewed Coffee,Cold Brew,2,3.19,Card,4.0
ORD10445,C1525,2025-08-06,Riverside,Brewed Coffee,Drip Coffee,2,3.44,Mobile Pay,4.0
ORD10446,C1285,2025-03-07,Riverside,Espresso Drinks,Flat White,2,4.54,Card,4.0
ORD10447,C1605,2025-10-24,University Ave,Food,Avocado Toast,3,7.1,Card,
ORD10448,C1105,2025-01-05,Riverside,Brewed Coffee,Cold Brew,1,2.79,Card,4.0
ORD10449,C1263,2025-01-25,University Ave,Espresso Drinks,Latte,1,4.65,Card,
ORD10450,C1159,2025-07-05,Downtown,Espresso Drinks,Americano,1,3.98,Mobile Pay,5.0
ORD10451,C1042,2025-07-06,University Ave,Tea,Green Tea,2,4.45,Card,
ORD10452,C1394,2025-04-18,Downtown,Pastries,Cinnamon Roll,3,4.11,Card,3.0
ORD10453,C1642,2025-04-05,University Ave,Espresso Drinks,Latte,1,5.74,Card,3.0
ORD10454,C1179,2025-01-26,Riverside,Brewed Coffee,Cold Brew,1,3.96,Cash,
ORD10455,C1374,2025-08-30,University Ave,Food,Avocado Toast,1,7.07,Card,
ORD10456,C1329,2025-05-18,Downtown,Pastries,Cinnamon Roll,3,3.8,Card,
ORD10457,C1189,2025-02-13,University Ave,Pastries,Muffin,2,3.81,Cash,
ORD10458,C1491,2025-05-26,Riverside,Espresso Drinks,Americano,1,5.03,Card,
ORD10459,C1336,2025-12-08,Downtown,Espresso Drinks,Americano,1,4.97,Card,3.0
ORD10460,C1115,2025-04-06,University Ave,Espresso Drinks,Espresso Shot,1,5.13,Card,3.0
ORD10461,C1564,2025-11-22,Downtown,Food,Avocado Toast,1,7.96,Cash,
ORD10462,C1453,2025-04-05,Downtown,Espresso Drinks,Americano,3,4.74,Mobile Pay,4.0
ORD10463,C1591,2025-03-09,University Ave,Espresso Drinks,Americano,1,4.69,Card,3.0
ORD10464,C1337,2025-04-05,Riverside,Pastries,Croissant,1,3.9,Card,
ORD10465,C1253,2025-04-28,Downtown,Tea,Chai Latte,2,3.48,Cash,
ORD10466,C1609,2025-02-13,Downtown,Pastries,Muffin,1,3.81,Card,
ORD10467,C1108,2025-08-02,University Ave,Pastries,Scone,1,3.79,Card,4.0
ORD10468,C1156,2025-05-02,University Ave,Espresso Drinks,Espresso Shot,1,4.9,Cash,3.0
ORD10469,C1594,2025-09-19,University Ave,Pastries,Muffin,3,3.5,Mobile Pay,
ORD10470,C1649,2025-06-28,Downtown,Pastries,Cinnamon Roll,1,3.15,Mobile Pay,
ORD10471,C1069,2025-06-11,Downtown,Food,Avocado Toast,1,8.42,Mobile Pay,
ORD10472,C1138,2025-06-21,Riverside,Espresso Drinks,Espresso Shot,2,4.75,Card,4.0
ORD10473,C1442,2025-02-26,Riverside,Food,Bagel,1,7.96,Card,3.0
ORD10474,C1129,2025-09-17,Downtown,Food,Avocado Toast,1,5.9,Card,
ORD10475,C1529,2025-02-07,Riverside,Brewed Coffee,Cold Brew,1,2.77,Card,
ORD10476,C1564,2025-09-20,Downtown,Food,Bagel,2,5.82,Card,
ORD10477,C1218,2025-12-30,Downtown,Food,Avocado Toast,2,6.52,Card,
ORD10478,C1319,2025-10-06,Downtown,Espresso Drinks,Cappuccino,1,4.64,Mobile Pay,4.0
ORD10479,C1231,2025-06-15,Downtown,Espresso Drinks,Espresso Shot,1,4.06,Mobile Pay,
ORD10480,C1014,2025-04-25,Downtown,Food,Breakfast Sandwich,3,6.01,Card,
ORD10481,C1067,2025-11-14,University Ave,Espresso Drinks,Latte,1,5.6,Mobile Pay,4.0
ORD10482,C1587,2025-04-04,University Ave,Food,Breakfast Sandwich,1,7.0,Mobile Pay,3.0
ORD10483,C1582,2025-06-25,Downtown,Brewed Coffee,Pour Over,2,4.19,Mobile Pay,
ORD10484,C1525,2025-10-08, Downtown ,Espresso Drinks,Flat White,3,5.22,Card,2.0
ORD10485,C1252,2025-12-02,university ave,Brewed Coffee,Drip Coffee,3,2.91,Cash,
ORD10486,C1448,2025-12-02,Riverside,Espresso Drinks,Espresso Shot,1,5.18,Mobile Pay,4.0
ORD10487,C1466,2025-02-01,Riverside,Pastries,Scone,1,2.8,Cash,3.0
ORD10488,C1488,2025-11-23,University Ave,Espresso Drinks,Latte,1,5.7,Card,
ORD10489,C1151,2025-02-11,University Ave,Pastries,Muffin,1,4.22,Card,5.0
ORD10490,C1085,2025-08-01,Riverside,Espresso Drinks,Americano,1,4.2,Card,5.0
ORD10491,C1048,2025-12-05,Downtown,Brewed Coffee,Pour Over,3,3.48,Mobile Pay,3.0
ORD10492,C1449,2025-08-27,Downtown,Espresso Drinks,Cappuccino,1,4.39,Card,
ORD10493,C1536,2025-12-11,Riverside,Brewed Coffee,Pour Over,3,3.26,Cash,
ORD10494,C1589,2025-05-06,Downtown,Brewed Coffee,Pour Over,1,2.91,Cash,
ORD10495,C1243,2025-04-25,Riverside,Espresso Drinks,Flat White,3,4.13,Card,3.0
ORD10496,C1384,2025-04-29,Riverside,Espresso Drinks,Flat White,1,3.84,Card,5.0
ORD10497,C1031,2025-05-10,Downtown,Espresso Drinks,Latte,1,3.75,Cash,3.0
ORD10498,C1582,2025-09-06,riverside,Brewed Coffee,Pour Over,2,3.52,Card,
ORD10499,C1456,2025-06-14,Downtown,Brewed Coffee,Drip Coffee,2,3.79,Cash,4.0
ORD10500,C1399,2025-09-26,Riverside,Pastries,Scone,1,3.22,Mobile Pay,
ORD10501,C1470,2025-06-01,Downtown,Pastries,Scone,1,3.3,Card,
ORD10502,C1495,2025-04-23,Downtown,Pastries,Muffin,3,4.08,Cash,
ORD10503,C1030,2025-03-11,Riverside,Espresso Drinks,Latte,3,4.57,Card,
ORD10504,C1544,2025-07-20,Riverside,Brewed Coffee,Drip Coffee,1,3.08,Card,
ORD10505,C1189,2025-11-24,Downtown,Pastries,Croissant,1,4.19,Gift Card,
ORD10506,C1214,2025-11-09,University Ave,Food,Breakfast Sandwich,1,6.54,Card,3.0
ORD10507,C1324,2025-04-03,University Ave,Brewed Coffee,Drip Coffee,2,3.12,Cash,3.0
ORD10508,C1087,2025-06-23,Downtown,Pastries,Scone,1,4.5,Cash,
ORD10509,C1085,2025-09-14,Riverside,Food,Breakfast Sandwich,1,6.15,Card,
ORD10510,C1252,2025-08-11, Downtown ,Food,Breakfast Sandwich,2,8.29,Mobile Pay,5.0
ORD10511,C1252,2025-01-25,Downtown,Pastries,Muffin,2,3.28,Mobile Pay,2.0
ORD10512,C1433,2025-08-04,University Ave,Espresso Drinks,Cappuccino,1,4.87,Mobile Pay,3.0
ORD10513,C1319,2025-01-15,Riverside,Pastries,Scone,2,2.94,Card,
ORD10514,C1037,2025-02-12,Downtown,Espresso Drinks,Flat White,2,4.24,Mobile Pay,
ORD10515,C1072,2025-08-26,Riverside,Tea,Herbal Tea,1,3.71,Card,
ORD10516,C1342,2025-02-07,University Ave,Brewed Coffee,Pour Over,1,3.41,Cash,5.0
ORD10517,C1369,2025-05-04,Downtown,Brewed Coffee,Pour Over,2,3.05,Card,
ORD10518,C1491,2025-08-03,Downtown,Brewed Coffee,Drip Coffee,1,3.46,Card,
ORD10519,C1201,2025-08-27,Riverside,Espresso Drinks,Flat White,2,4.72,Card,3.0
ORD10520,C1406,2025-06-12,Riverside,Espresso Drinks,Cappuccino,2,4.21,Card,5.0
ORD10521,C1647,2025-02-04,Riverside,Brewed Coffee,Pour Over,1,2.88,Cash,4.0
ORD10522,C1189,2025-10-18,Downtown,Pastries,Croissant,3,4.45,Card,4.0
ORD10523,C1342,2025-12-12,Downtown,Pastries,Croissant,1,2.97,Mobile Pay,4.0
ORD10524,C1178,2025-11-20,Downtown,Brewed Coffee,Cold Brew,1,4.09,Mobile Pay,
ORD10525,C1281,2025-09-30,Riverside,Espresso Drinks,Cappuccino,1,5.74,Card,5.0
ORD10526,C1507,2025-05-27,Downtown,Pastries,Cinnamon Roll,2,2.84,Mobile Pay,4.0
ORD10527,C1429,2025-11-15,Riverside,Espresso Drinks,Cappuccino,1,5.31,Cash,
ORD10528,C1454,2025-06-27,Riverside,Tea,Chai Latte,1,3.28,Card,5.0
ORD10529,C1618,2025-02-19, Riverside ,Espresso Drinks,Espresso Shot,2,5.14,Card,3.0
ORD10530,C1140,2025-11-06,Riverside,Food,Bagel,2,8.03,Mobile Pay,
ORD10531,C1601,2025-04-27,Riverside,Brewed Coffee,Pour Over,3,4.14,Card,
ORD10532,C1597,2025-12-08,university ave,Espresso Drinks,Flat White,3,5.37,Cash,
ORD10533,C1337,2025-05-15,University Ave,Brewed Coffee,Cold Brew,2,3.35,Card,
ORD10534,C1479,2025-11-13,University Ave,Brewed Coffee,Drip Coffee,1,3.4,Card,2.0
ORD10535,C1330,2025-07-15,Downtown,Pastries,Muffin,2,2.96,Card,5.0
ORD10536,C1144,2025-06-20,University Ave,Pastries,Scone,1,4.37,Mobile Pay,
ORD10537,C1514,2025-04-19,Downtown,Pastries,Croissant,1,3.85,Mobile Pay,
ORD10538,C1454,2025-11-01,university ave,Brewed Coffee,Cold Brew,3,3.11,Card,
ORD10539,C1322,2025-01-23,University Ave,Tea,Chai Latte,2,4.59,Mobile Pay,4.0
ORD10540,C1569,2025-06-20,University Ave,Tea,Herbal Tea,1,3.65,Card,4.0
ORD10541,C1208,2025-05-15,Downtown,Espresso Drinks,Flat White,1,5.15,Mobile Pay,5.0
ORD10542,C1140,2025-07-17,Downtown,Tea,Herbal Tea,2,3.4,Card,4.0
ORD10543,C1191,2025-04-03,University Ave,Brewed Coffee,Drip Coffee,1,2.9,Cash,4.0
ORD10544,C1621,2025-08-30,Riverside,Pastries,Scone,2,3.52,Card,4.0
ORD10545,C1567,2025-05-21,Downtown,Brewed Coffee,Drip Coffee,2,4.02,Mobile Pay,
ORD10546,C1007,2025-03-10,University Ave,Brewed Coffee,Cold Brew,2,4.0,Mobile Pay,
ORD10547,C1419,2025-03-13,Riverside,Pastries,Croissant,1,2.57,Gift Card,5.0
ORD10548,C1012,2025-09-11,Riverside,Pastries,Scone,1,4.47,Card,
ORD10549,C1582,2025-04-06,Downtown,Pastries,Scone,1,4.14,Mobile Pay,
ORD10550,C1207,2025-04-22,Riverside,Espresso Drinks,Flat White,1,4.28,Cash,
ORD10551,C1203,2025-08-17,University Ave,Food,Avocado Toast,1,6.38,Card,
ORD10552,C1377,2025-05-01,University Ave,Espresso Drinks,Flat White,1,4.6,Card,4.0
ORD10553,C1196,2025-05-22,Riverside,Brewed Coffee,Pour Over,2,3.12,Card,
ORD10554,C1543,2025-03-30,University Ave,Pastries,Croissant,3,2.87,Gift Card,4.0
ORD10555,C1339,2025-05-06,Downtown,Espresso Drinks,Latte,2,3.87,Card,5.0
ORD10556,C1429,2025-09-10,Riverside,Espresso Drinks,Cappuccino,1,3.95,Card,5.0
ORD10557,C1456,2025-07-14,Downtown,Espresso Drinks,Americano,1,4.31,Card,4.0
ORD10558,C1299,2025-12-30,Downtown,Pastries,Croissant,2,2.74,Mobile Pay,3.0
ORD10559,C1214,2025-10-08,Downtown,Pastries,Croissant,1,4.1,Card,
ORD10560,C1087,2025-01-07,Riverside,Food,Avocado Toast,1,6.67,Mobile Pay,
ORD10561,C1177,2025-05-18,Downtown,Brewed Coffee,Pour Over,1,2.83,Card,4.0
ORD10562,C1326,2025-04-16,University Ave,Brewed Coffee,Drip Coffee,1,3.25,Mobile Pay,4.0
ORD10563,C1151,2025-08-02,University Ave,Espresso Drinks,Latte,2,5.45,Cash,
ORD10564,C1130,2025-04-07,University Ave,Espresso Drinks,Espresso Shot,1,3.8,Card,
ORD10565,C1494,2025-12-18,Downtown,Tea,Green Tea,1,4.32,Mobile Pay,5.0
ORD10566,C1077,2025-04-19,Riverside,Tea,Herbal Tea,2,4.23,Card,
ORD10567,C1521,2025-07-10,Riverside,Food,Breakfast Sandwich,3,7.02,Card,
ORD10568,C1636,2025-02-14,Riverside,Espresso Drinks,Espresso Shot,1,5.07,Gift Card,5.0
ORD10569,C1597,2025-11-28,University Ave,Brewed Coffee,Drip Coffee,1,4.16,Gift Card,5.0
ORD10570,C1398,2025-11-28,Riverside,Food,Avocado Toast,1,5.9,Mobile Pay,5.0
ORD10571,C1141,2025-10-16,Riverside,Brewed Coffee,Drip Coffee,2,4.12,Card,
ORD10572,C1288,2025-05-08, Riverside ,Espresso Drinks,Americano,3,4.05,Gift Card,
ORD10573,C1176,2025-01-22,University Ave,Tea,Herbal Tea,2,4.52,Mobile Pay,
ORD10574,C1105,2025-09-16,University Ave,Espresso Drinks,Flat White,2,5.69,Card,5.0
ORD10575,C1571,2025-06-06,Riverside,Pastries,Cinnamon Roll,2,3.53,Card,3.0
ORD10576,C1375,2025-12-27,University Ave,Food,Avocado Toast,2,6.98,Gift Card,
ORD10577,C1498,2025-09-12,Downtown,Food,Bagel,2,7.16,Cash,5.0
ORD10578,C1192,2025-07-16,University Ave,Espresso Drinks,Cappuccino,3,5.36,Card,
ORD10579,C1397,2025-12-26,University Ave,Brewed Coffee,Cold Brew,1,3.07,Card,2.0
ORD10580,C1076,2025-10-19,Downtown,Espresso Drinks,Cappuccino,1,5.55,Card,4.0
ORD10581,C1224,2025-06-16,Downtown,Food,Avocado Toast,1,7.47,Mobile Pay,
ORD10582,C1414,2025-01-07,Downtown,Food,Bagel,1,6.21,Mobile Pay,
ORD10583,C1475,2025-02-03,Downtown,Pastries,Muffin,1,4.22,Mobile Pay,3.0
ORD10584,C1589,2025-06-11,Downtown,Pastries,Cinnamon Roll,1,3.54,Card,3.0
ORD10585,C1292,2025-07-24,Riverside,Espresso Drinks,Flat White,1,4.64,Card,5.0
ORD10586,C1319,2025-01-11,Downtown,Espresso Drinks,Cappuccino,1,5.33,Cash,5.0
ORD10587,C1055,2025-02-16,University Ave,Food,Avocado Toast,1,5.58,Card,3.0
ORD10588,C1334,2025-09-14,Downtown,Espresso Drinks,Latte,2,4.03,Card,5.0
ORD10589,C1448,2025-10-01,University Ave,Espresso Drinks,Cappuccino,1,4.13,Mobile Pay,
ORD10590,C1022,2025-01-11,Riverside,Pastries,Cinnamon Roll,2,3.66,Card,4.0
ORD10591,C1046,2025-07-04,University Ave,Tea,Chai Latte,1,4.55,Gift Card,
ORD10592,C1347,2025-01-30,Downtown,Brewed Coffee,Drip Coffee,2,3.64,Card,
ORD10593,C1076,2025-09-21,Downtown,Pastries,Croissant,1,2.83,Mobile Pay,4.0
ORD10594,C1631,2025-10-31,Riverside,Pastries,Croissant,2,4.27,Mobile Pay,4.0
ORD10595,C1203,2025-11-13,Downtown,Tea,Herbal Tea,1,3.62,Mobile Pay,4.0
ORD10596,C1160,2025-08-06,University Ave,Espresso Drinks,Latte,3,5.23,Card,4.0
ORD10597,C1536,2025-08-17,Downtown,Brewed Coffee,Cold Brew,2,3.44,Mobile Pay,
ORD10598,C1058,2025-12-04,Downtown,Espresso Drinks,Espresso Shot,2,3.85,Mobile Pay,4.0
ORD10599,C1308,2025-08-11,Riverside,Espresso Drinks,Espresso Shot,1,4.02,Card,
ORD10600,C1098,2025-06-12,Downtown,Espresso Drinks,Flat White,3,4.02,Mobile Pay,
ORD10601,C1229,2025-10-02,Downtown,Pastries,Cinnamon Roll,1,2.96,Card,
ORD10602,C1431,2025-08-04,Riverside,Pastries,Scone,3,3.5,Gift Card,4.0
ORD10603,C1474,2025-11-03,University Ave,Brewed Coffee,Cold Brew,1,2.77,Mobile Pay,
ORD10604,C1571,2025-07-10,Downtown,Espresso Drinks,Latte,1,5.13,Cash,
ORD10605,C1009,2025-11-13,Downtown,Pastries,Muffin,1,4.41,Card,
ORD10606,C1368,2025-01-17,Downtown,Brewed Coffee,Drip Coffee,2,3.67,Mobile Pay,
ORD10607,C1329,2025-01-14,University Ave,Espresso Drinks,Americano,1,5.68,Card,
ORD10608,C1547,2025-02-06,university ave,Espresso Drinks,Americano,2,5.4,Cash,
ORD10609,C1069,2025-07-22,University Ave,Tea,Green Tea,2,3.44,Card,5.0
ORD10610,C1081,2025-09-16,Riverside,Espresso Drinks,Cappuccino,1,4.13,Card,4.0
ORD10611,C1421,2025-03-20,Downtown,Espresso Drinks,Espresso Shot,1,4.66,Cash,4.0
ORD10612,C1289,2025-02-26,University Ave,Pastries,Croissant,3,3.33,Card,
ORD10613,C1372,2025-11-10,Downtown,Espresso Drinks,Latte,1,5.39,Mobile Pay,4.0
ORD10614,C1246,2025-10-01,Riverside,Espresso Drinks,Flat White,2,3.99,Card,5.0
ORD10615,C1423,2025-08-25,Downtown,Espresso Drinks,Americano,2,5.45,Mobile Pay,4.0
ORD10616,C1215,2025-06-27,Downtown,Espresso Drinks,Cappuccino,2,4.31,Mobile Pay,4.0
ORD10617,C1032,2025-06-02,University Ave,Espresso Drinks,Cappuccino,1,5.25,Card,
ORD10618,C1442,2025-01-08,Riverside,Espresso Drinks,Americano,2,5.22,Card,
ORD10619,C1567,2025-03-10,Downtown,Espresso Drinks,Cappuccino,1,3.8,Mobile Pay,3.0
ORD10620,C1247,2025-11-23, Riverside ,Espresso Drinks,Latte,2,5.66,Card,
ORD10621,C1337,2025-05-04,Downtown,Pastries,Cinnamon Roll,1,3.29,Mobile Pay,
ORD10622,C1517,2025-09-14,University Ave,Espresso Drinks,Espresso Shot,1,3.76,Mobile Pay,
ORD10623,C1316,2025-09-14,Downtown,Espresso Drinks,Americano,3,4.61,Cash,
ORD10624,C1336,2025-04-23,University Ave,Espresso Drinks,Flat White,1,5.29,Mobile Pay,
ORD10625,C1470,2025-03-16,Downtown,Brewed Coffee,Cold Brew,1,3.96,Cash,
ORD10626,C1512,2025-09-09,Riverside,Espresso Drinks,Espresso Shot,1,5.06,Mobile Pay,
ORD10627,C1179,2025-02-04,Downtown,Food,Breakfast Sandwich,2,6.07,Card,
ORD10628,C1474,2025-06-30,University Ave,Brewed Coffee,Cold Brew,2,4.24,Card,
ORD10629,C1385,2025-11-20,Downtown,Tea,Green Tea,2,3.75,Gift Card,4.0
ORD10630,C1376,2025-09-16,Downtown,Espresso Drinks,Cappuccino,2,4.22,Card,
ORD10631,C1274,2025-10-06,Riverside,Espresso Drinks,Latte,3,4.01,Mobile Pay,
ORD10632,C1518,2025-01-31,Downtown,Espresso Drinks,Latte,1,4.21,Card,
ORD10633,C1339,2025-03-14,Downtown,Pastries,Scone,1,3.1,Gift Card,
ORD10634,C1240,2025-04-11,Riverside,Brewed Coffee,Pour Over,1,3.48,Cash,5.0
ORD10635,C1148,2025-04-17,Riverside,Espresso Drinks,Latte,1,4.97,Card,4.0
ORD10636,C1375,2025-03-12,Riverside,Brewed Coffee,Cold Brew,1,3.65,Gift Card,4.0
ORD10637,C1365,2025-12-20,Downtown,Espresso Drinks,Flat White,1,5.19,Mobile Pay,
ORD10638,C1107,2025-03-02,Riverside,Pastries,Scone,1,3.51,Card,
ORD10639,C1003,2025-09-15,university ave,Food,Breakfast Sandwich,3,7.47,Card,4.0
ORD10640,C1118,2025-08-02,Downtown,Espresso Drinks,Latte,2,5.21,Cash,
ORD10641,C1549,2025-08-11,Riverside,Espresso Drinks,Espresso Shot,1,4.79,Card,
ORD10642,C1404,2025-03-20,University Ave,Pastries,Muffin,2,2.69,Mobile Pay,
ORD10643,C1201,2025-04-22,Downtown,Espresso Drinks,Espresso Shot,1,5.13,Gift Card,
ORD10644,C1146,2025-08-09,University Ave,Pastries,Cinnamon Roll,1,3.35,Card,
ORD10645,C1525,2025-04-19,University Ave,Espresso Drinks,Latte,1,4.37,Mobile Pay,3.0
ORD10646,C1495,2025-09-10,University Ave,Espresso Drinks,Espresso Shot,1,4.91,Gift Card,
ORD10647,C1194,2025-01-15,riverside,Pastries,Scone,1,3.18,Card,
ORD10648,C1575,2025-01-27,Downtown,Espresso Drinks,Latte,1,3.84,Card,3.0
ORD10649,C1616,2025-09-23,Downtown,Pastries,Croissant,1,2.85,Mobile Pay,
ORD10650,C1072,2025-08-13,Downtown,Espresso Drinks,Cappuccino,1,4.57,Mobile Pay,
ORD10651,C1496,2025-01-16,Downtown,Pastries,Scone,3,3.47,Mobile Pay,
ORD10652,C1592,2025-11-24,Riverside,Pastries,Croissant,1,3.07,Card,
ORD10653,C1211,2025-01-02,Downtown,Espresso Drinks,Flat White,1,4.91,Cash,3.0
ORD10654,C1502,2025-12-14,University Ave,Pastries,Croissant,3,4.04,Card,
ORD10655,C1412,2025-09-23,Downtown,Espresso Drinks,Cappuccino,1,5.53,Mobile Pay,
ORD10656,C1296,2025-12-26,University Ave,Pastries,Cinnamon Roll,3,4.07,Card,
ORD10657,C1523,2025-12-12,Riverside,Pastries,Muffin,1,2.58,Mobile Pay,3.0
ORD10658,C1525,2025-04-24,Riverside,Food,Bagel,2,5.53,Mobile Pay,
ORD10659,C1204,2025-10-03, Riverside ,Pastries,Cinnamon Roll,1,3.27,Card,
ORD10660,C1219,2025-03-18,Downtown,Espresso Drinks,Americano,1,4.99,Cash,5.0
ORD10661,C1464,2025-06-21,Downtown,Food,Bagel,2,7.72,Mobile Pay,4.0
ORD10662,C1618,2025-03-29,Downtown,Espresso Drinks,Espresso Shot,2,5.25,Card,3.0
ORD10663,C1254,2025-06-26,University Ave,Tea,Chai Latte,3,4.33,Card,
ORD10664,C1195,2025-11-14,Riverside,Espresso Drinks,Latte,2,4.8,Gift Card,4.0
ORD10665,C1280,2025-06-08,Riverside,Pastries,Croissant,1,2.86,Card,
ORD10666,C1265,2025-02-03,Riverside,Espresso Drinks,Latte,3,4.41,Card,
ORD10667,C1336,2025-04-29,Downtown,Brewed Coffee,Pour Over,1,3.53,Card,
ORD10668,C1189,2025-10-14,Downtown,Food,Breakfast Sandwich,3,5.93,Cash,
ORD10669,C1433,2025-07-09,Downtown,Pastries,Muffin,2,4.48,Card,
ORD10670,C1259,2025-07-23, University Ave ,Brewed Coffee,Pour Over,2,4.09,Gift Card,5.0
ORD10671,C1621,2025-06-06,Riverside,Espresso Drinks,Flat White,1,4.65,Cash,
ORD10672,C1365,2025-04-17,Riverside,Espresso Drinks,Cappuccino,1,5.29,Mobile Pay,4.0
ORD10673,C1406,2025-08-06,Riverside,Espresso Drinks,Espresso Shot,2,5.6,Card,
ORD10674,C1377,2025-08-19,Riverside,Espresso Drinks,Espresso Shot,1,4.63,Card,
ORD10675,C1058,2025-11-23, Downtown ,Pastries,Croissant,2,2.84,Card,3.0
ORD10676,C1597,2025-08-13,Downtown,Espresso Drinks,Espresso Shot,3,4.86,Card,5.0
ORD10677,C1028,2025-12-29,University Ave,Espresso Drinks,Latte,2,5.52,Mobile Pay,
ORD10678,C1517,2025-10-28,Downtown,Brewed Coffee,Drip Coffee,1,3.33,Card,
ORD10679,C1322,2025-01-29,Downtown,Tea,Chai Latte,2,3.41,Card,
ORD10680,C1450,2025-05-23,Downtown,Tea,Herbal Tea,3,3.36,Mobile Pay,
ORD10681,C1199,2025-05-21,University Ave,Food,Breakfast Sandwich,2,7.05,Card,
ORD10682,C1055,2025-01-02,University Ave,Brewed Coffee,Pour Over,2,3.99,Cash,
ORD10683,C1312,2025-03-07,downtown,Espresso Drinks,Latte,1,5.29,Cash,
ORD10684,C1417,2025-10-05,Downtown,Pastries,Scone,1,3.76,Mobile Pay,
ORD10685,C1464,2025-05-09,Downtown,Brewed Coffee,Pour Over,3,3.67,Mobile Pay,5.0
ORD10686,C1596,2025-02-23,Riverside,Food,Breakfast Sandwich,2,7.39,Mobile Pay,
ORD10687,C1216,2025-04-15,Downtown,Espresso Drinks,Latte,1,3.98,Card,
ORD10688,C1362,2025-04-10,Downtown,Brewed Coffee,Drip Coffee,2,3.88,Mobile Pay,
ORD10689,C1492,2025-03-05,Downtown,Espresso Drinks,Cappuccino,1,5.34,Card,
ORD10690,C1322,2025-02-06,University Ave,Pastries,Muffin,1,2.63,Card,
ORD10691,C1468,2025-10-06,University Ave,Tea,Chai Latte,2,3.36,Mobile Pay,
ORD10692,C1612,2025-10-28,University Ave,Tea,Herbal Tea,2,4.54,Mobile Pay,
ORD10693,C1144,2025-06-30, Downtown ,Espresso Drinks,Flat White,1,5.27,Card,
ORD10694,C1449,2025-08-13,Downtown,Brewed Coffee,Pour Over,2,3.83,Card,
ORD10695,C1298,2025-12-01,University Ave,Espresso Drinks,Flat White,1,4.03,Mobile Pay,3.0
ORD10696,C1528,2025-11-03,University Ave,Food,Breakfast Sandwich,2,8.32,Card,3.0
ORD10697,C1179,2025-01-12,Riverside,Espresso Drinks,Flat White,2,5.06,Card,
ORD10698,C1405,2025-12-13,University Ave,Brewed Coffee,Cold Brew,2,3.23,Cash,
ORD10699,C1434,2025-01-25,Downtown,Brewed Coffee,Cold Brew,2,4.02,Card,
ORD10700,C1010,2025-01-10,Downtown,Brewed Coffee,Drip Coffee,3,2.97,Mobile Pay,3.0
ORD10701,C1117,2025-05-27,Downtown,Espresso Drinks,Cappuccino,1,3.94,Gift Card,
ORD10702,C1401,2025-09-29,University Ave,Brewed Coffee,Pour Over,3,4.13,Card,3.0
ORD10703,C1099,2025-01-30,Downtown,Brewed Coffee,Cold Brew,3,4.13,Card,3.0
ORD10704,C1393,2025-04-17,University Ave,Food,Bagel,2,5.96,Card,
ORD10705,C1138,2025-04-06,Downtown,Espresso Drinks,Americano,3,5.31,Card,2.0
ORD10706,C1326,2025-05-25,Downtown,Tea,Green Tea,2,4.03,Card,
ORD10707,C1488,2025-12-25,Downtown,Espresso Drinks,Flat White,1,4.93,Gift Card,4.0
ORD10708,C1350,2025-05-01,Downtown,Tea,Green Tea,2,4.62,Gift Card,5.0
ORD10709,C1384,2025-03-18,Downtown,Tea,Green Tea,1,3.97,Card,3.0
ORD10710,C1146,2025-02-14,University Ave,Brewed Coffee,Pour Over,1,2.92,Card,
ORD10711,C1169,2025-03-14,Riverside,Brewed Coffee,Pour Over,3,3.4,Mobile Pay,3.0
ORD10712,C1343,2025-02-18,Riverside,Espresso Drinks,Flat White,1,5.13,Card,4.0
ORD10713,C1543,2025-07-28,Downtown,Pastries,Cinnamon Roll,1,4.06,Card,
ORD10714,C1491,2025-06-03,University Ave,Espresso Drinks,Cappuccino,2,3.81,Gift Card,
ORD10715,C1140,2025-07-01,University Ave,Tea,Herbal Tea,1,4.23,Cash,
ORD10716,C1319,2025-10-30,Downtown,Brewed Coffee,Drip Coffee,3,4.13,Card,4.0
ORD10717,C1533,2025-07-31,downtown,Espresso Drinks,Americano,3,4.9,Mobile Pay,
ORD10718,C1601,2025-02-26,Downtown,Pastries,Croissant,1,2.71,Card,1.0
ORD10719,C1331,2025-05-18,University Ave,Espresso Drinks,Cappuccino,2,4.06,Card,1.0
ORD10720,C1142,2025-04-24,Riverside,Espresso Drinks,Cappuccino,2,4.33,Mobile Pay,
ORD10721,C1619,2025-10-28,Riverside,Brewed Coffee,Cold Brew,2,3.05,Card,3.0
ORD10722,C1373,2025-04-22,University Ave,Brewed Coffee,Cold Brew,3,3.66,Mobile Pay,5.0
ORD10723,C1053,2025-02-20,Downtown,Espresso Drinks,Latte,1,4.45,Mobile Pay,
ORD10724,C1465,2025-09-25,downtown,Brewed Coffee,Cold Brew,1,3.45,Mobile Pay,3.0
ORD10725,C1636,2025-06-05,Downtown,Espresso Drinks,Americano,1,4.76,Card,3.0
ORD10726,C1488,2025-02-04,University Ave,Brewed Coffee,Pour Over,2,3.86,Card,4.0
ORD10727,C1421,2025-09-09,Riverside,Food,Breakfast Sandwich,1,7.61,Card,4.0
ORD10728,C1071,2025-03-18,Riverside,Espresso Drinks,Americano,2,5.19,Mobile Pay,
ORD10729,C1639,2025-11-13,Downtown,Espresso Drinks,Latte,2,4.42,Mobile Pay,
ORD10730,C1455,2025-10-31,Riverside,Brewed Coffee,Pour Over,2,3.24,Card,
ORD10731,C1370,2025-05-15,downtown,Brewed Coffee,Drip Coffee,1,2.91,Card,4.0
ORD10732,C1318,2025-07-22,Downtown,Food,Bagel,2,5.7,Mobile Pay,
ORD10733,C1211,2025-07-26,University Ave,Espresso Drinks,Americano,3,4.03,Mobile Pay,
ORD10734,C1339,2025-08-26,University Ave,Espresso Drinks,Americano,3,4.04,Card,3.0
ORD10735,C1022,2025-01-26,Downtown,Brewed Coffee,Drip Coffee,3,3.52,Mobile Pay,
ORD10736,C1042,2025-04-29,Riverside,Pastries,Scone,1,2.81,Card,3.0
ORD10737,C1435,2025-03-03,Downtown,Tea,Green Tea,2,4.03,Card,
ORD10738,C1140,2025-09-11,Downtown,Food,Breakfast Sandwich,1,7.45,Gift Card,
ORD10739,C1062,2025-01-26,Downtown,Pastries,Croissant,2,3.19,Cash,
ORD10740,C1110,2025-07-08,Riverside,Pastries,Croissant,2,3.18,Card,2.0
ORD10741,C1051,2025-09-22,Downtown,Food,Breakfast Sandwich,2,7.95,Mobile Pay,
ORD10742,C1535,2025-12-12,Riverside,Espresso Drinks,Espresso Shot,1,4.4,Mobile Pay,
ORD10743,C1069,2025-04-15,Riverside,Espresso Drinks,Flat White,1,3.78,Mobile Pay,
ORD10744,C1645,2025-01-03,Downtown,Pastries,Scone,3,2.8,Card,
ORD10745,C1506,2025-09-21,Riverside,Pastries,Croissant,1,3.81,Card,3.0
ORD10746,C1046,2025-01-01,University Ave,Food,Breakfast Sandwich,2,6.3,Card,
ORD10747,C1616,2025-01-25,University Ave,Pastries,Cinnamon Roll,1,2.63,Mobile Pay,4.0
ORD10748,C1285,2025-12-27,Downtown,Pastries,Cinnamon Roll,2,2.81,Card,5.0
ORD10749,C1087,2025-11-10,Downtown,Brewed Coffee,Drip Coffee,3,3.37,Mobile Pay,
ORD10750,C1284,2025-09-15,Downtown,Tea,Herbal Tea,2,3.62,Card,
ORD10751,C1461,2025-11-01,University Ave,Brewed Coffee,Drip Coffee,2,3.11,Card,3.0
ORD10752,C1277,2025-01-28,Downtown,Food,Breakfast Sandwich,1,7.9,Card,3.0
ORD10753,C1076,2025-02-02,Downtown,Espresso Drinks,Americano,2,4.39,Card,5.0
ORD10754,C1371,2025-04-20,Riverside,Pastries,Muffin,1,3.04,Cash,
ORD10755,C1180,2025-01-09,Downtown,Pastries,Muffin,2,4.03,Card,
ORD10756,C1202,2025-11-20,Downtown,Espresso Drinks,Americano,3,4.06,Mobile Pay,1.0
ORD10757,C1602,2025-01-21,University Ave,Espresso Drinks,Latte,1,5.65,Mobile Pay,1.0
ORD10758,C1258,2025-07-18,Riverside,Pastries,Scone,1,4.03,Mobile Pay,
ORD10759,C1644,2025-11-07,Riverside,Pastries,Muffin,2,3.02,Card,
ORD10760,C1354,2025-09-25,Riverside,Food,Breakfast Sandwich,2,5.95,Mobile Pay,4.0
ORD10761,C1195,2025-03-27,University Ave,Brewed Coffee,Cold Brew,2,3.05,Card,4.0
ORD10762,C1388,2025-06-21,Downtown,Espresso Drinks,Flat White,3,4.75,Mobile Pay,3.0
ORD10763,C1435,2025-07-19,Downtown,Pastries,Croissant,3,3.45,Card,
ORD10764,C1108,2025-10-07,Downtown,Food,Bagel,1,7.86,Mobile Pay,
ORD10765,C1230,2025-06-05,Riverside,Tea,Chai Latte,1,3.93,Card,
ORD10766,C1488,2025-04-14,Riverside,Brewed Coffee,Drip Coffee,2,4.09,Card,
ORD10767,C1252,2025-10-17,Downtown,Brewed Coffee,Drip Coffee,1,2.76,Card,3.0
ORD10768,C1544,2025-11-19,Riverside,Espresso Drinks,Flat White,2,5.7,Mobile Pay,3.0
ORD10769,C1643,2025-06-27,Riverside,Food,Avocado Toast,1,6.34,Card,
ORD10770,C1130,2025-01-11,Downtown,Brewed Coffee,Cold Brew,1,3.64,Cash,4.0
ORD10771,C1197,2025-07-02,Downtown,Tea,Chai Latte,2,3.61,Mobile Pay,4.0
ORD10772,C1604,2025-11-20,University Ave,Brewed Coffee,Pour Over,1,3.69,Card,4.0
ORD10773,C1277,2025-12-27,University Ave,Espresso Drinks,Americano,2,4.73,Card,4.0
ORD10774,C1139,2025-05-26,Downtown,Espresso Drinks,Cappuccino,3,5.19,Cash,
ORD10775,C1267,2025-02-24,Downtown,Espresso Drinks,Flat White,1,3.88,Mobile Pay,3.0
ORD10776,C1477,2025-07-28,Riverside,Brewed Coffee,Drip Coffee,2,3.05,Card,3.0
ORD10777,C1605,2025-10-30,University Ave,Espresso Drinks,Flat White,2,3.98,Cash,4.0
ORD10778,C1535,2025-12-10,Downtown,Pastries,Croissant,3,3.52,Mobile Pay,4.0
ORD10779,C1262,2025-01-19,Downtown,Tea,Chai Latte,3,3.91,Card,
ORD10780,C1250,2025-04-16,Downtown,Espresso Drinks,Flat White,1,4.12,Card,4.0
ORD10781,C1408,2025-06-23,Riverside,Espresso Drinks,Latte,1,4.75,Cash,
ORD10782,C1441,2025-02-05,Riverside,Espresso Drinks,Latte,2,3.94,Card,
ORD10783,C1120,2025-11-19,downtown,Brewed Coffee,Pour Over,3,2.76,Mobile Pay,
ORD10784,C1527,2025-02-10,Riverside,Brewed Coffee,Cold Brew,2,4.11,Card,4.0
ORD10785,C1579,2025-08-31,Downtown,Food,Avocado Toast,2,7.47,Card,2.0
ORD10786,C1034,2025-12-01,Riverside,Brewed Coffee,Cold Brew,1,3.44,Mobile Pay,
ORD10787,C1116,2025-09-07, Downtown ,Tea,Chai Latte,1,3.72,Card,5.0
ORD10788,C1105,2025-10-05,Downtown,Food,Bagel,2,7.61,Card,
ORD10789,C1090,2025-04-06,Riverside,Espresso Drinks,Espresso Shot,3,4.47,Mobile Pay,3.0
ORD10790,C1491,2025-10-29,Riverside,Pastries,Muffin,2,3.74,Mobile Pay,5.0
ORD10791,C1195,2025-06-02,Downtown,Brewed Coffee,Drip Coffee,1,4.25,Cash,5.0
ORD10792,C1619,2025-01-23,University Ave,Pastries,Scone,2,3.01,Card,
ORD10793,C1340,2025-05-14,Riverside,Tea,Green Tea,3,4.18,Card,
ORD10794,C1368,2025-05-08,Riverside,Pastries,Muffin,1,3.14,Mobile Pay,
ORD10795,C1008,2025-07-09,Downtown,Espresso Drinks,Latte,2,5.72,Card,
ORD10796,C1446,2025-04-07,Riverside,Brewed Coffee,Drip Coffee,1,3.32,Card,
ORD10797,C1207,2025-06-18,downtown,Espresso Drinks,Flat White,1,4.06,Mobile Pay,4.0
ORD10798,C1574,2025-06-05,University Ave,Pastries,Cinnamon Roll,1,3.34,Card,
ORD10799,C1522,2025-04-29,Downtown,Food,Avocado Toast,1,7.4,Card,
ORD10800,C1449,2025-09-11,Riverside,Food,Breakfast Sandwich,2,6.28,Card,
ORD10801,C1589,2025-04-22,Downtown,Tea,Chai Latte,1,3.99,Cash,4.0
ORD10802,C1536,2025-10-06,Downtown,Food,Breakfast Sandwich,1,6.9,Card,3.0
ORD10803,C1089,2025-04-02,Downtown,Brewed Coffee,Cold Brew,1,2.92,Mobile Pay,
ORD10804,C1415,2025-11-11,Downtown,Food,Breakfast Sandwich,3,8.47,Mobile Pay,
ORD10805,C1258,2025-05-13,Downtown,Food,Breakfast Sandwich,1,6.54,Mobile Pay,4.0
ORD10806,C1105,2025-01-15,Downtown,Espresso Drinks,Americano,1,3.99,Card,
ORD10807,C1212,2025-02-24,University Ave,Espresso Drinks,Latte,3,3.87,Card,2.0
ORD10808,C1308,2025-10-21,University Ave,Tea,Chai Latte,1,4.1,Card,
ORD10809,C1313,2025-11-14,University Ave,Espresso Drinks,Flat White,1,5.05,Mobile Pay,
ORD10810,C1227,2025-03-19,University Ave,Food,Avocado Toast,1,8.12,Card,
ORD10811,C1227,2025-08-08,Riverside,Food,Bagel,1,6.8,Card,
ORD10812,C1297,2025-07-29,Riverside,Pastries,Croissant,2,3.83,Cash,
ORD10813,C1199,2025-02-18,University Ave,Espresso Drinks,Espresso Shot,1,5.25,Card,
ORD10814,C1629,2025-06-14,riverside,Pastries,Scone,1,3.97,Mobile Pay,3.0
ORD10815,C1351,2025-09-10,University Ave,Espresso Drinks,Cappuccino,1,5.57,Card,5.0
ORD10816,C1062,2025-12-19,University Ave,Espresso Drinks,Latte,1,3.94,Card,
ORD10817,C1173,2025-11-05,University Ave,Espresso Drinks,Cappuccino,3,5.6,Mobile Pay,
ORD10818,C1416,2025-02-05,University Ave,Espresso Drinks,Latte,1,5.23,Card,
ORD10819,C1434,2025-03-28,University Ave,Pastries,Muffin,2,4.22,Card,
ORD10820,C1617,2025-06-08,Riverside,Brewed Coffee,Cold Brew,3,3.93,Mobile Pay,3.0
ORD10821,C1627,2025-02-24,Downtown,Pastries,Cinnamon Roll,1,3.74,Card,
ORD10822,C1130,2025-07-27, Downtown ,Tea,Chai Latte,2,3.7,Mobile Pay,3.0
ORD10823,C1007,2025-01-04,University Ave,Espresso Drinks,Flat White,1,5.74,Cash,5.0
ORD10824,C1625,2025-02-11,Riverside,Pastries,Croissant,2,4.21,Card,4.0
ORD10825,C1198,2025-01-18,Downtown,Espresso Drinks,Latte,1,5.46,Card,
ORD10826,C1098,2025-04-18,Riverside,Pastries,Cinnamon Roll,3,2.84,Card,
ORD10827,C1063,2025-10-05,University Ave,Brewed Coffee,Pour Over,2,3.67,Cash,
ORD10828,C1495,2025-03-06,University Ave,Tea,Green Tea,1,3.56,Gift Card,
ORD10829,C1462,2025-12-26,Downtown,Brewed Coffee,Pour Over,1,2.97,Card,
ORD10830,C1470,2025-04-09,Downtown,Espresso Drinks,Cappuccino,3,5.13,Card,
ORD10831,C1002,2025-01-17,Downtown,Espresso Drinks,Latte,3,4.36,Card,
ORD10832,C1618,2025-05-03,Downtown,Espresso Drinks,Flat White,3,5.71,Card,3.0
ORD10833,C1390,2025-09-30,Downtown,Brewed Coffee,Drip Coffee,1,3.87,Mobile Pay,
ORD10834,C1054,2025-02-08,Riverside,Brewed Coffee,Pour Over,1,4.0,Gift Card,3.0
ORD10835,C1282,2025-01-27,Riverside,Tea,Green Tea,2,4.56,Card,2.0
ORD10836,C1577,2025-11-06,Riverside,Food,Avocado Toast,2,6.08,Card,
ORD10837,C1060,2025-08-04, riverside ,Espresso Drinks,Americano,1,5.06,Card,5.0
ORD10838,C1590,2025-05-05,Riverside,Brewed Coffee,Cold Brew,2,3.4,Card,5.0
ORD10839,C1569,2025-10-03,Riverside,Espresso Drinks,Cappuccino,3,5.16,Card,4.0
ORD10840,C1440,2025-11-04,Riverside,Espresso Drinks,Cappuccino,2,3.85,Mobile Pay,
ORD10841,C1413,2025-05-11,Riverside,Tea,Green Tea,1,4.16,Mobile Pay,3.0
ORD10842,C1235,2025-07-24,riverside,Food,Bagel,2,8.23,Card,4.0
ORD10843,C1326,2025-01-04,Downtown,Tea,Chai Latte,1,3.26,Card,4.0
ORD10844,C1228,2025-04-22,University Ave,Pastries,Scone,2,3.7,Mobile Pay,4.0
ORD10845,C1241,2025-08-05,Downtown,Pastries,Cinnamon Roll,1,3.47,Card,
ORD10846,C1007,2025-03-13,University Ave,Espresso Drinks,Americano,1,5.47,Card,
ORD10847,C1330,2025-12-27, Riverside ,Pastries,Scone,1,4.29,Mobile Pay,
ORD10848,C1379,2025-12-20,Downtown,Pastries,Croissant,1,3.2,Mobile Pay,5.0
ORD10849,C1210,2025-04-04,University Ave,Pastries,Cinnamon Roll,1,3.46,Mobile Pay,
ORD10850,C1303,2025-05-25,Downtown,Brewed Coffee,Cold Brew,2,3.72,Card,
ORD10851,C1216,2025-03-10,Riverside,Espresso Drinks,Cappuccino,2,3.78,Card,2.0
ORD10852,C1357,2025-07-03,University Ave,Pastries,Muffin,1,3.53,Card,4.0
ORD10853,C1329,2025-02-15,Riverside,Pastries,Cinnamon Roll,2,3.33,Card,3.0
ORD10854,C1593,2025-05-23,University Ave,Espresso Drinks,Flat White,2,4.16,Gift Card,
ORD10855,C1459,2025-07-22,University Ave,Pastries,Cinnamon Roll,3,2.95,Mobile Pay,
ORD10856,C1211,2025-08-11,Downtown,Pastries,Cinnamon Roll,1,3.89,Cash,4.0
ORD10857,C1314,2025-08-06,downtown,Espresso Drinks,Cappuccino,1,4.09,Cash,3.0
ORD10858,C1100,2025-03-22,University Ave,Pastries,Muffin,1,4.18,Mobile Pay,
ORD10859,C1635,2025-10-16,Riverside,Espresso Drinks,Flat White,1,4.24,Mobile Pay,4.0
ORD10860,C1202,2025-09-09,Downtown,Espresso Drinks,Espresso Shot,3,5.49,Card,4.0
ORD10861,C1541,2025-10-02,University Ave,Pastries,Scone,1,4.14,Card,4.0
ORD10862,C1580,2025-06-20,Riverside,Espresso Drinks,Cappuccino,1,5.21,Card,
ORD10863,C1339,2025-11-21,Riverside,Pastries,Scone,3,3.6,Mobile Pay,4.0
ORD10864,C1639,2025-05-22,Downtown,Food,Bagel,2,8.35,Cash,
ORD10865,C1609,2025-10-21,Downtown,Brewed Coffee,Cold Brew,1,2.91,Card,
ORD10866,C1188,2025-03-16,University Ave,Pastries,Scone,1,3.49,Card,
ORD10867,C1419,2025-04-01,downtown,Espresso Drinks,Espresso Shot,1,4.91,Mobile Pay,
ORD10868,C1486,2025-07-11,Downtown,Brewed Coffee,Drip Coffee,1,3.61,Card,4.0
ORD10869,C1122,2025-07-22,Downtown,Food,Avocado Toast,2,8.09,Card,4.0
ORD10870,C1333,2025-09-29,Downtown,Pastries,Croissant,3,3.31,Cash,
ORD10871,C1629,2025-04-19,Riverside,Espresso Drinks,Flat White,1,4.31,Card,2.0
ORD10872,C1219,2025-11-14,Downtown,Pastries,Cinnamon Roll,1,3.46,Gift Card,
ORD10873,C1622,2025-05-01,university ave,Brewed Coffee,Drip Coffee,1,3.94,Cash,3.0
ORD10874,C1038,2025-07-14,Downtown,Brewed Coffee,Pour Over,1,3.36,Mobile Pay,5.0
ORD10875,C1591,2025-12-06,Riverside,Tea,Green Tea,3,3.8,Mobile Pay,4.0
ORD10876,C1148,2025-07-16,Downtown,Tea,Herbal Tea,2,4.07,Card,
ORD10877,C1362,2025-09-06,University Ave,Brewed Coffee,Pour Over,1,2.98,Cash,
ORD10878,C1098,2025-11-27,Riverside,Food,Bagel,2,7.29,Mobile Pay,5.0
ORD10879,C1585,2025-12-21,University Ave,Pastries,Croissant,3,2.6,Cash,
ORD10880,C1642,2025-07-01,Downtown,Espresso Drinks,Latte,1,5.51,Card,4.0
ORD10881,C1208,2025-06-01,university ave,Brewed Coffee,Cold Brew,3,3.24,Card,4.0
ORD10882,C1388,2025-03-13,Downtown,Brewed Coffee,Drip Coffee,2,3.7,Cash,
ORD10883,C1614,2025-07-15,Downtown,Tea,Herbal Tea,2,3.92,Mobile Pay,
ORD10884,C1028,2025-12-01,University Ave,Espresso Drinks,Flat White,2,4.58,Card,3.0
ORD10885,C1297,2025-06-27,Riverside,Pastries,Croissant,3,4.1,Gift Card,
ORD10886,C1589,2025-05-07,Riverside,Espresso Drinks,Espresso Shot,3,4.61,Mobile Pay,
ORD10887,C1413,2025-02-09,Riverside,Espresso Drinks,Americano,1,4.49,Card,5.0
ORD10888,C1306,2025-05-22,Downtown,Espresso Drinks,Latte,1,5.66,Card,
ORD10889,C1364,2025-03-28,University Ave,Brewed Coffee,Pour Over,1,3.02,Card,3.0
ORD10890,C1219,2025-12-22,Riverside,Brewed Coffee,Pour Over,1,4.04,Card,
ORD10891,C1375,2025-07-12,University Ave,Espresso Drinks,Americano,1,4.99,Card,4.0
ORD10892,C1647,2025-02-19,Riverside,Tea,Green Tea,2,3.76,Cash,5.0
ORD10893,C1196,2025-01-25,University Ave,Espresso Drinks,Latte,2,4.9,Gift Card,
ORD10894,C1225,2025-11-06,Downtown,Espresso Drinks,Americano,1,4.89,Gift Card,5.0
ORD10895,C1629,2025-12-06,Riverside,Espresso Drinks,Flat White,3,3.99,Cash,
ORD10896,C1616,2025-10-05,Riverside,Pastries,Scone,2,3.31,Card,3.0
ORD10897,C1065,2025-02-15,Riverside,Brewed Coffee,Cold Brew,3,3.08,Mobile Pay,
ORD10898,C1438,2025-02-05,University Ave,Pastries,Muffin,1,3.26,Card,
ORD10899,C1604,2025-03-14,Downtown,Pastries,Cinnamon Roll,1,3.33,Cash,2.0
ORD10900,C1451,2025-10-01,University Ave,Espresso Drinks,Americano,2,3.97,Mobile Pay,4.0
ORD10901,C1287,2025-10-06,University Ave,Espresso Drinks,Flat White,2,4.04,Mobile Pay,
ORD10902,C1537,2025-11-01,riverside,Espresso Drinks,Latte,2,5.12,Card,2.0
ORD10903,C1457,2025-02-05,University Ave,Espresso Drinks,Espresso Shot,1,4.28,Mobile Pay,
ORD10904,C1030,2025-02-25,Riverside,Espresso Drinks,Espresso Shot,2,4.35,Card,
ORD10905,C1130,2025-11-24,University Ave,Brewed Coffee,Cold Brew,3,3.45,Card,
ORD10906,C1222,2025-12-05,Downtown,Pastries,Scone,2,4.27,Card,3.0
ORD10907,C1202,2025-09-22,University Ave,Espresso Drinks,Americano,1,5.57,Mobile Pay,3.0
ORD10908,C1427,2025-02-08, Downtown ,Tea,Herbal Tea,3,4.22,Mobile Pay,3.0
ORD10909,C1600,2025-01-25,Downtown,Espresso Drinks,Cappuccino,2,4.38,Mobile Pay,5.0
ORD10910,C1432,2025-01-21,Downtown,Espresso Drinks,Flat White,1,3.94,Card,5.0
ORD10911,C1137,2025-09-09,University Ave,Pastries,Cinnamon Roll,2,2.63,Mobile Pay,
ORD10912,C1188,2025-11-04,Downtown,Espresso Drinks,Latte,2,4.6,Cash,
ORD10913,C1034,2025-08-18,Downtown,Brewed Coffee,Pour Over,3,3.92,Card,
ORD10914,C1623,2025-04-06,University Ave,Espresso Drinks,Flat White,3,4.21,Card,
ORD10915,C1156,2025-10-03,University Ave,Espresso Drinks,Cappuccino,1,5.06,Mobile Pay,
ORD10916,C1438,2025-01-22,University Ave,Pastries,Cinnamon Roll,1,3.05,Mobile Pay,4.0
ORD10917,C1595,2025-10-29,University Ave,Brewed Coffee,Drip Coffee,3,4.02,Gift Card,
ORD10918,C1221,2025-11-21,Downtown,Espresso Drinks,Cappuccino,1,3.84,Mobile Pay,
ORD10919,C1531,2025-09-19,University Ave,Pastries,Cinnamon Roll,3,3.93,Card,
ORD10920,C1545,2025-11-17,University Ave,Espresso Drinks,Flat White,2,5.23,Mobile Pay,3.0
ORD10921,C1419,2025-08-02,Riverside,Espresso Drinks,Cappuccino,3,4.32,Card,
ORD10922,C1549,2025-06-20,Downtown,Espresso Drinks,Espresso Shot,3,4.41,Cash,
ORD10923,C1645,2025-04-28,downtown,Brewed Coffee,Drip Coffee,1,2.92,Mobile Pay,
ORD10924,C1383,2025-12-02,Downtown,Brewed Coffee,Pour Over,1,3.7,Mobile Pay,
ORD10925,C1468,2025-09-11,University Ave,Espresso Drinks,Flat White,2,5.28,Card,4.0
ORD10926,C1193,2025-03-11,Downtown,Pastries,Scone,3,3.68,Card,
ORD10927,C1300,2025-12-15,Downtown,Espresso Drinks,Americano,2,5.13,Mobile Pay,
ORD10928,C1408,2025-01-22,University Ave,Espresso Drinks,Americano,2,5.51,Mobile Pay,
ORD10929,C1216,2025-08-02,Downtown,Food,Breakfast Sandwich,1,7.52,Card,4.0
ORD10930,C1524,2025-03-11,Downtown,Pastries,Scone,1,4.38,Card,
ORD10931,C1400,2025-08-30,University Ave,Food,Avocado Toast,1,7.91,Card,5.0
ORD10932,C1371,2025-05-31,Riverside,Espresso Drinks,Latte,3,4.87,Mobile Pay,
ORD10933,C1347,2025-06-09,Downtown,Espresso Drinks,Flat White,2,4.66,Card,5.0
ORD10934,C1557,2025-09-02,Riverside,Tea,Chai Latte,2,3.87,Mobile Pay,1.0
ORD10935,C1375,2025-10-03,University Ave,Pastries,Scone,3,3.47,Cash,3.0
ORD10936,C1223,2025-05-19,Riverside,Espresso Drinks,Latte,1,4.96,Card,5.0
ORD10937,C1045,2025-12-30,Downtown,Pastries,Scone,0,4.39,Card,
ORD10938,C1314,2025-07-01,Downtown,Food,Avocado Toast,1,8.18,Card,2.0
ORD10939,C1312,2025-02-28,University Ave,Espresso Drinks,Americano,3,4.54,Card,
ORD10940,C1571,2025-01-03,Riverside,Espresso Drinks,Cappuccino,1,4.17,Mobile Pay,3.0
ORD10941,C1108,2025-03-15,Downtown,Pastries,Scone,2,3.45,Mobile Pay,
ORD10942,C1648,2025-09-09,Downtown,Espresso Drinks,Latte,2,3.76,Cash,2.0
ORD10943,C1285,2025-07-16,Downtown,Pastries,Muffin,3,2.52,Card,
ORD10944,C1492,2025-05-03,Riverside,Brewed Coffee,Pour Over,1,3.44,Cash,
ORD10945,C1533,2025-06-25,University Ave,Espresso Drinks,Latte,1,3.83,Card,
ORD10946,C1491,2025-11-02,Riverside,Espresso Drinks,Espresso Shot,1,5.04,Card,
ORD10947,C1273,2025-07-28,University Ave,Espresso Drinks,Americano,2,4.68,Card,3.0
ORD10948,C1266,2025-01-22,University Ave,Brewed Coffee,Cold Brew,2,3.05,Card,
ORD10949,C1269,2025-01-18,Downtown,Pastries,Croissant,1,2.86,Card,
ORD10950,C1293,2025-06-25,University Ave,Brewed Coffee,Cold Brew,1,3.44,Card,
ORD10951,C1492,2025-05-28,University Ave,Espresso Drinks,Latte,1,4.02,Mobile Pay,
ORD10952,C1470,2025-11-06,University Ave,Pastries,Cinnamon Roll,1,4.0,Mobile Pay,5.0
ORD10953,C1462,2025-08-01,Riverside,Espresso Drinks,Americano,2,5.61,Card,
ORD10954,C1009,2025-10-03,University Ave,Espresso Drinks,Flat White,2,4.44,Card,4.0
ORD10955,C1117,2025-08-02,Downtown,Espresso Drinks,Latte,1,5.36,Card,
ORD10956,C1514,2025-05-06,Downtown,Pastries,Croissant,1,4.23,Card,4.0
ORD10957,C1511,2025-08-28,University Ave,Pastries,Muffin,2,3.43,Mobile Pay,5.0
ORD10958,C1552,2025-08-15,Downtown,Espresso Drinks,Americano,3,3.77,Card,4.0
ORD10959,C1549,2025-09-20,Downtown,Brewed Coffee,Drip Coffee,2,2.89,Cash,4.0
ORD10960,C1612,2025-03-10,Riverside,Pastries,Scone,2,2.73,Gift Card,
ORD10961,C1565,2025-08-22,Downtown,Brewed Coffee,Drip Coffee,2,3.97,Cash,
ORD10962,C1547,2025-04-14,Riverside,Tea,Green Tea,1,3.39,Card,4.0
ORD10963,C1366,2025-10-15,Downtown,Pastries,Cinnamon Roll,1,3.14,Card,4.0
ORD10964,C1362,2025-10-18, University Ave ,Pastries,Scone,3,3.28,Card,
ORD10965,C1394,2025-08-16,Riverside,Brewed Coffee,Pour Over,1,4.02,Cash,
ORD10966,C1568,2025-12-11,Downtown,Food,Avocado Toast,2,7.9,Mobile Pay,2.0
ORD10967,C1287,2025-07-15,University Ave,Espresso Drinks,Flat White,1,4.59,Mobile Pay,2.0
ORD10968,C1438,2025-01-10,Downtown,Pastries,Croissant,1,3.4,Card,5.0
ORD10969,C1267,2025-08-09,University Ave,Espresso Drinks,Americano,3,3.82,Cash,
ORD10970,C1611,2025-10-11,Riverside,Espresso Drinks,Cappuccino,2,4.25,Card,3.0
ORD10971,C1076,2025-02-06,Downtown,Tea,Chai Latte,1,4.52,Card,
ORD10972,C1071,2025-02-08,Downtown,Brewed Coffee,Cold Brew,1,3.65,Cash,
ORD10973,C1521,2025-04-10,Downtown,Espresso Drinks,Cappuccino,1,4.4,Card,
ORD10974,C1320,2025-11-04,downtown,Espresso Drinks,Americano,3,5.31,Card,4.0
ORD10975,C1405,2025-07-11,University Ave,Espresso Drinks,Flat White,2,5.1,Card,
ORD10976,C1373,2025-12-22,Riverside,Pastries,Croissant,3,3.99,Mobile Pay,3.0
ORD10977,C1325,2025-11-14,University Ave,Espresso Drinks,Americano,2,3.83,Card,3.0
ORD10978,C1546,2025-07-21,Downtown,Food,Bagel,1,5.86,Mobile Pay,
ORD10979,C1579,2025-09-05,university ave,Espresso Drinks,Espresso Shot,1,3.89,Card,5.0
ORD10980,C1136,2025-05-01,Downtown,Espresso Drinks,Americano,1,4.48,Mobile Pay,
ORD10981,C1012,2025-02-02,Riverside,Tea,Herbal Tea,3,4.55,Card,5.0
ORD10982,C1189,2025-05-26,Downtown,Espresso Drinks,Flat White,1,4.06,Mobile Pay,
ORD10983,C1608,2025-08-04,University Ave,Espresso Drinks,Americano,1,4.14,Cash,
ORD10984,C1154,2025-03-08,Riverside,Brewed Coffee,Drip Coffee,1,3.18,Mobile Pay,
ORD10985,C1543,2025-03-22,Riverside,Pastries,Muffin,1,3.72,Card,5.0
ORD10986,C1565,2025-01-06,Downtown,Espresso Drinks,Cappuccino,1,4.28,Card,
ORD10987,C1375,2025-09-25,Riverside,Espresso Drinks,Latte,3,4.9,Mobile Pay,5.0
ORD10988,C1062,2025-11-24,Riverside,Brewed Coffee,Cold Brew,2,3.62,Card,
ORD10989,C1182,2025-10-29,Downtown,Tea,Herbal Tea,1,4.25,Cash,4.0
ORD10990,C1454,2025-05-19,Downtown,Espresso Drinks,Americano,1,3.86,Gift Card,
ORD10991,C1568,2025-08-05,Downtown,Pastries,Cinnamon Roll,1,2.71,Card,
ORD10992,C1376,2025-12-16,Downtown,Brewed Coffee,Cold Brew,1,3.58,Card,5.0
ORD10993,C1166,2025-08-04,Downtown,Espresso Drinks,Latte,1,4.08,Card,
ORD10994,C1213,2025-04-18,University Ave,Pastries,Croissant,1,3.36,Card,
ORD10995,C1517,2025-05-04,riverside,Espresso Drinks,Americano,2,3.78,Card,4.0
ORD10996,C1156,2025-09-22,Riverside,Food,Bagel,2,8.36,Mobile Pay,
ORD10997,C1522,2025-06-12,University Ave,Pastries,Muffin,1,3.46,Card,
ORD10998,C1360,2025-11-01,University Ave,Espresso Drinks,Espresso Shot,2,5.65,Mobile Pay,2.0
ORD10999,C1136,2025-11-11,University Ave,Espresso Drinks,Latte,2,3.87,Card,
ORD11000,C1425,2025-01-14,University Ave,Brewed Coffee,Cold Brew,1,3.95,Card,2.0
ORD11001,C1346,2025-09-21,Downtown,Espresso Drinks,Americano,2,3.99,Card,5.0
ORD11002,C1573,2025-05-15,Downtown,Tea,Green Tea,1,3.48,Card,5.0
ORD11003,C1466,2025-07-09,Downtown,Pastries,Muffin,3,2.67,Gift Card,
ORD11004,C1452,2025-04-07,Downtown,Brewed Coffee,Drip Coffee,1,3.88,Card,3.0
ORD11005,C1369,2025-05-15,Riverside,Brewed Coffee,Drip Coffee,2,3.18,Gift Card,4.0
ORD11006,C1320,2025-05-01,Riverside,Espresso Drinks,Latte,1,5.62,Cash,
ORD11007,C1382,2025-01-19,Riverside,Espresso Drinks,Flat White,2,5.15,Mobile Pay,2.0
ORD11008,C1405,2025-10-12,Downtown,Espresso Drinks,Flat White,2,3.87,Cash,4.0
ORD11009,C1625,2025-02-22,Riverside,Espresso Drinks,Cappuccino,1,4.25,Card,5.0
ORD11010,C1142,2025-05-17,Riverside,Brewed Coffee,Drip Coffee,3,3.79,Card,
ORD11011,C1049,2025-03-12,Downtown,Pastries,Croissant,2,3.79,Card,
ORD11012,C1041,2025-02-28,Riverside,Espresso Drinks,Espresso Shot,2,5.12,Mobile Pay,
ORD11013,C1140,2025-05-16,Riverside,Espresso Drinks,Espresso Shot,1,4.77,Card,
ORD11014,C1569,2025-12-01,University Ave,Brewed Coffee,Drip Coffee,1,2.81,Mobile Pay,
ORD11015,C1196,2025-12-10,Riverside,Brewed Coffee,Cold Brew,1,3.88,Card,
ORD11016,C1087,2025-05-19,Downtown,Espresso Drinks,Latte,1,5.44,Card,3.0
ORD11017,C1002,2025-07-03,University Ave,Pastries,Cinnamon Roll,1,4.06,Mobile Pay,5.0
ORD11018,C1081,2025-12-25, University Ave ,Tea,Green Tea,1,4.72,Cash,
ORD11019,C1118,2025-03-27,Riverside,Brewed Coffee,Drip Coffee,1,3.97,Mobile Pay,
ORD11020,C1348,2025-12-10,University Ave,Espresso Drinks,Latte,2,5.64,Card,
ORD11021,C1182,2025-02-08,University Ave,Food,Avocado Toast,2,8.23,Gift Card,
ORD11022,C1150,2025-03-24,Riverside,Espresso Drinks,Flat White,1,5.7,Card,4.0
ORD11023,C1391,2025-05-04,Riverside,Espresso Drinks,Latte,1,5.4,Cash,4.0
ORD11024,C1216,2025-01-14,Downtown,Espresso Drinks,Flat White,2,5.6,Mobile Pay,4.0
ORD11025,C1429,2025-10-24,University Ave,Espresso Drinks,Flat White,3,3.99,Mobile Pay,
ORD11026,C1417,2025-11-08,Riverside,Pastries,Croissant,1,3.49,Card,
ORD11027,C1334,2025-05-20,Downtown,Espresso Drinks,Cappuccino,2,4.29,Card,
ORD11028,C1277,2025-11-01,University Ave,Brewed Coffee,Drip Coffee,1,2.75,Cash,
ORD11029,C1467,2025-10-09,University Ave,Tea,Chai Latte,1,3.99,Card,5.0
ORD11030,C1218,2025-10-19,Riverside,Pastries,Muffin,1,3.28,Card,4.0
ORD11031,C1463,2025-10-20,Downtown,Food,Avocado Toast,2,7.92,Cash,
ORD11032,C1288,2025-07-28,Downtown,Tea,Chai Latte,1,3.39,Card,
ORD11033,C1405,2025-02-10,Riverside,Pastries,Scone,1,3.73,Cash,4.0
ORD11034,C1526,2025-12-03,University Ave,Espresso Drinks,Latte,2,4.96,Gift Card,3.0
ORD11035,C1608,2025-08-10,Riverside,Tea,Chai Latte,1,3.74,Gift Card,5.0
ORD11036,C1445,2025-11-25,Downtown,Pastries,Muffin,2,2.68,Gift Card,
ORD11037,C1274,2025-12-16,university ave,Brewed Coffee,Pour Over,3,2.89,Cash,
ORD11038,C1320,2025-03-10,Downtown,Tea,Herbal Tea,3,4.74,Card,
ORD11039,C1627,2025-05-27,Downtown,Pastries,Scone,2,4.41,Card,3.0
ORD11040,C1632,2025-03-12,Riverside,Pastries,Muffin,1,3.48,Card,4.0
ORD11041,C1538,2025-01-19,University Ave,Pastries,Muffin,1,3.36,Mobile Pay,
ORD11042,C1362,2025-12-18,University Ave,Espresso Drinks,Espresso Shot,1,4.18,Card,3.0
ORD11043,C1530,2025-12-03,Riverside,Pastries,Croissant,2,3.77,Card,5.0
ORD11044,C1159,2025-12-06,Downtown,Food,Breakfast Sandwich,1,6.25,Mobile Pay,
ORD11045,C1375,2025-11-18,Downtown,Espresso Drinks,Flat White,1,4.24,Card,
ORD11046,C1083,2025-08-25,Riverside,Tea,Herbal Tea,1,4.1,Card,4.0
ORD11047,C1182,2025-07-10,Riverside,Espresso Drinks,Cappuccino,1,4.98,Mobile Pay,3.0
ORD11048,C1237,2025-12-27,University Ave,Espresso Drinks,Americano,2,3.82,Card,4.0
ORD11049,C1636,2025-07-21,Riverside,Espresso Drinks,Flat White,1,4.17,Mobile Pay,5.0
ORD11050,C1610,2025-08-22,University Ave,Brewed Coffee,Cold Brew,2,3.09,Cash,
ORD11051,C1429,2025-03-19,Riverside,Pastries,Scone,1,3.55,Card,3.0
ORD11052,C1444,2025-09-29,University Ave,Espresso Drinks,Espresso Shot,3,5.65,Gift Card,3.0
ORD11053,C1480,2025-10-26,Riverside,Food,Avocado Toast,2,6.2,Card,
ORD11054,C1015,2025-09-04,University Ave,Brewed Coffee,Drip Coffee,2,3.95,Cash,4.0
ORD11055,C1123,2025-07-01,Riverside,Brewed Coffee,Cold Brew,3,3.39,Mobile Pay,
ORD11056,C1455,2025-03-14,Downtown,Tea,Green Tea,1,3.5,Card,
ORD11057,C1240,2025-01-13,Riverside,Brewed Coffee,Drip Coffee,1,3.48,Card,
ORD11058,C1044,2025-08-17,Riverside,Pastries,Scone,1,3.79,Card,5.0
ORD11059,C1491,2025-09-06,Downtown,Espresso Drinks,Americano,3,4.36,Mobile Pay,
ORD11060,C1045,2025-10-09,Downtown,Tea,Chai Latte,1,4.55,Mobile Pay,4.0
ORD11061,C1165,2025-12-12,University Ave,Espresso Drinks,Espresso Shot,1,4.16,Gift Card,
ORD11062,C1547,2025-07-01,Riverside,Pastries,Croissant,3,2.55,Card,
ORD11063,C1574,2025-10-29,Downtown,Pastries,Croissant,3,3.6,Card,5.0
ORD11064,C1555,2025-09-18,Downtown,Espresso Drinks,Espresso Shot,1,4.25,Mobile Pay,
ORD11065,C1129,2025-04-11,University Ave,Espresso Drinks,Latte,3,5.57,Card,
ORD11066,C1312,2025-11-04,Riverside,Pastries,Croissant,2,3.31,Cash,4.0
ORD11067,C1168,2025-01-20,Riverside,Pastries,Croissant,1,3.44,Card,
ORD11068,C1340,2025-08-06,University Ave,Food,Avocado Toast,1,6.94,Mobile Pay,2.0
ORD11069,C1113,2025-12-09,Downtown,Espresso Drinks,Americano,1,4.24,Mobile Pay,5.0
ORD11070,C1245,2025-08-28,Riverside,Espresso Drinks,Cappuccino,2,4.76,Mobile Pay,
ORD11071,C1479,2025-12-08,Riverside,Brewed Coffee,Pour Over,1,3.52,Gift Card,5.0
ORD11072,C1335,2025-01-21,University Ave,Espresso Drinks,Cappuccino,3,4.12,Mobile Pay,
ORD11073,C1554,2025-07-13,University Ave,Brewed Coffee,Pour Over,3,2.77,Card,
ORD11074,C1023,2025-10-12,Downtown,Pastries,Cinnamon Roll,2,3.74,Cash,4.0
ORD11075,C1299,2025-08-22,Downtown,Food,Bagel,3,6.02,Cash,4.0
ORD11076,C1417,2025-11-17,University Ave,Espresso Drinks,Flat White,1,4.3,Card,5.0
ORD11077,C1427,2025-06-18,University Ave,Espresso Drinks,Flat White,1,5.2,Mobile Pay,
ORD11078,C1471,2025-09-06,downtown,Tea,Chai Latte,2,4.69,Card,4.0
ORD11079,C1279,2025-06-02,Riverside,Brewed Coffee,Cold Brew,3,3.53,Mobile Pay,4.0
ORD11080,C1381,2025-11-14, University Ave ,Espresso Drinks,Flat White,1,5.16,Mobile Pay,
ORD11081,C1648,2025-02-13,Riverside,Espresso Drinks,Latte,1,4.92,Mobile Pay,5.0
ORD11082,C1494,2025-04-03,University Ave,Espresso Drinks,Espresso Shot,3,5.53,Card,
ORD11083,C1072,2025-02-05,Riverside,Espresso Drinks,Cappuccino,1,5.4,Card,5.0
ORD11084,C1427,2025-09-13,Downtown,Pastries,Scone,1,3.13,Card,
ORD11085,C1221,2025-03-26,Downtown,Brewed Coffee,Pour Over,2,3.17,Mobile Pay,3.0
ORD11086,C1086,2025-04-26,Downtown,Espresso Drinks,Flat White,1,4.45,Card,
ORD11087,C1032,2025-11-01,Downtown,Espresso Drinks,Latte,2,4.73,Card,
ORD11088,C1181,2025-05-12,Riverside,Brewed Coffee,Cold Brew,1,3.17,Card,
ORD11089,C1369,2025-02-23,Downtown,Pastries,Croissant,1,4.4,Mobile Pay,
ORD11090,C1206,2025-01-08,Riverside,Espresso Drinks,Espresso Shot,1,5.19,Card,
ORD11091,C1641,2025-03-24,Downtown,Espresso Drinks,Cappuccino,2,4.2,Card,5.0
ORD11092,C1648,2025-11-29,Downtown,Espresso Drinks,Americano,2,4.2,Card,
ORD11093,C1587,2025-07-19,Downtown,Pastries,Muffin,2,3.93,Cash,5.0
ORD11094,C1495,2025-12-29,Downtown,Food,Avocado Toast,3,8.46,Card,
ORD11095,C1094,2025-03-20,Downtown,Pastries,Scone,1,4.15,Mobile Pay,
ORD11096,C1463,2025-05-08,University Ave,Brewed Coffee,Pour Over,3,4.17,Card,
ORD11097,C1141,2025-03-01,Downtown,Brewed Coffee,Pour Over,2,3.13,Card,4.0
ORD11098,C1461,2025-05-26,Downtown,Pastries,Croissant,2,3.6,Card,
ORD11099,C1289,2025-07-25,Downtown,Pastries,Scone,1,3.47,Cash,
ORD11100,C1152,2025-10-22,Downtown,Brewed Coffee,Pour Over,1,2.88,Card,4.0
ORD11101,C1332,2025-05-14,University Ave,Espresso Drinks,Latte,1,4.57,Mobile Pay,
ORD11102,C1264,2025-10-08,University Ave,Brewed Coffee,Pour Over,1,3.08,Mobile Pay,5.0
ORD11103,C1199,2025-08-16,University Ave,Espresso Drinks,Espresso Shot,1,4.81,Card,
ORD11104,C1220,2025-04-17,Riverside,Espresso Drinks,Flat White,1,5.55,Card,5.0
ORD11105,C1334,2025-11-29,Downtown,Espresso Drinks,Flat White,1,4.67,Cash,5.0
ORD11106,C1512,2025-06-08,Riverside,Food,Breakfast Sandwich,1,6.17,Mobile Pay,
ORD11107,C1518,2025-02-24,Downtown,Espresso Drinks,Cappuccino,3,5.16,Mobile Pay,
ORD11108,C1121,2025-12-17,Downtown,Espresso Drinks,Flat White,1,4.49,Cash,3.0
ORD11109,C1555,2025-11-29,University Ave,Tea,Chai Latte,2,4.28,Mobile Pay,
ORD11110,C1465,2025-01-19,Downtown,Espresso Drinks,Americano,2,4.07,Gift Card,4.0
ORD11111,C1009,2025-11-25,Downtown,Brewed Coffee,Pour Over,1,3.49,Mobile Pay,
ORD11112,C1527,2025-12-11,University Ave,Espresso Drinks,Flat White,2,5.38,Card,3.0
ORD11113,C1510,2025-10-29,Riverside,Espresso Drinks,Espresso Shot,3,4.24,Mobile Pay,
ORD11114,C1463,2025-04-03,University Ave,Food,Avocado Toast,2,6.66,Cash,
ORD11115,C1072,2025-08-18,Downtown,Tea,Green Tea,1,4.44,Mobile Pay,4.0
ORD11116,C1459,2025-07-15,University Ave,Tea,Chai Latte,1,3.51,Gift Card,
ORD11117,C1097,2025-08-14,Downtown,Espresso Drinks,Flat White,2,4.49,Mobile Pay,
ORD11118,C1646,2025-08-13,riverside,Brewed Coffee,Cold Brew,3,3.55,Card,3.0
ORD11119,C1071,2025-08-21,Downtown,Espresso Drinks,Espresso Shot,2,4.61,Card,
ORD11120,C1185,2025-07-07,Riverside,Brewed Coffee,Cold Brew,2,4.2,Mobile Pay,5.0
ORD11121,C1613,2025-09-09,Riverside,Espresso Drinks,Flat White,2,3.96,Mobile Pay,
ORD11122,C1499,2025-07-11,Riverside,Brewed Coffee,Pour Over,2,3.44,Card,
ORD11123,C1164,2025-01-06,University Ave,Food,Breakfast Sandwich,1,8.3,Gift Card,
ORD11124,C1235,2025-01-13,University Ave,Tea,Green Tea,3,4.17,Card,
ORD11125,C1282,2025-12-15,Riverside,Espresso Drinks,Latte,1,5.24,Mobile Pay,3.0
ORD11126,C1584,2025-11-27,Riverside,Brewed Coffee,Cold Brew,1,3.43,Card,5.0
ORD11127,C1279,2025-08-02,Riverside,Espresso Drinks,Americano,2,4.47,Cash,3.0
ORD11128,C1018,2025-03-05,Downtown,Food,Bagel,1,5.52,Mobile Pay,4.0
ORD11129,C1430,2025-10-12,Downtown,Pastries,Scone,2,4.15,Mobile Pay,
ORD11130,C1087,2025-02-22,Downtown,Pastries,Muffin,1,4.13,Card,
ORD11131,C1198,2025-05-18,Downtown,Brewed Coffee,Drip Coffee,2,2.83,Card,4.0
ORD11132,C1329,2025-05-01,University Ave,Pastries,Croissant,2,3.45,Mobile Pay,
ORD11133,C1577,2025-01-05,Riverside,Food,Bagel,2,7.51,Card,
ORD11134,C1011,2025-10-21,Downtown,Espresso Drinks,Espresso Shot,2,4.32,Card,4.0
ORD11135,C1401,2025-07-05,Downtown,Espresso Drinks,Cappuccino,1,4.16,Gift Card,
ORD11136,C1087,2025-04-26,Downtown,Brewed Coffee,Drip Coffee,2,3.05,Mobile Pay,
ORD11137,C1559,2025-07-04,Downtown,Brewed Coffee,Drip Coffee,2,3.4,Card,
ORD11138,C1349,2025-01-01,University Ave,Pastries,Scone,2,2.79,Cash,
ORD11139,C1470,2025-06-09,Downtown,Brewed Coffee,Drip Coffee,2,3.93,Cash,3.0
ORD11140,C1351,2025-07-09,university ave,Food,Breakfast Sandwich,1,8.12,Cash,5.0
ORD11141,C1549,2025-05-04,University Ave,Tea,Herbal Tea,1,4.4,Mobile Pay,
ORD11142,C1291,2025-10-30,Riverside,Pastries,Cinnamon Roll,1,4.02,Cash,
ORD11143,C1250,2025-04-01,University Ave,Espresso Drinks,Flat White,1,5.25,Card,
ORD11144,C1278,2025-02-20,Riverside,Espresso Drinks,Americano,3,4.88,Mobile Pay,
ORD11145,C1302,2025-07-12,Downtown,Food,Bagel,2,6.07,Gift Card,
ORD11146,C1239,2025-11-19,University Ave,Brewed Coffee,Drip Coffee,1,2.84,Cash,
ORD11147,C1414,2025-05-17,University Ave,Brewed Coffee,Pour Over,2,3.68,Card,
ORD11148,C1008,2025-01-17,Downtown,Tea,Herbal Tea,2,4.09,Mobile Pay,5.0
ORD11149,C1545,2025-12-20,Downtown,Espresso Drinks,Espresso Shot,2,4.66,Gift Card,
ORD11150,C1574,2025-06-11,Downtown,Espresso Drinks,Flat White,1,4.31,Cash,5.0
ORD11151,C1331,2025-03-04,Downtown,Brewed Coffee,Pour Over,3,3.96,Card,
ORD11152,C1438,2025-08-13,Downtown,Food,Breakfast Sandwich,2,5.71,Cash,4.0
ORD11153,C1161,2025-04-27,Downtown,Pastries,Muffin,1,3.25,Card,
ORD11154,C1364,2025-12-08,Downtown,Food,Bagel,1,7.06,Cash,5.0
ORD11155,C1467,2025-04-18,Downtown,Tea,Chai Latte,3,4.01,Card,2.0
ORD11156,C1592,2025-07-20,university ave,Espresso Drinks,Americano,2,4.32,Cash,
ORD11157,C1510,2025-07-17,Downtown,Tea,Green Tea,3,3.75,Card,5.0
ORD11158,C1134,2025-03-30,University Ave,Espresso Drinks,Latte,3,5.59,Cash,
ORD11159,C1173,2025-07-01,Riverside,Espresso Drinks,Flat White,2,5.62,Cash,
ORD11160,C1387,2025-02-09,Downtown,Food,Avocado Toast,1,7.89,Mobile Pay,
ORD11161,C1330,2025-08-23,Downtown,Pastries,Cinnamon Roll,2,2.8,Mobile Pay,
ORD11162,C1145,2025-10-04,Downtown,Espresso Drinks,Cappuccino,2,5.24,Cash,
ORD11163,C1394,2025-12-12,Riverside,Brewed Coffee,Pour Over,1,2.91,Card,
ORD11164,C1399,2025-04-29, University Ave ,Brewed Coffee,Drip Coffee,2,4.11,Card,
ORD11165,C1159,2025-04-14,University Ave,Food,Avocado Toast,1,7.02,Gift Card,
ORD11166,C1265,2025-07-19,downtown,Pastries,Scone,3,2.98,Mobile Pay,
ORD11167,C1053,2025-09-10,Downtown,Brewed Coffee,Cold Brew,3,3.03,Mobile Pay,
ORD11168,C1454,2025-12-28,Riverside,Espresso Drinks,Espresso Shot,1,4.21,Card,
ORD11169,C1006,2025-01-10,Downtown,Espresso Drinks,Latte,2,5.02,Card,
ORD11170,C1311,2025-03-28,Downtown,Tea,Chai Latte,2,4.12,Card,
ORD11171,C1403,2025-04-06,University Ave,Pastries,Croissant,1,2.75,Gift Card,
ORD11172,C1613,2025-04-03,Downtown,Espresso Drinks,Cappuccino,1,5.7,Mobile Pay,
ORD11173,C1605,2025-06-18,Riverside,Tea,Herbal Tea,1,3.27,Card,
ORD11174,C1494,2025-11-14,Downtown,Brewed Coffee,Drip Coffee,1,4.07,Cash,5.0
ORD11175,C1338,2025-01-12,Riverside,Espresso Drinks,Espresso Shot,1,5.57,Card,5.0
ORD11176,C1627,2025-10-24,Riverside,Food,Breakfast Sandwich,2,5.68,Card,
ORD11177,C1067,2025-08-13,Downtown,Espresso Drinks,Cappuccino,3,3.8,Card,2.0
ORD11178,C1169,2025-08-12, downtown ,Tea,Green Tea,1,3.93,Card,
ORD11179,C1000,2025-09-04,Riverside,Espresso Drinks,Flat White,2,5.75,Gift Card,
ORD11180,C1262,2025-02-12,Downtown,Pastries,Croissant,1,3.05,Card,4.0
ORD11181,C1029,2025-09-29,Riverside,Brewed Coffee,Cold Brew,2,3.94,Mobile Pay,5.0
ORD11182,C1215,2025-04-01,Downtown,Espresso Drinks,Flat White,1,5.12,Mobile Pay,
ORD11183,C1481,2025-07-08,riverside,Food,Bagel,1,7.79,Mobile Pay,
ORD11184,C1019,2025-09-04,Riverside,Espresso Drinks,Cappuccino,2,5.61,Card,3.0
ORD11185,C1211,2025-08-08,Riverside,Espresso Drinks,Cappuccino,2,3.84,Card,5.0
ORD11186,C1048,2025-04-28,Riverside,Espresso Drinks,Flat White,1,4.38,Card,4.0
ORD11187,C1377,2025-05-25,Riverside,Brewed Coffee,Cold Brew,1,2.83,Cash,
ORD11188,C1219,2025-06-23, Downtown ,Brewed Coffee,Cold Brew,1,2.78,Cash,4.0
ORD11189,C1226,2025-01-16,Riverside,Tea,Green Tea,1,4.68,Mobile Pay,
ORD11190,C1392,2025-09-22,University Ave,Espresso Drinks,Cappuccino,3,4.34,Mobile Pay,3.0
ORD11191,C1625,2025-02-06,Riverside,Tea,Green Tea,1,4.16,Mobile Pay,
ORD11192,C1594,2025-06-16,University Ave,Pastries,Scone,3,3.02,Cash,
ORD11193,C1471,2025-08-27,Downtown,Brewed Coffee,Pour Over,3,3.6,Card,4.0
ORD11194,C1477,2025-01-30,university ave,Espresso Drinks,Latte,1,4.44,Card,4.0
ORD11195,C1383,2025-12-29,Riverside,Brewed Coffee,Pour Over,2,4.05,Card,
ORD11196,C1476,2025-05-18,University Ave,Espresso Drinks,Espresso Shot,2,4.04,Mobile Pay,5.0
ORD11197,C1156,2025-01-06, Downtown ,Espresso Drinks,Espresso Shot,1,5.0,Card,
ORD11198,C1293,2025-08-28,Downtown,Brewed Coffee,Drip Coffee,1,4.07,Card,4.0
ORD11199,C1072,2025-07-22,University Ave,Tea,Chai Latte,2,4.0,Card,
ORD11200,C1325,2025-08-22,University Ave,Tea,Green Tea,1,4.18,Gift Card,
ORD11201,C1344,2025-10-01,Downtown,Espresso Drinks,Espresso Shot,3,5.46,Mobile Pay,
ORD11202,C1377,2025-06-23,University Ave,Espresso Drinks,Americano,3,5.64,Card,
ORD11203,C1033,2025-10-28,Downtown,Brewed Coffee,Drip Coffee,3,3.8,Card,3.0
ORD11204,C1190,2025-05-15,Riverside,Food,Avocado Toast,2,7.94,Mobile Pay,5.0
ORD11205,C1158,2025-07-18,Riverside,Brewed Coffee,Pour Over,3,3.94,Cash,5.0
ORD11206,C1118,2025-02-27,Downtown,Espresso Drinks,Espresso Shot,1,5.49,Card,
ORD11207,C1623,2025-08-14,Riverside,Espresso Drinks,Latte,1,5.35,Card,4.0
ORD11208,C1538,2025-04-06,Downtown,Espresso Drinks,Americano,1,4.46,Card,
ORD11209,C1037,2025-09-11,Riverside,Brewed Coffee,Cold Brew,2,3.47,Card,4.0
ORD11210,C1118,2025-10-19,Riverside,Brewed Coffee,Cold Brew,1,3.39,Card,
ORD11211,C1603,2025-11-09,University Ave,Espresso Drinks,Cappuccino,1,3.79,Card,4.0
ORD11212,C1534,2025-12-05,Riverside,Pastries,Scone,3,3.31,Card,4.0
ORD11213,C1627,2025-02-14,riverside,Food,Bagel,1,6.97,Mobile Pay,
ORD11214,C1623,2025-02-20,Riverside,Espresso Drinks,Cappuccino,3,4.36,Gift Card,
ORD11215,C1455,2025-12-04,Downtown,Espresso Drinks,Latte,2,4.08,Card,
ORD11216,C1199,2025-05-19,Riverside,Espresso Drinks,Latte,2,4.66,Card,
ORD11217,C1575,2025-01-10,Downtown,Food,Breakfast Sandwich,1,6.23,Card,3.0
ORD11218,C1033,2025-04-15,University Ave,Brewed Coffee,Cold Brew,2,3.34,Cash,
ORD11219,C1088,2025-11-01,Riverside,Espresso Drinks,Flat White,2,4.29,Card,5.0
ORD11220,C1523,2025-05-10,University Ave,Brewed Coffee,Drip Coffee,2,3.03,Card,
ORD11221,C1143,2025-01-28,Downtown,Pastries,Scone,2,4.02,Cash,
ORD11222,C1357,2025-09-20,Downtown,Food,Bagel,1,8.13,Card,
ORD11223,C1112,2025-03-12,University Ave,Brewed Coffee,Drip Coffee,2,3.42,Card,4.0
ORD11224,C1088,2025-05-09,University Ave,Espresso Drinks,Americano,1,4.75,Card,3.0
ORD11225,C1285,2025-01-02,University Ave,Espresso Drinks,Americano,1,4.74,Mobile Pay,4.0
ORD11226,C1449,2025-08-08,University Ave,Espresso Drinks,Cappuccino,1,4.81,Mobile Pay,
ORD11227,C1059,2025-06-12,Riverside,Tea,Green Tea,1,4.47,Cash,3.0
ORD11228,C1410,2025-11-12,Downtown,Pastries,Muffin,2,3.71,Card,
ORD11229,C1501,2025-05-02,University Ave,Espresso Drinks,Americano,1,4.62,Card,4.0
ORD11230,C1352,2025-03-16,University Ave,Espresso Drinks,Espresso Shot,2,4.55,Gift Card,
ORD11231,C1091,2025-03-02,University Ave,Brewed Coffee,Pour Over,1,4.2,Mobile Pay,3.0
ORD11232,C1248,2025-03-14,University Ave,Pastries,Cinnamon Roll,1,3.33,Card,3.0
ORD11233,C1475,2025-06-14,Downtown,Espresso Drinks,Latte,3,5.61,Cash,3.0
ORD11234,C1499,2025-02-01,Downtown,Brewed Coffee,Pour Over,1,3.09,Card,4.0
ORD11235,C1054,2025-05-27, Riverside ,Espresso Drinks,Latte,1,4.17,Card,5.0
ORD11236,C1354,2025-11-08,University Ave,Espresso Drinks,Flat White,1,5.73,Mobile Pay,
ORD11237,C1284,2025-10-07,University Ave,Brewed Coffee,Cold Brew,3,3.88,Card,4.0
ORD11238,C1107,2025-08-20,Downtown,Pastries,Scone,3,4.25,Gift Card,
ORD11239,C1598,2025-11-22,University Ave,Pastries,Scone,2,3.87,Card,
ORD11240,C1419,2025-10-11,Downtown,Espresso Drinks,Espresso Shot,1,5.03,Cash,5.0
ORD11241,C1053,2025-08-26,Downtown,Pastries,Scone,2,2.74,Cash,
ORD11242,C1043,2025-11-11,Downtown,Tea,Chai Latte,1,4.06,Card,3.0
ORD11243,C1597,2025-02-15,University Ave,Food,Avocado Toast,2,8.42,Card,5.0
ORD11244,C1296,2025-10-25,Downtown,Brewed Coffee,Cold Brew,2,3.56,Card,5.0
ORD11245,C1408,2025-04-18,Downtown,Espresso Drinks,Flat White,2,5.0,Card,
ORD11246,C1019,2025-09-24,Downtown,Brewed Coffee,Drip Coffee,2,3.87,Mobile Pay,4.0
ORD11247,C1562,2025-11-29,Downtown,Brewed Coffee,Pour Over,3,3.82,Card,4.0
ORD11248,C1318,2025-06-30,Riverside,Espresso Drinks,Americano,3,5.53,Card,
ORD11249,C1642,2025-02-02,University Ave,Brewed Coffee,Pour Over,1,3.7,Card,
ORD11250,C1060,2025-05-15,University Ave,Brewed Coffee,Cold Brew,1,2.99,Card,
ORD11251,C1249,2025-05-29,Riverside,Pastries,Scone,2,2.96,Card,
ORD11252,C1177,2025-12-07,Riverside,Pastries,Muffin,2,3.52,Card,5.0
ORD11253,C1206,2025-12-10,Riverside,Brewed Coffee,Drip Coffee,1,3.28,Gift Card,
ORD11254,C1283,2025-07-26,Riverside,Brewed Coffee,Drip Coffee,1,3.94,Cash,4.0
ORD11255,C1622,2025-12-13,Riverside,Espresso Drinks,Espresso Shot,1,4.43,Gift Card,
ORD11256,C1481,2025-06-08,university ave,Food,Bagel,2,7.94,Cash,4.0
ORD11257,C1502,2025-05-30,University Ave,Food,Bagel,3,8.0,Cash,
ORD11258,C1625,2025-11-01,Riverside,Pastries,Muffin,1,3.58,Gift Card,
ORD11259,C1413,2025-08-31,Downtown,Brewed Coffee,Cold Brew,1,2.81,Cash,
ORD11260,C1540,2025-07-10,Downtown,Espresso Drinks,Cappuccino,3,5.42,Mobile Pay,
ORD11261,C1230,2025-06-16,Downtown,Food,Breakfast Sandwich,3,7.52,Mobile Pay,
ORD11262,C1382,2025-09-14,Riverside,Pastries,Cinnamon Roll,3,2.66,Cash,4.0
ORD11263,C1033,2025-10-02,Riverside,Pastries,Muffin,2,3.38,Card,
ORD11264,C1415,2025-06-28, University Ave ,Pastries,Croissant,1,2.87,Card,4.0
ORD11265,C1363,2025-01-12,Downtown,Brewed Coffee,Drip Coffee,2,3.86,Card,
ORD11266,C1393,2025-02-07,Downtown,Brewed Coffee,Pour Over,1,2.87,Card,
ORD11267,C1106,2025-02-22,Downtown,Pastries,Cinnamon Roll,1,4.38,Mobile Pay,
ORD11268,C1267,2025-06-18,University Ave,Espresso Drinks,Americano,3,4.72,Gift Card,
ORD11269,C1562,2025-08-12,Downtown,Pastries,Croissant,1,3.5,Mobile Pay,3.0
ORD11270,C1136,2025-10-20,Downtown,Espresso Drinks,Cappuccino,3,4.4,Card,5.0
ORD11271,C1180,2025-03-26,Downtown,Espresso Drinks,Latte,3,4.95,Card,1.0
ORD11272,C1379,2025-10-14,Downtown,Espresso Drinks,Cappuccino,3,4.45,Mobile Pay,4.0
ORD11273,C1507,2025-08-31,Riverside,Espresso Drinks,Latte,2,4.13,Mobile Pay,
ORD11274,C1108,2025-01-19,Downtown,Pastries,Muffin,1,2.54,Card,
ORD11275,C1368,2025-05-08,Riverside,Tea,Herbal Tea,1,3.82,Card,
ORD11276,C1097,2025-04-21,Downtown,Food,Bagel,2,8.28,Cash,
ORD11277,C1276,2025-11-19,Downtown,Espresso Drinks,Latte,2,4.95,Cash,
ORD11278,C1264,2025-12-02,Downtown,Food,Breakfast Sandwich,2,6.82,Mobile Pay,
ORD11279,C1228,2025-10-26,Downtown,Espresso Drinks,Flat White,1,5.19,Cash,3.0
ORD11280,C1403,2025-07-12,Downtown,Espresso Drinks,Flat White,1,4.28,Card,3.0
ORD11281,C1325,2025-06-29,Downtown,Tea,Chai Latte,1,4.03,Mobile Pay,
ORD11282,C1362,2025-04-24,University Ave,Tea,Green Tea,1,3.5,Card,2.0
ORD11283,C1127,2025-10-09,University Ave,Espresso Drinks,Latte,1,3.89,Mobile Pay,4.0
ORD11284,C1536,2025-02-01,University Ave,Pastries,Cinnamon Roll,1,3.27,Card,4.0
ORD11285,C1199,2025-04-09,Riverside,Espresso Drinks,Cappuccino,1,5.46,Mobile Pay,3.0
ORD11286,C1282,2025-02-19,University Ave,Brewed Coffee,Drip Coffee,2,3.71,Cash,
ORD11287,C1467,2025-06-29,University Ave,Espresso Drinks,Flat White,2,4.05,Card,3.0
ORD11288,C1025,2025-04-20,Riverside,Food,Breakfast Sandwich,1,7.5,Mobile Pay,4.0
ORD11289,C1360,2025-03-13,Downtown,Brewed Coffee,Pour Over,3,3.51,Mobile Pay,4.0
ORD11290,C1021,2025-05-18,Riverside,Espresso Drinks,Flat White,2,3.93,Card,
ORD11291,C1258,2025-11-10,Riverside,Espresso Drinks,Latte,3,5.57,Card,4.0
ORD11292,C1461,2025-07-23,Downtown,Pastries,Scone,1,3.78,Cash,
ORD11293,C1460,2025-10-27,Riverside,Tea,Chai Latte,1,4.52,Card,
ORD11294,C1189,2025-11-29,Downtown,Pastries,Cinnamon Roll,3,3.76,Cash,
ORD11295,C1201,2025-11-25,University Ave,Tea,Green Tea,1,4.02,Cash,
ORD11296,C1160,2025-05-08,University Ave,Espresso Drinks,Cappuccino,3,4.59,Card,
ORD11297,C1647,2025-11-16,Downtown,Brewed Coffee,Pour Over,1,2.86,Card,5.0
ORD11298,C1302,2025-11-28,Downtown,Tea,Chai Latte,1,4.32,Mobile Pay,3.0
ORD11299,C1319,2025-12-16,Downtown,Food,Breakfast Sandwich,2,7.94,Card,4.0
ORD11300,C1138,2025-05-08,Riverside,Brewed Coffee,Drip Coffee,1,3.09,Mobile Pay,4.0
ORD11301,C1215,2025-03-25,Downtown,Food,Bagel,2,6.04,Card,4.0
ORD11302,C1449,2025-08-01,Riverside,Brewed Coffee,Drip Coffee,1,2.96,Cash,
ORD11303,C1216,2025-12-06,University Ave,Tea,Herbal Tea,2,4.04,Mobile Pay,3.0
ORD11304,C1489,2025-11-24,Riverside,Espresso Drinks,Cappuccino,3,4.95,Mobile Pay,5.0
ORD11305,C1565,2025-07-27,Downtown,Tea,Herbal Tea,1,4.66,Mobile Pay,5.0
ORD11306,C1440,2025-02-24,Downtown,Pastries,Croissant,3,3.84,Mobile Pay,4.0
ORD11307,C1326,2025-06-03,Downtown,Tea,Green Tea,1,4.29,Card,
ORD11308,C1079,2025-09-17, Downtown ,Food,Avocado Toast,2,7.29,Cash,
ORD11309,C1519,2025-07-23,Downtown,Espresso Drinks,Cappuccino,1,5.63,Mobile Pay,4.0
ORD11310,C1645,2025-05-06,riverside,Tea,Chai Latte,1,4.63,Card,3.0
ORD11311,C1583,2025-05-05,Downtown,Espresso Drinks,Espresso Shot,2,3.81,Card,
ORD11312,C1205,2025-01-22,Downtown,Espresso Drinks,Latte,1,5.59,Card,
ORD11313,C1550,2025-04-16,Downtown,Brewed Coffee,Cold Brew,1,3.2,Cash,3.0
ORD11314,C1011,2025-09-01,Riverside,Brewed Coffee,Pour Over,1,3.64,Card,
ORD11315,C1154,2025-03-29,Riverside,Food,Avocado Toast,1,5.52,Gift Card,4.0
ORD11316,C1047,2025-12-28,University Ave,Tea,Green Tea,1,3.52,Card,
ORD11317,C1645,2025-01-31,Downtown,Espresso Drinks,Flat White,1,4.59,Mobile Pay,4.0
ORD11318,C1448,2025-08-03,University Ave,Espresso Drinks,Espresso Shot,2,5.57,Card,3.0
ORD11319,C1371,2025-06-30,University Ave,Brewed Coffee,Pour Over,1,3.63,Cash,4.0
ORD11320,C1365,2025-10-31,Riverside,Espresso Drinks,Flat White,2,3.89,Card,
ORD11321,C1470,2025-11-20,Downtown,Espresso Drinks,Cappuccino,1,5.48,Card,3.0
ORD11322,C1330,2025-07-17,University Ave,Brewed Coffee,Pour Over,2,3.11,Cash,4.0
ORD11323,C1361,2025-08-18,University Ave,Espresso Drinks,Cappuccino,1,5.12,Mobile Pay,
ORD11324,C1175,2025-09-12,Riverside,Espresso Drinks,Latte,1,4.72,Mobile Pay,
ORD11325,C1045,2025-07-09,Riverside,Brewed Coffee,Cold Brew,1,3.93,Card,5.0
ORD11326,C1244,2025-03-09,University Ave,Food,Avocado Toast,3,8.05,Card,4.0
ORD11327,C1643,2025-06-06,Downtown,Espresso Drinks,Cappuccino,1,4.8,Mobile Pay,
ORD11328,C1148,2025-03-29,Riverside,Espresso Drinks,Cappuccino,3,5.61,Card,5.0
ORD11329,C1282,2025-06-19,Riverside,Pastries,Croissant,1,4.0,Mobile Pay,
ORD11330,C1235,2025-08-12,Downtown,Food,Bagel,1,7.99,Mobile Pay,
ORD11331,C1250,2025-03-18,Riverside,Pastries,Croissant,3,3.85,Card,
ORD11332,C1363,2025-04-01,Downtown,Espresso Drinks,Espresso Shot,1,5.29,Mobile Pay,
ORD11333,C1102,2025-10-27,Downtown,Brewed Coffee,Pour Over,1,2.91,Cash,
ORD11334,C1095,2025-05-18,Downtown,Brewed Coffee,Pour Over,1,3.98,Mobile Pay,
ORD11335,C1015,2025-03-14,Riverside,Brewed Coffee,Drip Coffee,2,3.37,Mobile Pay,3.0
ORD11336,C1000,2025-09-17,University Ave,Food,Breakfast Sandwich,3,5.56,Mobile Pay,
ORD11337,C1182,2025-09-18,Riverside,Tea,Green Tea,2,4.18,Card,4.0
ORD11338,C1153,2025-10-28, riverside ,Brewed Coffee,Cold Brew,2,2.89,Mobile Pay,4.0
ORD11339,C1542,2025-10-04,Riverside,Pastries,Croissant,3,3.68,Mobile Pay,
ORD11340,C1355,2025-12-28,Riverside,Espresso Drinks,Espresso Shot,1,4.9,Card,3.0
ORD11341,C1546,2025-07-29,Riverside,Espresso Drinks,Flat White,2,4.9,Cash,
ORD11342,C1590,2025-04-15,Downtown,Pastries,Cinnamon Roll,1,3.49,Gift Card,5.0
ORD11343,C1356,2025-11-11,Downtown,Espresso Drinks,Espresso Shot,1,5.22,Mobile Pay,
ORD11344,C1003,2025-04-07,Downtown,Tea,Herbal Tea,1,4.52,Mobile Pay,
ORD11345,C1353,2025-04-16,Riverside,Brewed Coffee,Drip Coffee,1,3.16,Mobile Pay,
ORD11346,C1438,2025-10-29,Riverside,Brewed Coffee,Drip Coffee,1,2.93,Card,
ORD11347,C1541,2025-11-17,Riverside,Espresso Drinks,Cappuccino,2,4.34,Card,4.0
ORD11348,C1226,2025-05-04,Downtown,Espresso Drinks,Latte,2,4.57,Cash,4.0
ORD11349,C1453,2025-09-23,University Ave,Espresso Drinks,Flat White,2,5.16,Cash,3.0
ORD11350,C1388,2025-12-02,Downtown,Espresso Drinks,Flat White,2,5.38,Mobile Pay,4.0
ORD11351,C1236,2025-10-18,Downtown,Brewed Coffee,Drip Coffee,2,3.17,Cash,
ORD11352,C1113,2025-01-02,Riverside,Pastries,Cinnamon Roll,1,2.96,Card,4.0
ORD11353,C1468,2025-08-30,Downtown,Tea,Herbal Tea,2,4.57,Cash,3.0
ORD11354,C1381,2025-03-03,University Ave,Brewed Coffee,Cold Brew,3,4.16,Mobile Pay,
ORD11355,C1261,2025-11-05,University Ave,Brewed Coffee,Cold Brew,1,3.33,Card,5.0
ORD11356,C1467,2025-01-25,Downtown,Food,Bagel,1,8.44,Card,
ORD11357,C1324,2025-12-28,Downtown,Espresso Drinks,Latte,2,4.36,Card,4.0
ORD11358,C1031,2025-03-06,Riverside,Food,Bagel,3,7.37,Mobile Pay,4.0
ORD11359,C1620,2025-06-02,Riverside,Pastries,Croissant,2,3.93,Card,
ORD11360,C1082,2025-03-27,Downtown,Espresso Drinks,Americano,3,4.39,Mobile Pay,3.0
ORD11361,C1002,2025-10-24,Downtown,Espresso Drinks,Americano,3,5.66,Card,4.0
ORD11362,C1488,2025-05-24,Downtown,Espresso Drinks,Cappuccino,2,4.56,Mobile Pay,
ORD11363,C1014,2025-09-29,Downtown,Pastries,Muffin,2,2.57,Mobile Pay,
ORD11364,C1335,2025-01-25,Downtown,Espresso Drinks,Latte,1,4.55,Cash,5.0
ORD11365,C1356,2025-06-14,Downtown,Espresso Drinks,Americano,1,5.01,Mobile Pay,
ORD11366,C1238,2025-11-28,Riverside,Espresso Drinks,Latte,2,4.37,Gift Card,
ORD11367,C1393,2025-12-04,University Ave,Espresso Drinks,Cappuccino,1,5.74,Cash,
ORD11368,C1264,2025-03-17,University Ave,Pastries,Cinnamon Roll,2,4.23,Card,4.0
ORD11369,C1480,2025-05-24,Downtown,Pastries,Scone,2,2.9,Card,
ORD11370,C1439,2025-05-29,University Ave,Brewed Coffee,Drip Coffee,2,3.67,Card,5.0
ORD11371,C1551,2025-07-25,University Ave,Tea,Chai Latte,2,4.27,Card,5.0
ORD11372,C1399,2025-07-15,university ave,Espresso Drinks,Espresso Shot,3,4.59,Card,
ORD11373,C1554,2025-02-08,Downtown,Espresso Drinks,Americano,1,4.68,Card,4.0
ORD11374,C1200,2025-10-05,Riverside,Food,Avocado Toast,1,6.04,Mobile Pay,4.0
ORD11375,C1498,2025-03-24,University Ave,Espresso Drinks,Latte,1,4.79,Card,4.0
ORD11376,C1231,2025-04-25,University Ave,Food,Bagel,2,6.64,Gift Card,
ORD11377,C1618,2025-11-03,University Ave,Tea,Chai Latte,1,4.21,Card,
ORD11378,C1587,2025-09-09,Downtown,Brewed Coffee,Drip Coffee,1,3.14,Cash,
ORD11379,C1085,2025-05-25,Riverside,Espresso Drinks,Espresso Shot,2,5.54,Card,4.0
ORD11380,C1066,2025-11-29,Downtown,Espresso Drinks,Americano,2,4.24,Mobile Pay,
ORD11381,C1628,2025-05-24,Downtown,Espresso Drinks,Cappuccino,3,5.14,Card,5.0
ORD11382,C1129,2025-07-25,Downtown,Pastries,Cinnamon Roll,1,3.4,Card,
ORD11383,C1443,2025-03-31,university ave,Brewed Coffee,Drip Coffee,1,3.09,Mobile Pay,5.0
ORD11384,C1070,2025-03-08,Riverside,Pastries,Cinnamon Roll,1,3.18,Cash,
ORD11385,C1392,2025-06-28,Downtown,Espresso Drinks,Espresso Shot,1,5.71,Mobile Pay,4.0
ORD11386,C1221,2025-07-24,Downtown,Pastries,Cinnamon Roll,2,3.62,Gift Card,4.0
ORD11387,C1404,2025-10-21,University Ave,Espresso Drinks,Latte,1,4.9,Card,4.0
ORD11388,C1294,2025-05-23,Riverside,Brewed Coffee,Cold Brew,1,2.84,Card,
ORD11389,C1053,2025-11-22,University Ave,Pastries,Scone,1,3.44,Mobile Pay,5.0
ORD11390,C1298,2025-08-10,University Ave,Pastries,Croissant,2,4.23,Mobile Pay,3.0
ORD11391,C1640,2025-01-26,Downtown,Espresso Drinks,Latte,1,4.56,Card,
ORD11392,C1584,2025-09-27,Riverside,Espresso Drinks,Cappuccino,1,4.35,Card,2.0
ORD11393,C1649,2025-07-29,Riverside,Brewed Coffee,Pour Over,3,3.59,Cash,
ORD11394,C1424,2025-05-22,Downtown,Pastries,Croissant,1,4.27,Card,4.0
ORD11395,C1318,2025-06-20,Riverside,Pastries,Scone,2,3.91,Card,4.0
ORD11396,C1604,2025-04-20,University Ave,Brewed Coffee,Pour Over,1,3.98,Mobile Pay,
ORD11397,C1107,2025-08-12,Riverside,Espresso Drinks,Latte,1,3.82,Card,
ORD11398,C1597,2025-07-26,Riverside,Food,Breakfast Sandwich,1,5.84,Card,5.0
ORD11399,C1328,2025-06-12,Riverside,Brewed Coffee,Cold Brew,1,4.15,Card,
ORD11400,C1308,2025-04-14,Downtown,Pastries,Cinnamon Roll,2,3.07,Cash,2.0
ORD11401,C1108,2025-05-26,Downtown,Brewed Coffee,Pour Over,1,3.39,Cash,4.0
ORD11402,C1204,2025-07-01,University Ave,Espresso Drinks,Americano,1,3.76,Mobile Pay,
ORD11403,C1434,2025-06-21,Downtown,Tea,Herbal Tea,2,4.51,Mobile Pay,
ORD11404,C1192,2025-04-23,Downtown,Pastries,Croissant,1,4.11,Card,
ORD11405,C1594,2025-07-31,Riverside,Tea,Green Tea,1,4.17,Gift Card,3.0
ORD11406,C1127,2025-03-24,Riverside,Food,Avocado Toast,3,6.12,Card,3.0
ORD11407,C1220,2025-07-02,Riverside,Espresso Drinks,Latte,1,5.26,Card,3.0
ORD11408,C1177,2025-02-14,Downtown,Pastries,Croissant,1,4.22,Cash,
ORD11409,C1357,2025-06-21,Downtown,Pastries,Croissant,1,3.76,Card,
ORD11410,C1278,2025-10-13,Downtown,Espresso Drinks,Cappuccino,1,5.15,Card,5.0
ORD11411,C1550,2025-10-25,University Ave,Brewed Coffee,Drip Coffee,1,4.15,Mobile Pay,
ORD11412,C1258,2025-09-10,Downtown,Brewed Coffee,Cold Brew,1,3.77,Mobile Pay,
ORD11413,C1390,2025-09-29,Riverside,Brewed Coffee,Pour Over,3,2.88,Card,4.0
ORD11414,C1561,2025-01-25,University Ave,Espresso Drinks,Flat White,2,5.41,Card,4.0
ORD11415,C1039,2025-05-05, Riverside ,Food,Bagel,2,6.93,Mobile Pay,
ORD11416,C1151,2025-08-27,University Ave,Food,Breakfast Sandwich,1,7.65,Mobile Pay,3.0
ORD11417,C1344,2025-10-19,University Ave,Brewed Coffee,Cold Brew,3,3.05,Card,
ORD11418,C1173,2025-08-01,University Ave,Food,Avocado Toast,2,7.2,Card,2.0
ORD11419,C1557,2025-11-07,University Ave,Espresso Drinks,Latte,1,5.22,Card,
ORD11420,C1180,2025-04-10,Riverside,Espresso Drinks,Latte,2,4.37,Mobile Pay,4.0
ORD11421,C1063,2025-02-25,Riverside,Pastries,Muffin,2,3.08,Card,5.0
ORD11422,C1225,2025-02-01,Riverside,Food,Breakfast Sandwich,1,6.79,Card,4.0
ORD11423,C1402,2025-08-01,Downtown,Pastries,Croissant,1,2.65,Cash,3.0
ORD11424,C1112,2025-08-31,Riverside,Tea,Chai Latte,1,4.74,Card,4.0
ORD11425,C1362,2025-04-14,university ave,Brewed Coffee,Cold Brew,1,3.33,Card,
ORD11426,C1421,2025-10-13,Riverside,Espresso Drinks,Espresso Shot,1,5.56,Mobile Pay,5.0
ORD11427,C1218,2025-09-27,Downtown,Espresso Drinks,Latte,1,5.49,Card,3.0
ORD11428,C1482,2025-05-12,Downtown,Pastries,Scone,3,4.02,Card,4.0
ORD11429,C1143,2025-03-28,Downtown,Pastries,Croissant,1,3.53,Card,4.0
ORD11430,C1492,2025-09-28,Riverside,Brewed Coffee,Cold Brew,1,3.75,Mobile Pay,4.0
ORD11431,C1348,2025-09-02,Riverside,Espresso Drinks,Flat White,2,5.74,Mobile Pay,2.0
ORD11432,C1143,2025-03-04,Downtown,Brewed Coffee,Pour Over,2,3.51,Card,4.0
ORD11433,C1559,2025-04-03,Riverside,Food,Avocado Toast,3,6.54,Card,3.0
ORD11434,C1440,2025-06-26,Downtown,Brewed Coffee,Drip Coffee,1,3.83,Card,
ORD11435,C1487,2025-07-06,University Ave,Espresso Drinks,Espresso Shot,3,3.96,Card,3.0
ORD11436,C1125,2025-03-02,Riverside,Pastries,Muffin,2,4.45,Gift Card,4.0
ORD11437,C1049,2025-12-12,Downtown,Espresso Drinks,Flat White,1,4.65,Card,
ORD11438,C1282,2025-05-22,Downtown,Espresso Drinks,Flat White,2,5.72,Mobile Pay,3.0
ORD11439,C1099,2025-05-19,Riverside,Espresso Drinks,Latte,3,4.87,Mobile Pay,4.0
ORD11440,C1246,2025-01-23,Downtown,Espresso Drinks,Americano,1,5.44,Gift Card,
ORD11441,C1032,2025-11-15,University Ave,Pastries,Croissant,2,2.52,Card,
ORD11442,C1546,2025-03-27,Riverside,Espresso Drinks,Americano,1,3.88,Gift Card,3.0
ORD11443,C1242,2025-12-26,University Ave,Food,Breakfast Sandwich,1,7.55,Cash,
ORD11444,C1489,2025-06-30,Downtown,Espresso Drinks,Espresso Shot,2,4.92,Cash,
ORD11445,C1035,2025-11-15,University Ave,Tea,Herbal Tea,1,3.97,Cash,4.0
ORD11446,C1108,2025-03-07,Downtown,Pastries,Cinnamon Roll,1,3.33,Mobile Pay,4.0
ORD11447,C1213,2025-03-02,downtown,Espresso Drinks,Americano,2,4.52,Mobile Pay,5.0
ORD11448,C1633,2025-10-19,University Ave,Espresso Drinks,Espresso Shot,1,4.03,Cash,
ORD11449,C1483,2025-10-26,Riverside,Pastries,Croissant,1,3.67,Mobile Pay,
ORD11450,C1036,2025-07-17, Riverside ,Pastries,Croissant,1,3.74,Gift Card,2.0
ORD11451,C1194,2025-01-12,Downtown,Tea,Herbal Tea,3,4.63,Gift Card,4.0
ORD11452,C1168,2025-12-10,University Ave,Espresso Drinks,Flat White,2,4.52,Cash,
ORD11453,C1503,2025-05-24,Downtown,Espresso Drinks,Espresso Shot,2,5.04,Gift Card,4.0
ORD11454,C1028,2025-12-07,University Ave,Espresso Drinks,Americano,2,5.01,Card,
ORD11455,C1065,2025-11-13,Riverside,Food,Breakfast Sandwich,1,6.83,Card,5.0
ORD11456,C1026,2025-11-06,Downtown,Espresso Drinks,Espresso Shot,1,5.13,Card,4.0
ORD11457,C1552,2025-09-08,Riverside,Espresso Drinks,Cappuccino,1,5.31,Cash,
ORD11458,C1045,2025-09-03,Riverside,Espresso Drinks,Americano,1,4.42,Cash,3.0
ORD11459,C1411,2025-07-13,Downtown,Espresso Drinks,Espresso Shot,1,4.25,Gift Card,4.0
ORD11460,C1424,2025-01-10,University Ave,Pastries,Muffin,2,2.93,Card,
ORD11461,C1385,2025-05-22,Downtown,Food,Bagel,1,6.31,Cash,4.0
ORD11462,C1503,2025-09-23,University Ave,Pastries,Muffin,1,2.68,Card,
ORD11463,C1072,2025-10-23,Downtown,Tea,Herbal Tea,2,3.34,Cash,
ORD11464,C1183,2025-07-23,University Ave,Tea,Herbal Tea,1,4.52,Card,
ORD11465,C1638,2025-09-16,Downtown,Espresso Drinks,Americano,3,4.31,Card,
ORD11466,C1399,2025-01-08,Downtown,Espresso Drinks,Flat White,1,4.56,Mobile Pay,
ORD11467,C1627,2025-06-20,University Ave,Pastries,Croissant,2,2.77,Mobile Pay,5.0
ORD11468,C1163,2025-07-04, Downtown ,Brewed Coffee,Pour Over,1,3.98,Gift Card,
ORD11469,C1342,2025-11-21,University Ave,Espresso Drinks,Latte,2,4.24,Cash,2.0
ORD11470,C1158,2025-04-24,riverside,Brewed Coffee,Pour Over,3,3.44,Cash,5.0
ORD11471,C1009,2025-03-25,Downtown,Food,Avocado Toast,2,7.45,Cash,4.0
ORD11472,C1036,2025-05-09,Downtown,Espresso Drinks,Espresso Shot,3,5.0,Mobile Pay,
ORD11473,C1570,2025-03-04,Downtown,Food,Avocado Toast,2,5.99,Card,4.0
ORD11474,C1169,2025-07-23,University Ave,Brewed Coffee,Cold Brew,2,2.99,Mobile Pay,4.0
ORD11475,C1046,2025-08-22,University Ave,Brewed Coffee,Cold Brew,2,2.86,Gift Card,
ORD11476,C1356,2025-10-19,University Ave,Espresso Drinks,Espresso Shot,2,5.4,Mobile Pay,
ORD11477,C1593,2025-12-20,Downtown,Espresso Drinks,Flat White,1,5.36,Mobile Pay,
ORD11478,C1211,2025-01-27,Downtown,Food,Avocado Toast,3,6.28,Gift Card,
ORD11479,C1165,2025-04-01,downtown,Food,Avocado Toast,2,6.49,Card,
ORD11480,C1550,2025-04-20,Downtown,Pastries,Scone,1,3.87,Card,
ORD11481,C1184,2025-04-01,Downtown,Brewed Coffee,Pour Over,2,2.76,Card,
ORD11482,C1433,2025-10-29,Riverside,Brewed Coffee,Drip Coffee,1,3.52,Cash,4.0
ORD11483,C1329,2025-02-20,Downtown,Brewed Coffee,Cold Brew,2,3.8,Mobile Pay,2.0
ORD11484,C1613,2025-01-11,Riverside,Espresso Drinks,Latte,2,5.08,Gift Card,4.0
ORD11485,C1481,2025-11-10,Downtown,Tea,Chai Latte,2,3.99,Cash,
ORD11486,C1319,2025-12-16,Downtown,Pastries,Croissant,2,2.78,Mobile Pay,
ORD11487,C1055,2025-03-24,Downtown,Tea,Herbal Tea,1,3.8,Card,2.0
ORD11488,C1321,2025-05-02,Riverside,Pastries,Cinnamon Roll,2,4.3,Mobile Pay,
ORD11489,C1356,2025-07-03,Downtown,Espresso Drinks,Flat White,3,5.0,Card,
ORD11490,C1138,2025-07-11,University Ave,Brewed Coffee,Pour Over,2,3.67,Card,5.0
ORD11491,C1226,2025-12-27,University Ave,Food,Avocado Toast,1,7.58,Card,
ORD11492,C1534,2025-05-28,Riverside,Pastries,Croissant,1,2.63,Mobile Pay,
ORD11493,C1649,2025-01-05,Downtown,Espresso Drinks,Cappuccino,1,5.63,Card,
ORD11494,C1606,2025-06-03,Downtown,Espresso Drinks,Espresso Shot,1,4.24,Card,
ORD11495,C1295,2025-07-22,Riverside,Espresso Drinks,Espresso Shot,3,3.77,Mobile Pay,
ORD11496,C1564,2025-07-08,University Ave,Brewed Coffee,Cold Brew,3,3.25,Mobile Pay,5.0
ORD11497,C1506,2025-07-06,Downtown,Espresso Drinks,Espresso Shot,3,5.08,Mobile Pay,5.0
ORD11498,C1565,2025-12-02,Riverside,Tea,Herbal Tea,2,3.42,Cash,
ORD11499,C1426,2025-10-21,Riverside,Pastries,Cinnamon Roll,2,4.48,Card,
ORD11500,C1006,2025-04-02,Downtown,Brewed Coffee,Drip Coffee,3,3.3,Card,4.0
ORD11501,C1422,2025-05-10,University Ave,Espresso Drinks,Cappuccino,2,5.11,Gift Card,
ORD11502,C1635,2025-08-31,Downtown,Food,Breakfast Sandwich,1,8.45,Card,3.0
ORD11503,C1103,2025-05-30,Riverside,Espresso Drinks,Espresso Shot,3,4.86,Card,5.0
ORD11504,C1621,2025-06-05,University Ave,Pastries,Croissant,1,3.02,Cash,4.0
ORD11505,C1075,2025-03-03,University Ave,Brewed Coffee,Cold Brew,2,3.93,Card,3.0
ORD11506,C1081,2025-04-03,Downtown,Espresso Drinks,Americano,1,4.53,Card,
ORD11507,C1636,2025-09-27,Riverside,Espresso Drinks,Cappuccino,2,4.39,Card,5.0
ORD11508,C1590,2025-11-03,University Ave,Espresso Drinks,Espresso Shot,2,5.1,Gift Card,4.0
ORD11509,C1112,2025-10-13,University Ave,Tea,Herbal Tea,3,4.31,Card,4.0
ORD11510,C1645,2025-04-23,Downtown,Food,Bagel,1,7.66,Cash,
ORD11511,C1240,2025-02-19,University Ave,Food,Breakfast Sandwich,1,7.56,Mobile Pay,3.0
ORD11512,C1048,2025-02-28,Downtown,Espresso Drinks,Latte,3,5.11,Card,
ORD11513,C1535,2025-05-24,Downtown,Espresso Drinks,Americano,2,3.98,Card,
ORD11514,C1574,2025-07-08,Downtown,Espresso Drinks,Flat White,1,4.21,Mobile Pay,
ORD11515,C1322,2025-11-22,Riverside,Espresso Drinks,Flat White,2,3.81,Card,3.0
ORD11516,C1022,2025-11-24,downtown,Espresso Drinks,Americano,3,4.73,Card,
ORD11517,C1556,2025-01-01,Riverside,Espresso Drinks,Espresso Shot,2,4.22,Mobile Pay,
ORD11518,C1496,2025-09-15,Riverside,Pastries,Scone,2,2.87,Mobile Pay,
ORD11519,C1255,2025-04-19,Riverside,Espresso Drinks,Latte,2,5.56,Cash,5.0
ORD11520,C1266,2025-03-13,University Ave,Brewed Coffee,Pour Over,1,4.22,Mobile Pay,5.0
ORD11521,C1424,2025-07-22,University Ave,Pastries,Muffin,2,2.61,Cash,5.0
ORD11522,C1105,2025-01-13,Downtown,Food,Breakfast Sandwich,1,6.37,Mobile Pay,
ORD11523,C1058,2025-05-02,University Ave,Tea,Chai Latte,2,3.35,Mobile Pay,
ORD11524,C1391,2025-07-21,University Ave,Espresso Drinks,Flat White,1,4.72,Mobile Pay,
ORD11525,C1395,2025-04-10,Riverside,Pastries,Cinnamon Roll,1,4.26,Cash,
ORD11526,C1102,2025-08-04,University Ave,Pastries,Scone,3,4.05,Mobile Pay,
ORD11527,C1536,2025-06-17,Downtown,Food,Breakfast Sandwich,2,6.28,Cash,
ORD11528,C1045,2025-10-18,University Ave,Espresso Drinks,Americano,1,5.09,Card,4.0
ORD11529,C1189,2025-03-08,Riverside,Pastries,Scone,2,4.06,Card,3.0
ORD11530,C1101,2025-01-21,Downtown,Brewed Coffee,Pour Over,2,4.06,Card,
ORD11531,C1352,2025-07-12,Downtown,Espresso Drinks,Americano,2,4.2,Cash,
ORD11532,C1340,2025-04-04,Downtown,Food,Bagel,3,5.54,Card,
ORD11533,C1292,2025-09-15,Riverside,Food,Avocado Toast,1,6.55,Card,4.0
ORD11534,C1348,2025-02-03, Downtown ,Pastries,Scone,1,3.58,Gift Card,
ORD11535,C1190,2025-07-29,University Ave,Food,Breakfast Sandwich,2,6.87,Cash,3.0
ORD11536,C1538,2025-12-27,Downtown,Espresso Drinks,Latte,3,5.18,Card,
ORD11537,C1110,2025-02-03,Riverside,Espresso Drinks,Cappuccino,2,4.86,Mobile Pay,
ORD11538,C1162,2025-04-20,Riverside,Brewed Coffee,Drip Coffee,3,3.88,Cash,
ORD11539,C1611,2025-11-04,Downtown,Tea,Herbal Tea,2,4.63,Card,5.0
ORD11540,C1239,2025-07-14,Downtown,Pastries,Cinnamon Roll,1,2.52,Gift Card,4.0
ORD11541,C1058,2025-03-05,Downtown,Brewed Coffee,Cold Brew,1,4.13,Card,
ORD11542,C1446,2025-03-19,Downtown,Brewed Coffee,Drip Coffee,2,3.88,Card,5.0
ORD11543,C1153,2025-10-06,Downtown,Food,Breakfast Sandwich,1,5.56,Mobile Pay,
ORD11544,C1120,2025-11-10,Downtown,Pastries,Scone,2,3.88,Card,
ORD11545,C1554,2025-05-12,Riverside,Espresso Drinks,Flat White,2,4.97,Mobile Pay,5.0
ORD11546,C1382,2025-06-22,Downtown,Pastries,Scone,1,3.01,Mobile Pay,4.0
ORD11547,C1455,2025-10-12,Downtown,Pastries,Scone,2,2.83,Cash,
ORD11548,C1260,2025-03-06,Downtown,Espresso Drinks,Americano,3,4.01,Mobile Pay,
ORD11549,C1209,2025-03-17,Riverside,Brewed Coffee,Pour Over,3,3.63,Mobile Pay,5.0
ORD11550,C1548,2025-10-09,Downtown,Pastries,Muffin,2,3.61,Card,5.0
ORD11551,C1144,2025-03-09,Downtown,Espresso Drinks,Latte,2,4.5,Cash,
ORD11552,C1200,2025-10-08,Downtown,Espresso Drinks,Flat White,2,5.43,Card,
ORD11553,C1617,2025-06-30,University Ave,Brewed Coffee,Drip Coffee,1,2.92,Mobile Pay,
ORD11554,C1264,2025-12-27,University Ave,Brewed Coffee,Cold Brew,1,3.7,Mobile Pay,
ORD11555,C1004,2025-01-12,Downtown,Brewed Coffee,Drip Coffee,2,3.64,Gift Card,
ORD11556,C1529,2025-12-11,University Ave,Pastries,Cinnamon Roll,1,3.48,Gift Card,4.0
ORD11557,C1025,2025-03-24,Riverside,Tea,Chai Latte,1,4.16,Card,4.0
ORD11558,C1008,2025-01-13,University Ave,Food,Breakfast Sandwich,1,6.35,Cash,
ORD11559,C1572,2025-09-21,University Ave,Brewed Coffee,Cold Brew,3,3.66,Card,2.0
ORD11560,C1606,2025-07-13,Riverside,Espresso Drinks,Espresso Shot,2,5.54,Cash,4.0
ORD11561,C1017,2025-11-01,Riverside,Tea,Green Tea,3,3.89,Mobile Pay,4.0
ORD11562,C1363,2025-02-09,Downtown,Tea,Chai Latte,1,4.61,Card,
ORD11563,C1642,2025-01-30,Downtown,Espresso Drinks,Cappuccino,2,5.19,Card,
ORD11564,C1228,2025-07-26,Downtown,Espresso Drinks,Cappuccino,3,5.5,Mobile Pay,
ORD11565,C1203,2025-11-18, Downtown ,Brewed Coffee,Pour Over,3,3.46,Mobile Pay,5.0
ORD11566,C1567,2025-05-28,Riverside,Pastries,Scone,1,2.94,Card,2.0
ORD11567,C1264,2025-10-18,Downtown,Pastries,Muffin,3,2.72,Card,4.0
ORD11568,C1103,2025-11-26,Downtown,Espresso Drinks,Americano,1,3.83,Cash,
ORD11569,C1303,2025-11-13,Riverside,Pastries,Scone,2,3.5,Cash,4.0
ORD11570,C1160,2025-07-05,Riverside,Espresso Drinks,Flat White,2,5.38,Mobile Pay,4.0
ORD11571,C1050,2025-09-12,University Ave,Espresso Drinks,Espresso Shot,1,5.04,Mobile Pay,
ORD11572,C1280,2025-07-11,Downtown,Pastries,Cinnamon Roll,1,3.76,Mobile Pay,
ORD11573,C1505,2025-09-03,University Ave,Espresso Drinks,Flat White,2,5.59,Card,4.0
ORD11574,C1455,2025-07-26,Downtown,Brewed Coffee,Cold Brew,1,3.3,Mobile Pay,4.0
ORD11575,C1449,2025-07-11,University Ave,Brewed Coffee,Drip Coffee,3,3.59,Card,5.0
ORD11576,C1015,2025-06-08,University Ave,Brewed Coffee,Pour Over,2,3.73,Mobile Pay,5.0
ORD11577,C1641,2025-08-26,Downtown,Tea,Herbal Tea,1,3.75,Card,4.0
ORD11578,C1016,2025-10-01,Downtown,Espresso Drinks,Cappuccino,1,3.85,Card,4.0
ORD11579,C1127,2025-12-01,University Ave,Espresso Drinks,Flat White,1,5.01,Card,4.0
ORD11580,C1343,2025-08-12,Downtown,Pastries,Croissant,3,4.25,Card,4.0
ORD11581,C1399,2025-02-06,Downtown,Pastries,Cinnamon Roll,1,2.67,Cash,5.0
ORD11582,C1250,2025-08-02,Downtown,Espresso Drinks,Americano,1,3.9,Card,
ORD11583,C1318,2025-04-25,Riverside,Espresso Drinks,Cappuccino,2,4.57,Cash,
ORD11584,C1374,2025-01-10,University Ave,Tea,Green Tea,2,3.31,Card,
ORD11585,C1607,2025-01-27,Downtown,Espresso Drinks,Cappuccino,1,5.04,Gift Card,5.0
ORD11586,C1459,2025-08-04,Downtown,Pastries,Muffin,3,4.06,Card,
ORD11587,C1344,2025-12-10, Downtown ,Pastries,Croissant,3,3.67,Card,
ORD11588,C1413,2025-07-04,Downtown,Brewed Coffee,Pour Over,1,3.49,Card,
ORD11589,C1567,2025-06-12,riverside,Tea,Green Tea,2,4.14,Card,2.0
ORD11590,C1318,2025-02-02,Downtown,Brewed Coffee,Pour Over,1,3.08,Cash,
ORD11591,C1231,2025-09-03,Downtown,Brewed Coffee,Pour Over,1,3.48,Mobile Pay,4.0
ORD11592,C1429,2025-01-21,Riverside,Espresso Drinks,Flat White,2,5.38,Card,2.0
ORD11593,C1322,2025-11-03,Riverside,Espresso Drinks,Latte,2,4.81,Cash,
ORD11594,C1373,2025-10-25,University Ave,Pastries,Cinnamon Roll,1,2.94,Card,
ORD11595,C1378,2025-12-27,University Ave,Brewed Coffee,Pour Over,1,3.11,Mobile Pay,
ORD11596,C1621,2025-04-14,University Ave,Food,Avocado Toast,1,5.64,Gift Card,
ORD11597,C1066,2025-02-28,Riverside,Espresso Drinks,Americano,2,4.71,Mobile Pay,5.0
ORD11598,C1618,2025-04-20,University Ave,Espresso Drinks,Americano,1,5.57,Card,5.0
ORD11599,C1427,2025-10-19,Downtown,Espresso Drinks,Americano,2,4.56,Gift Card,
ORD11600,C1387,2025-03-21,Downtown,Brewed Coffee,Cold Brew,3,3.43,Card,
ORD11601,C1040,2025-11-20,University Ave,Pastries,Cinnamon Roll,3,4.38,Mobile Pay,4.0
ORD11602,C1358,2025-02-26,Riverside,Espresso Drinks,Flat White,1,5.17,Cash,
ORD11603,C1542,2025-01-18, Downtown ,Pastries,Scone,1,4.09,Mobile Pay,3.0
ORD11604,C1307,2025-03-21,University Ave,Espresso Drinks,Americano,1,4.13,Card,
ORD11605,C1520,2025-10-02,Downtown,Espresso Drinks,Cappuccino,1,5.19,Card,
ORD11606,C1066,2025-08-08,Riverside,Pastries,Muffin,1,3.6,Mobile Pay,4.0
ORD11607,C1383,2025-05-10,Downtown,Espresso Drinks,Americano,1,4.29,Card,4.0
ORD11608,C1208,2025-08-27,Downtown,Brewed Coffee,Pour Over,1,4.05,Card,4.0
ORD11609,C1619,2025-08-25,University Ave,Espresso Drinks,Cappuccino,1,5.35,Cash,3.0
ORD11610,C1334,2025-07-21,University Ave,Pastries,Croissant,1,3.19,Cash,3.0
ORD11611,C1482,2025-07-07,Riverside,Pastries,Croissant,1,4.45,Card,5.0
ORD11612,C1575,2025-02-06,University Ave,Espresso Drinks,Flat White,2,5.26,Card,3.0
ORD11613,C1121,2025-04-05,Downtown,Tea,Chai Latte,2,3.45,Mobile Pay,
ORD11614,C1003,2025-07-12,Downtown,Espresso Drinks,Flat White,3,5.6,Mobile Pay,3.0
ORD11615,C1527,2025-02-19,Downtown,Brewed Coffee,Pour Over,2,3.04,Card,1.0
ORD11616,C1590,2025-06-23,Riverside,Brewed Coffee,Cold Brew,2,3.99,Cash,
ORD11617,C1343,2025-02-12,Downtown,Food,Bagel,1,5.99,Mobile Pay,
ORD11618,C1371,2025-10-14,Downtown,Espresso Drinks,Flat White,1,4.16,Card,
ORD11619,C1369,2025-02-07, Downtown ,Espresso Drinks,Flat White,2,5.21,Mobile Pay,
ORD11620,C1335,2025-02-03,University Ave,Espresso Drinks,Flat White,1,3.8,Card,3.0
ORD11621,C1103,2025-08-21,Downtown,Food,Avocado Toast,1,6.96,Card,
ORD11622,C1228,2025-03-22,Riverside,Tea,Chai Latte,2,4.57,Mobile Pay,
ORD11623,C1434,2025-05-08,Downtown,Brewed Coffee,Drip Coffee,1,3.94,Cash,5.0
ORD11624,C1509,2025-04-25,Downtown,Espresso Drinks,Espresso Shot,2,5.32,Card,
ORD11625,C1198,2025-03-20,Riverside,Tea,Chai Latte,3,3.84,Card,4.0
ORD11626,C1279,2025-10-05,Downtown,Espresso Drinks,Latte,1,5.62,Cash,
ORD11627,C1483,2025-09-09,University Ave,Pastries,Cinnamon Roll,2,3.26,Mobile Pay,
ORD11628,C1295,2025-03-28,University Ave,Espresso Drinks,Flat White,2,4.57,Card,4.0
ORD11629,C1142,2025-09-08,Riverside,Food,Bagel,2,6.76,Card,
ORD11630,C1112,2025-09-17,Downtown,Pastries,Croissant,1,4.07,Card,5.0
ORD11631,C1423,2025-07-16,University Ave,Espresso Drinks,Cappuccino,3,3.91,Mobile Pay,
ORD11632,C1592,2025-07-30,University Ave,Brewed Coffee,Pour Over,1,3.23,Gift Card,4.0
ORD11633,C1475,2025-12-07,Riverside,Brewed Coffee,Pour Over,3,2.88,Card,3.0
ORD11634,C1644,2025-06-15,University Ave,Brewed Coffee,Pour Over,1,3.04,Mobile Pay,
ORD11635,C1274,2025-05-21,Riverside,Pastries,Scone,3,4.11,Mobile Pay,4.0
ORD11636,C1492,2025-07-16,University Ave,Espresso Drinks,Flat White,1,4.4,Mobile Pay,
ORD11637,C1554,2025-11-01,Riverside,Espresso Drinks,Cappuccino,2,4.32,Card,5.0
ORD11638,C1647,2025-09-16,University Ave,Espresso Drinks,Espresso Shot,2,3.9,Gift Card,2.0
ORD11639,C1021,2025-01-28,University Ave,Espresso Drinks,Latte,3,3.86,Mobile Pay,
ORD11640,C1152,2025-06-17,Downtown,Espresso Drinks,Latte,1,4.99,Cash,
ORD11641,C1588,2025-09-27,Riverside,Espresso Drinks,Latte,2,4.57,Cash,
ORD11642,C1084,2025-03-23,Downtown,Tea,Herbal Tea,3,3.77,Card,
ORD11643,C1506,2025-12-26,Downtown,Espresso Drinks,Latte,1,5.18,Cash,3.0
ORD11644,C1183,2025-10-22,Downtown,Tea,Green Tea,2,3.92,Card,4.0
ORD11645,C1090,2025-11-05,Downtown,Espresso Drinks,Flat White,1,5.62,Cash,3.0
ORD11646,C1614,2025-01-30,Riverside,Espresso Drinks,Flat White,2,3.96,Mobile Pay,5.0
ORD11647,C1026,2025-07-30,university ave,Espresso Drinks,Espresso Shot,1,4.56,Card,5.0
ORD11648,C1626,2025-07-12,university ave,Espresso Drinks,Cappuccino,1,5.28,Card,4.0
ORD11649,C1638,2025-08-17,Downtown,Espresso Drinks,Americano,3,3.97,Mobile Pay,4.0
ORD11650,C1470,2025-11-06,Downtown,Espresso Drinks,Flat White,2,3.93,Card,5.0
ORD11651,C1543,2025-05-09,University Ave,Tea,Chai Latte,2,4.43,Cash,3.0
ORD11652,C1560,2025-07-14,Riverside,Pastries,Muffin,2,4.5,Cash,3.0
ORD11653,C1175,2025-09-05,riverside,Tea,Green Tea,1,4.07,Card,
ORD11654,C1493,2025-10-02,Downtown,Food,Avocado Toast,2,8.26,Cash,4.0
ORD11655,C1045,2025-10-08,Downtown,Brewed Coffee,Cold Brew,1,4.06,Mobile Pay,3.0
ORD11656,C1480,2025-05-03,University Ave,Espresso Drinks,Americano,2,5.13,Cash,
ORD11657,C1518,2025-12-30,Downtown,Brewed Coffee,Cold Brew,1,3.71,Mobile Pay,
ORD11658,C1228,2025-01-04,riverside,Pastries,Muffin,2,2.67,Card,4.0
ORD11659,C1619,2025-06-29,Riverside,Espresso Drinks,Latte,2,4.06,Card,
ORD11660,C1392,2025-08-10,Riverside,Brewed Coffee,Cold Brew,1,3.79,Cash,4.0
ORD11661,C1492,2025-01-23,University Ave,Espresso Drinks,Espresso Shot,2,5.49,Card,
ORD11662,C1036,2025-06-14,University Ave,Pastries,Scone,2,3.33,Cash,3.0
ORD11663,C1488,2025-08-05,Riverside,Espresso Drinks,Espresso Shot,1,4.01,Mobile Pay,4.0
ORD11664,C1465,2025-08-10,Downtown,Espresso Drinks,Americano,3,3.99,Card,
ORD11665,C1555,2025-02-13,University Ave,Espresso Drinks,Flat White,1,3.78,Cash,
ORD11666,C1061,2025-04-12,University Ave,Espresso Drinks,Espresso Shot,2,4.84,Mobile Pay,
ORD11667,C1086,2025-03-31,Riverside,Brewed Coffee,Cold Brew,1,4.1,Mobile Pay,
ORD11668,C1519,2025-08-21,Riverside,Pastries,Croissant,1,3.71,Mobile Pay,
ORD11669,C1499,2025-04-30,Riverside,Tea,Herbal Tea,1,3.38,Mobile Pay,
ORD11670,C1120,2025-07-28,University Ave,Pastries,Cinnamon Roll,3,3.48,Mobile Pay,
ORD11671,C1279,2025-09-24,Downtown,Brewed Coffee,Pour Over,1,3.71,Mobile Pay,2.0
ORD11672,C1484,2025-10-18,Downtown,Pastries,Croissant,1,3.38,Card,4.0
ORD11673,C1490,2025-03-08,University Ave,Espresso Drinks,Latte,2,4.96,Card,4.0
ORD11674,C1441,2025-11-25,University Ave,Tea,Green Tea,1,3.72,Card,5.0
ORD11675,C1335,2025-03-02,University Ave,Brewed Coffee,Drip Coffee,1,3.67,Gift Card,
ORD11676,C1168,2025-01-08,Downtown,Espresso Drinks,Americano,2,5.31,Cash,
ORD11677,C1229,2025-01-17,University Ave,Food,Bagel,2,6.58,Card,
ORD11678,C1111,2025-03-15,Downtown,Tea,Green Tea,2,4.63,Mobile Pay,3.0
ORD11679,C1253,2025-11-14,Downtown,Tea,Green Tea,1,4.63,Mobile Pay,
ORD11680,C1503,2025-03-17,University Ave,Pastries,Muffin,1,3.7,Card,
ORD11681,C1457,2025-09-10,Downtown,Espresso Drinks,Flat White,1,4.58,Cash,
ORD11682,C1618,2025-06-02,Riverside,Espresso Drinks,Cappuccino,2,4.65,Card,5.0
ORD11683,C1219,2025-01-15,Riverside,Food,Bagel,2,6.42,Mobile Pay,
ORD11684,C1369,2025-06-11,University Ave,Espresso Drinks,Flat White,1,4.79,Card,
ORD11685,C1219,2025-01-11,University Ave,Brewed Coffee,Drip Coffee,2,3.63,Mobile Pay,
ORD11686,C1390,2025-06-23,Downtown,Brewed Coffee,Drip Coffee,1,3.76,Mobile Pay,4.0
ORD11687,C1374,2025-07-23,Riverside,Food,Breakfast Sandwich,1,5.57,Mobile Pay,
ORD11688,C1504,2025-07-09,Downtown,Espresso Drinks,Americano,1,4.38,Cash,2.0
ORD11689,C1592,2025-04-13, Downtown ,Espresso Drinks,Americano,1,4.99,Mobile Pay,3.0
ORD11690,C1090,2025-10-07,Downtown,Brewed Coffee,Cold Brew,1,3.01,Card,5.0
ORD11691,C1247,2025-08-06,Downtown,Pastries,Cinnamon Roll,1,4.43,Card,
ORD11692,C1248,2025-04-03,Downtown,Brewed Coffee,Drip Coffee,3,3.9,Mobile Pay,
ORD11693,C1315,2025-06-08,Downtown,Pastries,Muffin,2,3.63,Cash,
ORD11694,C1452,2025-02-09,University Ave,Food,Avocado Toast,1,8.44,Card,3.0
ORD11695,C1531,2025-12-03,Downtown,Espresso Drinks,Flat White,1,3.78,Card,3.0
ORD11696,C1099,2025-10-02,Downtown,Food,Breakfast Sandwich,2,7.67,Mobile Pay,
ORD11697,C1017,2025-04-15,University Ave,Espresso Drinks,Latte,1,4.23,Card,
ORD11698,C1515,2025-09-03,Downtown,Food,Bagel,1,6.95,Cash,3.0
ORD11699,C1134,2025-09-05,Riverside,Tea,Herbal Tea,3,3.96,Card,3.0
ORD11700,C1085,2025-08-10,University Ave,Espresso Drinks,Americano,1,4.86,Mobile Pay,
ORD11701,C1466,2025-01-20,Riverside,Food,Breakfast Sandwich,1,6.22,Cash,3.0
ORD11702,C1354,2025-11-16,Riverside,Tea,Herbal Tea,3,4.09,Card,
ORD11703,C1485,2025-12-14,Downtown,Brewed Coffee,Pour Over,1,3.88,Cash,
ORD11704,C1426,2025-12-21,riverside,Pastries,Muffin,2,3.6,Cash,
ORD11705,C1412,2025-12-23,University Ave,Espresso Drinks,Espresso Shot,1,5.73,Card,
ORD11706,C1461,2025-12-05,Downtown,Espresso Drinks,Americano,2,4.41,Card,
ORD11707,C1528,2025-09-27,Downtown,Espresso Drinks,Cappuccino,1,4.74,Card,1.0
ORD11708,C1575,2025-01-21,Downtown,Espresso Drinks,Americano,2,4.82,Card,5.0
ORD11709,C1248,2025-06-19,Downtown,Espresso Drinks,Flat White,1,5.62,Card,
ORD11710,C1262,2025-03-31,Downtown,Brewed Coffee,Pour Over,2,3.79,Card,
ORD11711,C1033,2025-03-22,Riverside,Espresso Drinks,Flat White,1,3.81,Card,2.0
ORD11712,C1496,2025-10-30,University Ave,Pastries,Scone,1,3.69,Card,
ORD11713,C1535,2025-10-23,University Ave,Brewed Coffee,Drip Coffee,1,2.99,Mobile Pay,
ORD11714,C1470,2025-07-10,Downtown,Brewed Coffee,Cold Brew,3,4.13,Card,
ORD11715,C1420,2025-09-26,University Ave,Tea,Chai Latte,2,4.59,Card,
ORD11716,C1648,2025-02-17,Downtown,Pastries,Scone,2,4.19,Mobile Pay,4.0
ORD11717,C1004,2025-03-22,Downtown,Espresso Drinks,Latte,1,3.95,Cash,
ORD11718,C1063,2025-11-10,University Ave,Pastries,Croissant,3,3.8,Cash,
ORD11719,C1104,2025-06-14,Riverside,Tea,Herbal Tea,1,4.37,Gift Card,4.0
ORD11720,C1454,2025-07-18,downtown,Brewed Coffee,Drip Coffee,1,3.71,Mobile Pay,
ORD11721,C1066,2025-06-18,University Ave,Pastries,Croissant,3,3.25,Gift Card,4.0
ORD11722,C1460,2025-03-15,downtown,Tea,Herbal Tea,2,4.51,Cash,4.0
ORD11723,C1292,2025-10-28,Downtown,Tea,Chai Latte,1,4.19,Card,
ORD11724,C1480,2025-10-04,University Ave,Pastries,Croissant,1,3.24,Card,
ORD11725,C1622,2025-09-06,Downtown,Food,Bagel,2,5.68,Card,
ORD11726,C1587,2025-05-09,University Ave,Espresso Drinks,Flat White,1,4.48,Card,
ORD11727,C1397,2025-08-23,Downtown,Espresso Drinks,Flat White,1,3.86,Card,5.0
ORD11728,C1349,2025-12-13,downtown,Espresso Drinks,Flat White,3,5.67,Card,
ORD11729,C1109,2025-08-25,Downtown,Espresso Drinks,Flat White,1,5.35,Card,4.0
ORD11730,C1014,2025-06-29,Downtown,Espresso Drinks,Latte,1,4.93,Card,4.0
ORD11731,C1476,2025-04-09,Riverside,Brewed Coffee,Cold Brew,1,3.36,Card,
ORD11732,C1427,2025-07-10,Downtown,Espresso Drinks,Cappuccino,1,4.57,Mobile Pay,
ORD11733,C1253,2025-05-16,University Ave,Espresso Drinks,Espresso Shot,2,5.27,Card,5.0
ORD11734,C1178,2025-08-11,Riverside,Espresso Drinks,Flat White,1,5.47,Mobile Pay,5.0
ORD11735,C1214,2025-01-17,Downtown,Espresso Drinks,Latte,1,4.71,Cash,
ORD11736,C1383,2025-03-11,Riverside,Espresso Drinks,Americano,2,5.44,Cash,
ORD11737,C1345,2025-10-14,Riverside,Brewed Coffee,Drip Coffee,1,3.99,Card,
ORD11738,C1587,2025-05-19,Downtown,Pastries,Cinnamon Roll,2,4.34,Card,3.0
ORD11739,C1025,2025-06-07,University Ave,Brewed Coffee,Pour Over,2,3.99,Gift Card,
ORD11740,C1238,2025-07-17,Riverside,Espresso Drinks,Espresso Shot,2,5.31,Gift Card,
ORD11741,C1598,2025-06-09,Riverside,Espresso Drinks,Flat White,2,4.48,Mobile Pay,
ORD11742,C1374,2025-10-04,Downtown,Espresso Drinks,Cappuccino,1,4.83,Cash,4.0
ORD11743,C1336,2025-03-31,Riverside,Espresso Drinks,Cappuccino,3,5.24,Mobile Pay,4.0
ORD11744,C1184,2025-10-04,Downtown,Espresso Drinks,Latte,1,4.23,Card,
ORD11745,C1102,2025-03-18,University Ave,Brewed Coffee,Drip Coffee,1,4.2,Card,
ORD11746,C1561,2025-05-15,Riverside,Tea,Herbal Tea,2,4.33,Cash,
ORD11747,C1629,2025-08-02,Downtown,Brewed Coffee,Drip Coffee,1,3.51,Card,
ORD11748,C1400,2025-11-19,Downtown,Espresso Drinks,Flat White,2,4.01,Card,4.0
ORD11749,C1569,2025-03-26,Downtown,Pastries,Scone,2,3.95,Cash,
ORD11750,C1269,2025-08-02,downtown,Espresso Drinks,Flat White,1,4.02,Mobile Pay,2.0
ORD11751,C1448,2025-01-24,Riverside,Espresso Drinks,Americano,1,5.66,Gift Card,
ORD11752,C1135,2025-01-28,Downtown,Espresso Drinks,Flat White,1,4.66,Card,
ORD11753,C1318,2025-10-07,Riverside,Tea,Chai Latte,2,4.67,Card,
ORD11754,C1616,2025-09-19,Downtown,Espresso Drinks,Flat White,2,3.79,Card,
ORD11755,C1490,2025-05-18,Downtown,Food,Avocado Toast,1,6.66,Mobile Pay,5.0
ORD11756,C1041,2025-08-15,Riverside,Pastries,Cinnamon Roll,1,3.58,Mobile Pay,
ORD11757,C1255,2025-05-19,Downtown,Tea,Herbal Tea,2,3.43,Card,4.0
ORD11758,C1430,2025-04-11,University Ave,Brewed Coffee,Drip Coffee,2,2.88,Card,
ORD11759,C1452,2025-06-06,University Ave,Espresso Drinks,Cappuccino,1,4.47,Mobile Pay,
ORD11760,C1513,2025-04-24,University Ave,Espresso Drinks,Latte,1,4.66,Gift Card,
ORD11761,C1205,2025-10-24,Riverside,Espresso Drinks,Flat White,3,4.67,Card,5.0
ORD11762,C1053,2025-05-30,Downtown,Espresso Drinks,Flat White,2,4.15,Gift Card,
ORD11763,C1069,2025-04-27,Riverside,Brewed Coffee,Pour Over,1,3.62,Card,5.0
ORD11764,C1409,2025-07-15,Downtown,Espresso Drinks,Latte,3,4.62,Card,5.0
ORD11765,C1207,2025-10-03,University Ave,Pastries,Croissant,1,3.92,Card,
ORD11766,C1427,2025-04-10,Downtown,Espresso Drinks,Latte,1,4.95,Gift Card,
ORD11767,C1282,2025-12-08,University Ave,Brewed Coffee,Cold Brew,2,3.78,Cash,4.0
ORD11768,C1059,2025-06-18, Downtown ,Food,Breakfast Sandwich,2,8.07,Mobile Pay,
ORD11769,C1474,2025-08-29,Riverside,Tea,Herbal Tea,1,3.46,Gift Card,3.0
ORD11770,C1410,2025-12-15,Downtown,Espresso Drinks,Cappuccino,3,5.39,Card,
ORD11771,C1190,2025-06-07,Downtown,Espresso Drinks,Americano,3,5.44,Card,
ORD11772,C1083,2025-03-14,Riverside,Espresso Drinks,Cappuccino,2,4.42,Mobile Pay,
ORD11773,C1164,2025-09-30,Downtown,Tea,Chai Latte,2,4.47,Card,4.0
ORD11774,C1174,2025-01-03,University Ave,Tea,Green Tea,1,3.45,Mobile Pay,4.0
ORD11775,C1364,2025-06-16,University Ave,Espresso Drinks,Latte,3,5.44,Mobile Pay,4.0
ORD11776,C1164,2025-12-23,Downtown,Espresso Drinks,Cappuccino,1,4.58,Card,
ORD11777,C1332,2025-05-31,Riverside,Food,Bagel,1,7.25,Cash,
ORD11778,C1254,2025-09-07,University Ave,Espresso Drinks,Flat White,1,4.55,Card,2.0
ORD11779,C1324,2025-07-11,University Ave,Tea,Green Tea,2,3.86,Gift Card,4.0
ORD11780,C1447,2025-03-20,Riverside,Espresso Drinks,Espresso Shot,2,5.07,Card,4.0
ORD11781,C1350,2025-04-26,University Ave,Brewed Coffee,Pour Over,2,2.99,Card,
ORD11782,C1505,2025-07-10,Riverside,Espresso Drinks,Cappuccino,2,4.41,Mobile Pay,
ORD11783,C1624,2025-02-07,Riverside,Brewed Coffee,Cold Brew,2,3.73,Mobile Pay,
ORD11784,C1074,2025-06-01,University Ave,Espresso Drinks,Latte,3,5.45,Gift Card,
ORD11785,C1107,2025-06-01,Downtown,Espresso Drinks,Flat White,3,4.31,Mobile Pay,5.0
ORD11786,C1252,2025-10-31,Riverside,Espresso Drinks,Cappuccino,3,3.89,Card,3.0
ORD11787,C1170,2025-02-15,University Ave,Espresso Drinks,Cappuccino,1,3.97,Mobile Pay,3.0
ORD11788,C1413,2025-11-03,Downtown,Espresso Drinks,Cappuccino,1,5.71,Cash,1.0
ORD11789,C1448,2025-05-30,Downtown,Espresso Drinks,Latte,2,4.86,Cash,
ORD11790,C1440,2025-08-26,Downtown,Food,Breakfast Sandwich,2,5.53,Card,3.0
ORD11791,C1117,2025-07-22, Downtown ,Espresso Drinks,Flat White,2,3.81,Mobile Pay,5.0
ORD11792,C1173,2025-04-20,Downtown,Pastries,Croissant,1,3.8,Mobile Pay,
ORD11793,C1002,2025-12-05,Downtown,Pastries,Croissant,1,3.17,Card,
ORD11794,C1518,2025-03-23,Downtown,Pastries,Cinnamon Roll,1,3.97,Mobile Pay,4.0
ORD11795,C1009,2025-01-14,Riverside,Brewed Coffee,Cold Brew,1,4.12,Card,
ORD11796,C1054,2025-10-01,Riverside,Espresso Drinks,Latte,1,4.84,Card,4.0
ORD11797,C1028,2025-08-15,Riverside,Brewed Coffee,Pour Over,3,3.65,Card,
ORD11798,C1530,2025-11-21,Downtown,Brewed Coffee,Cold Brew,1,3.46,Card,
ORD11799,C1007,2025-06-16,University Ave,Tea,Green Tea,3,3.36,Mobile Pay,4.0
ORD11800,C1131,2025-01-07,Downtown,Brewed Coffee,Pour Over,1,3.98,Card,
ORD11801,C1563,2025-01-08,Riverside,Pastries,Cinnamon Roll,1,2.81,Card,
ORD11802,C1531,2025-06-07,Riverside,Brewed Coffee,Cold Brew,1,3.19,Card,5.0
ORD11803,C1634,2025-04-01,University Ave,Espresso Drinks,Espresso Shot,2,5.42,Mobile Pay,
ORD11804,C1285,2025-12-02,University Ave,Espresso Drinks,Cappuccino,2,4.28,Card,
ORD11805,C1284,2025-02-13,Riverside,Pastries,Croissant,3,3.56,Mobile Pay,
ORD11806,C1020,2025-11-17,Riverside,Espresso Drinks,Americano,3,4.46,Mobile Pay,
ORD11807,C1485,2025-03-20,Downtown,Pastries,Scone,1,3.28,Mobile Pay,
ORD11808,C1607,2025-02-13,Riverside,Tea,Green Tea,2,4.22,Mobile Pay,
ORD11809,C1174,2025-04-10,Riverside,Tea,Green Tea,1,4.16,Card,5.0
ORD11810,C1627,2025-02-22,Downtown,Pastries,Croissant,2,4.06,Cash,
ORD11811,C1167,2025-05-27,Riverside,Pastries,Muffin,2,4.36,Card,4.0
ORD11812,C1327,2025-05-01,Riverside,Pastries,Muffin,1,3.11,Cash,
ORD11813,C1350,2025-07-12,University Ave,Food,Breakfast Sandwich,1,7.93,Card,
ORD11814,C1078,2025-07-15,University Ave,Espresso Drinks,Cappuccino,2,4.45,Card,
ORD11815,C1331,2025-01-01,riverside,Espresso Drinks,Espresso Shot,2,4.76,Cash,
ORD11816,C1287,2025-02-15,Downtown,Pastries,Muffin,1,2.64,Card,
ORD11817,C1121,2025-02-28,university ave,Brewed Coffee,Cold Brew,1,3.11,Cash,
ORD11818,C1064,2025-03-12,Downtown,Espresso Drinks,Espresso Shot,1,5.25,Mobile Pay,
ORD11819,C1457,2025-02-04,Downtown,Pastries,Cinnamon Roll,1,3.47,Mobile Pay,5.0
ORD11820,C1380,2025-04-25,Downtown,Espresso Drinks,Americano,1,4.42,Cash,3.0
ORD11821,C1408,2025-07-20,Riverside,Espresso Drinks,Flat White,3,5.53,Card,
ORD11822,C1648,2025-04-23,University Ave,Brewed Coffee,Cold Brew,1,3.76,Cash,
ORD11823,C1137,2025-04-30,Downtown,Pastries,Scone,1,2.87,Card,5.0
ORD11824,C1109,2025-06-20, Downtown ,Espresso Drinks,Flat White,1,4.19,Card,4.0
ORD11825,C1101,2025-07-19,Riverside,Espresso Drinks,Cappuccino,2,4.26,Card,
ORD11826,C1228,2025-05-01,Downtown,Brewed Coffee,Pour Over,1,3.26,Card,
ORD11827,C1154,2025-03-22,University Ave,Espresso Drinks,Flat White,2,5.31,Mobile Pay,
ORD11828,C1576,2025-05-30,Riverside,Espresso Drinks,Flat White,3,4.53,Card,
ORD11829,C1344,2025-01-09,Riverside,Food,Avocado Toast,2,5.7,Card,5.0
ORD11830,C1368,2025-06-29,University Ave,Espresso Drinks,Espresso Shot,1,4.22,Cash,4.0
ORD11831,C1499,2025-12-09,Downtown,Espresso Drinks,Americano,3,4.87,Card,4.0
ORD11832,C1331,2025-05-25,Downtown,Brewed Coffee,Drip Coffee,1,3.24,Mobile Pay,
ORD11833,C1569,2025-02-09, Riverside ,Espresso Drinks,Espresso Shot,2,5.35,Card,
ORD11834,C1631,2025-09-15,downtown,Brewed Coffee,Pour Over,2,3.26,Mobile Pay,
ORD11835,C1329,2025-02-16,University Ave,Espresso Drinks,Flat White,1,3.97,Mobile Pay,
ORD11836,C1375,2025-03-12,University Ave,Brewed Coffee,Cold Brew,1,3.57,Card,4.0
ORD11837,C1287,2025-02-23,University Ave,Tea,Green Tea,1,3.86,Mobile Pay,5.0
ORD11838,C1039,2025-11-18,Downtown,Brewed Coffee,Drip Coffee,1,4.18,Card,
ORD11839,C1327,2025-12-24,University Ave,Espresso Drinks,Latte,1,4.57,Mobile Pay,
ORD11840,C1324,2025-07-27,Downtown,Brewed Coffee,Drip Coffee,3,3.98,Card,
ORD11841,C1360,2025-08-13,Downtown,Espresso Drinks,Cappuccino,1,4.24,Gift Card,
ORD11842,C1350,2025-08-23,Riverside,Food,Avocado Toast,2,7.14,Mobile Pay,
ORD11843,C1518,2025-08-11,Downtown,Pastries,Cinnamon Roll,1,2.66,Cash,
ORD11844,C1386,2025-07-18,university ave,Espresso Drinks,Espresso Shot,2,5.45,Gift Card,
ORD11845,C1375,2025-12-26,Riverside,Tea,Herbal Tea,3,4.45,Mobile Pay,5.0
ORD11846,C1055,2025-09-24,University Ave,Brewed Coffee,Drip Coffee,3,3.71,Card,
ORD11847,C1587,2025-02-02,Downtown,Pastries,Muffin,3,3.26,Cash,
ORD11848,C1572,2025-05-23,Riverside,Espresso Drinks,Latte,1,4.78,Card,
ORD11849,C1266,2025-12-21,Riverside,Espresso Drinks,Cappuccino,1,4.32,Mobile Pay,
ORD11850,C1419,2025-05-27,University Ave,Pastries,Croissant,2,3.16,Card,
ORD11851,C1632,2025-03-16,University Ave,Pastries,Croissant,2,4.08,Gift Card,
ORD11852,C1087,2025-11-13,University Ave,Food,Avocado Toast,2,6.05,Card,5.0
ORD11853,C1615,2025-08-15,University Ave,Brewed Coffee,Pour Over,1,2.96,Card,4.0
ORD11854,C1178,2025-07-24,Downtown,Espresso Drinks,Latte,1,4.82,Cash,5.0
ORD11855,C1107,2025-06-02,University Ave,Pastries,Muffin,1,4.15,Cash,4.0
ORD11856,C1111,2025-02-15,Downtown,Brewed Coffee,Cold Brew,3,3.56,Mobile Pay,
ORD11857,C1021,2025-05-20,University Ave,Brewed Coffee,Cold Brew,2,3.56,Card,5.0
ORD11858,C1571,2025-06-09,Downtown,Espresso Drinks,Cappuccino,1,4.38,Mobile Pay,
ORD11859,C1233,2025-12-05,Riverside,Brewed Coffee,Cold Brew,2,3.11,Mobile Pay,
ORD11860,C1363,2025-04-22,University Ave,Espresso Drinks,Flat White,2,5.3,Mobile Pay,5.0
ORD11861,C1592,2025-02-24,University Ave,Pastries,Muffin,1,4.22,Card,4.0
ORD11862,C1269,2025-06-05,University Ave,Brewed Coffee,Pour Over,1,3.35,Mobile Pay,5.0
ORD11863,C1163,2025-12-29,Riverside,Espresso Drinks,Americano,2,4.68,Card,
ORD11864,C1339,2025-06-25,Riverside,Espresso Drinks,Americano,1,5.3,Card,5.0
ORD11865,C1187,2025-05-19,University Ave,Espresso Drinks,Espresso Shot,1,5.7,Cash,3.0
ORD11866,C1400,2025-08-31,Riverside,Tea,Chai Latte,1,3.26,Card,
ORD11867,C1130,2025-08-25,Downtown,Espresso Drinks,Americano,1,5.34,Mobile Pay,5.0
ORD11868,C1116,2025-04-19,Downtown,Espresso Drinks,Cappuccino,2,4.75,Mobile Pay,3.0
ORD11869,C1208,2025-12-19,University Ave,Brewed Coffee,Drip Coffee,1,2.9,Card,4.0
ORD11870,C1598,2025-08-04,Riverside,Espresso Drinks,Cappuccino,3,5.26,Mobile Pay,3.0
ORD11871,C1110,2025-01-21,Downtown,Espresso Drinks,Americano,1,4.21,Mobile Pay,
ORD11872,C1033,2025-05-29,Downtown,Pastries,Scone,3,2.66,Card,4.0
ORD11873,C1552,2025-12-02,Downtown,Espresso Drinks,Cappuccino,3,4.25,Mobile Pay,1.0
ORD11874,C1082,2025-05-24, University Ave ,Pastries,Cinnamon Roll,1,4.26,Card,
ORD11875,C1067,2025-07-26,Downtown,Pastries,Cinnamon Roll,1,3.32,Mobile Pay,
ORD11876,C1643,2025-08-11,University Ave,Pastries,Scone,2,3.94,Gift Card,3.0
ORD11877,C1618,2025-09-14,University Ave,Brewed Coffee,Pour Over,2,3.56,Mobile Pay,4.0
ORD11878,C1587,2025-11-14,Downtown,Espresso Drinks,Cappuccino,1,4.05,Card,
ORD11879,C1420,2025-02-24,Downtown,Pastries,Cinnamon Roll,3,3.54,Cash,5.0
ORD11880,C1027,2025-07-08,University Ave,Tea,Green Tea,1,4.07,Card,
ORD11881,C1384,2025-07-14,Riverside,Brewed Coffee,Pour Over,1,4.04,Cash,
ORD11882,C1608,2025-02-25,Downtown,Brewed Coffee,Cold Brew,1,3.52,Cash,
ORD11883,C1466,2025-09-03,Downtown,Pastries,Cinnamon Roll,1,3.0,Mobile Pay,4.0
ORD11884,C1238,2025-02-13,Downtown,Food,Breakfast Sandwich,1,5.57,Cash,
ORD11885,C1130,2025-06-16,Downtown,Espresso Drinks,Cappuccino,3,4.81,Card,4.0
ORD11886,C1646,2025-05-01,Downtown,Food,Breakfast Sandwich,1,6.5,Mobile Pay,4.0
ORD11887,C1397,2025-02-26,Downtown,Espresso Drinks,Latte,1,5.27,Gift Card,3.0
ORD11888,C1230,2025-10-27,Riverside,Espresso Drinks,Cappuccino,3,4.35,Cash,2.0
ORD11889,C1055,2025-03-30,Downtown,Espresso Drinks,Cappuccino,1,5.56,Card,
ORD11890,C1301,2025-04-03,Downtown,Food,Avocado Toast,1,6.78,Card,
ORD11891,C1468,2025-11-07,Downtown,Food,Bagel,1,7.51,Card,4.0
ORD11892,C1565,2025-11-16,Downtown,Brewed Coffee,Cold Brew,2,3.61,Card,5.0
ORD11893,C1170,2025-01-13,Downtown,Pastries,Scone,1,4.17,Card,2.0
ORD11894,C1557,2025-04-12,Riverside,Espresso Drinks,Cappuccino,1,5.16,Card,
ORD11895,C1538,2025-09-16,Downtown,Tea,Herbal Tea,2,4.59,Cash,
ORD11896,C1388,2025-10-11,University Ave,Pastries,Muffin,1,4.11,Card,
ORD11897,C1541,2025-12-30,University Ave,Pastries,Croissant,3,4.37,Mobile Pay,
ORD11898,C1199,2025-07-21,Downtown,Pastries,Croissant,1,3.02,Mobile Pay,
ORD11899,C1098,2025-01-03,Riverside,Tea,Chai Latte,1,3.38,Card,
ORD11900,C1535,2025-11-15,Downtown,Pastries,Scone,1,2.72,Card,
ORD11901,C1493,2025-02-28,University Ave,Food,Avocado Toast,2,8.0,Mobile Pay,
ORD11902,C1171,2025-02-13,Downtown,Espresso Drinks,Latte,2,4.69,Card,4.0
ORD11903,C1041,2025-09-03,Riverside,Tea,Chai Latte,1,3.29,Mobile Pay,
ORD11904,C1459,2025-08-08,Riverside,Espresso Drinks,Espresso Shot,1,5.4,Card,
ORD11905,C1586,2025-01-22,University Ave,Tea,Herbal Tea,1,3.76,Mobile Pay,5.0
ORD11906,C1015,2025-03-03,Riverside,Pastries,Scone,1,3.29,Card,
ORD11907,C1088,2025-08-03,Downtown,Brewed Coffee,Pour Over,1,4.18,Mobile Pay,
ORD11908,C1545,2025-04-03,University Ave,Tea,Chai Latte,1,4.56,Mobile Pay,4.0
ORD11909,C1414,2025-09-06,Downtown,Espresso Drinks,Latte,2,5.61,Mobile Pay,4.0
ORD11910,C1397,2025-05-30,Downtown,Espresso Drinks,Espresso Shot,2,3.82,Mobile Pay,4.0
ORD11911,C1524,2025-08-03,Downtown,Espresso Drinks,Cappuccino,1,4.29,Card,
ORD11912,C1108,2025-06-22,Riverside,Espresso Drinks,Flat White,1,4.75,Cash,
ORD11913,C1630,2025-05-13,downtown,Pastries,Croissant,3,3.56,Card,5.0
ORD11914,C1633,2025-05-05,Downtown,Espresso Drinks,Latte,1,4.82,Cash,
ORD11915,C1090,2025-09-11,Downtown,Espresso Drinks,Americano,2,5.32,Card,
ORD11916,C1506,2025-07-07,Downtown,Brewed Coffee,Cold Brew,1,3.89,Cash,
ORD11917,C1127,2025-08-05,Riverside,Espresso Drinks,Americano,1,4.47,Card,4.0
ORD11918,C1219,2025-07-30,Riverside,Tea,Chai Latte,1,4.12,Card,4.0
ORD11919,C1153,2025-03-17,University Ave,Food,Avocado Toast,2,7.7,Card,5.0
ORD11920,C1630,2025-11-29,Riverside,Pastries,Muffin,1,4.12,Card,4.0
ORD11921,C1340,2025-07-24,Riverside,Tea,Herbal Tea,1,4.7,Card,
ORD11922,C1173,2025-09-19,Riverside,Espresso Drinks,Cappuccino,1,3.87,Cash,
ORD11923,C1160,2025-11-18,University Ave,Brewed Coffee,Pour Over,2,3.27,Mobile Pay,5.0
ORD11924,C1184,2025-12-03,Riverside,Brewed Coffee,Drip Coffee,2,3.38,Card,4.0
ORD11925,C1014,2025-08-31,University Ave,Espresso Drinks,Flat White,2,5.6,Cash,4.0
ORD11926,C1581,2025-10-14,Downtown,Pastries,Scone,3,3.93,Mobile Pay,
ORD11927,C1126,2025-06-21,Downtown,Pastries,Muffin,3,3.29,Card,
ORD11928,C1081,2025-09-26,Riverside,Espresso Drinks,Espresso Shot,1,4.81,Gift Card,
ORD11929,C1105,2025-04-28,Riverside,Pastries,Scone,1,3.58,Cash,4.0
ORD11930,C1156,2025-09-17,Riverside,Food,Breakfast Sandwich,1,7.97,Mobile Pay,5.0
ORD11931,C1566,2025-02-01,Downtown,Food,Avocado Toast,3,5.96,Card,
ORD11932,C1105,2025-11-29,Downtown,Espresso Drinks,Espresso Shot,1,5.08,Mobile Pay,4.0
ORD11933,C1072,2025-03-31,Riverside,Food,Bagel,1,7.99,Cash,5.0
ORD11934,C1221,2025-08-27,Riverside,Food,Bagel,1,7.95,Card,4.0
ORD11935,C1136,2025-01-05,Riverside,Food,Breakfast Sandwich,1,5.65,Card,
ORD11936,C1288,2025-02-26,Riverside,Pastries,Scone,3,3.9,Gift Card,5.0
ORD11937,C1025,2025-12-26,Riverside,Espresso Drinks,Flat White,1,5.01,Card,4.0
ORD11938,C1423,2025-10-31,Riverside,Espresso Drinks,Flat White,2,5.06,Cash,
ORD11939,C1549,2025-03-22,University Ave,Brewed Coffee,Cold Brew,3,2.88,Cash,
ORD11940,C1649,2025-02-17,Downtown,Brewed Coffee,Drip Coffee,1,4.18,Card,4.0
ORD11941,C1037,2025-10-24,Downtown,Brewed Coffee,Pour Over,3,3.46,Card,
ORD11942,C1632,2025-12-27,Riverside,Tea,Green Tea,1,4.7,Card,
ORD11943,C1609,2025-03-03,Downtown,Brewed Coffee,Cold Brew,1,3.46,Card,
ORD11944,C1113,2025-08-30,Riverside,Tea,Herbal Tea,3,4.36,Mobile Pay,
ORD11945,C1552,2025-04-14,Riverside,Brewed Coffee,Cold Brew,2,3.59,Mobile Pay,3.0
ORD11946,C1226,2025-09-28,University Ave,Food,Avocado Toast,2,7.79,Cash,4.0
ORD11947,C1494,2025-06-02,Riverside,Brewed Coffee,Drip Coffee,1,3.24,Card,
ORD11948,C1441,2025-02-15,Downtown,Espresso Drinks,Espresso Shot,3,4.48,Gift Card,
ORD11949,C1214,2025-04-29,Downtown,Espresso Drinks,Espresso Shot,2,3.78,Mobile Pay,4.0
ORD11950,C1627,2025-07-16,Downtown,Brewed Coffee,Cold Brew,2,3.43,Cash,
ORD11951,C1045,2025-10-18,Riverside,Food,Bagel,1,6.38,Gift Card,3.0
ORD11952,C1141,2025-01-08,University Ave,Food,Breakfast Sandwich,2,6.44,Card,
ORD11953,C1316,2025-12-15,Riverside,Brewed Coffee,Drip Coffee,1,2.81,Card,
ORD11954,C1180,2025-08-25,University Ave,Tea,Green Tea,1,3.31,Mobile Pay,4.0
ORD11955,C1642,2025-11-15,University Ave,Pastries,Muffin,1,3.6,Cash,
ORD11956,C1627,2025-12-05,Riverside,Pastries,Cinnamon Roll,3,4.48,Card,
ORD11957,C1216,2025-02-25,University Ave,Brewed Coffee,Drip Coffee,2,2.87,Card,
ORD11958,C1326,2025-02-04,Downtown,Pastries,Croissant,1,3.46,Card,4.0
ORD11959,C1171,2025-10-10,Downtown,Espresso Drinks,Americano,1,5.12,Card,
ORD11960,C1628,2025-03-10,Downtown,Espresso Drinks,Espresso Shot,1,5.21,Card,
ORD11961,C1365,2025-02-23,Downtown,Brewed Coffee,Drip Coffee,2,3.2,Card,
ORD11962,C1156,2025-06-20,Downtown,Espresso Drinks,Flat White,2,5.06,Mobile Pay,
ORD11963,C1488,2025-11-29,Riverside,Food,Avocado Toast,1,7.11,Card,
ORD11964,C1640,2025-10-17,Downtown,Tea,Chai Latte,2,4.52,Mobile Pay,
ORD11965,C1572,2025-07-08,Downtown,Pastries,Cinnamon Roll,3,3.43,Mobile Pay,5.0
ORD11966,C1166,2025-03-13,Downtown,Food,Bagel,2,6.19,Mobile Pay,
ORD11967,C1450,2025-05-03,downtown,Pastries,Croissant,1,3.28,Mobile Pay,4.0
ORD11968,C1090,2025-09-08,Riverside,Espresso Drinks,Americano,3,4.79,Mobile Pay,3.0
ORD11969,C1346,2025-02-27,Downtown,Brewed Coffee,Cold Brew,1,3.94,Mobile Pay,
ORD11970,C1361,2025-07-10,Downtown,Pastries,Muffin,3,4.48,Mobile Pay,4.0
ORD11971,C1093,2025-01-05,University Ave,Brewed Coffee,Drip Coffee,1,2.84,Gift Card,3.0
ORD11972,C1297,2025-04-29,downtown,Espresso Drinks,Americano,1,4.92,Cash,
ORD11973,C1021,2025-04-01,University Ave,Brewed Coffee,Cold Brew,1,4.06,Mobile Pay,4.0
ORD11974,C1404,2025-09-05,Riverside,Espresso Drinks,Espresso Shot,2,4.25,Card,4.0
ORD11975,C1489,2025-11-29, University Ave ,Espresso Drinks,Flat White,1,5.22,Card,4.0
ORD11976,C1288,2025-02-23,University Ave,Pastries,Muffin,1,3.54,Cash,
ORD11977,C1419,2025-10-18,University Ave,Espresso Drinks,Americano,1,4.24,Card,
ORD11978,C1479,2025-08-27,downtown,Brewed Coffee,Drip Coffee,2,4.01,Card,
ORD11979,C1182,2025-12-20,Riverside,Brewed Coffee,Pour Over,2,2.84,Mobile Pay,
ORD11980,C1537,2025-11-28,Downtown,Pastries,Muffin,2,3.04,Cash,
ORD11981,C1146,2025-02-06,Downtown,Brewed Coffee,Cold Brew,2,3.16,Card,
ORD11982,C1412,2025-09-28,University Ave,Tea,Herbal Tea,2,4.23,Mobile Pay,
ORD11983,C1585,2025-08-04,University Ave,Pastries,Scone,1,4.45,Cash,5.0
ORD11984,C1500,2025-02-11,Downtown,Pastries,Scone,3,2.59,Cash,
ORD11985,C1326,2025-04-04,Downtown,Brewed Coffee,Cold Brew,2,3.59,Cash,
ORD11986,C1416,2025-12-04,Downtown,Pastries,Croissant,1,3.08,Mobile Pay,3.0
ORD11987,C1585,2025-07-17,Riverside,Brewed Coffee,Pour Over,1,3.7,Cash,
ORD11988,C1124,2025-05-04,University Ave,Food,Breakfast Sandwich,1,7.01,Card,
ORD11989,C1605,2025-04-27,Downtown,Espresso Drinks,Cappuccino,2,4.02,Cash,1.0
ORD11990,C1611,2025-11-01,Downtown,Tea,Herbal Tea,3,4.63,Gift Card,
ORD11991,C1620,2025-04-14,Riverside,Pastries,Cinnamon Roll,2,4.11,Card,
ORD11992,C1298,2025-02-27,University Ave,Food,Breakfast Sandwich,1,6.47,Cash,
ORD11993,C1200,2025-07-28,Riverside,Brewed Coffee,Pour Over,1,3.46,Card,
ORD11994,C1049,2025-12-28,University Ave,Brewed Coffee,Pour Over,1,3.14,Cash,
ORD11995,C1428,2025-03-08,Riverside,Brewed Coffee,Pour Over,2,3.37,Card,3.0
ORD11996,C1312,2025-04-03,Downtown,Brewed Coffee,Drip Coffee,2,3.16,Card,3.0
ORD11997,C1294,2025-06-20,Riverside,Espresso Drinks,Espresso Shot,1,5.12,Card,
ORD11998,C1485,2025-03-14,University Ave,Espresso Drinks,Flat White,2,5.72,Card,4.0
ORD11999,C1196,2025-08-25,University Ave,Espresso Drinks,Latte,2,5.5,Card,
ORD12000,C1350,2025-04-03,Riverside,Espresso Drinks,Cappuccino,1,5.64,Mobile Pay,5.0
ORD12001,C1370,2025-02-16,riverside,Espresso Drinks,Americano,3,4.75,Mobile Pay,
ORD12002,C1191,2025-04-06,Riverside,Espresso Drinks,Flat White,1,3.88,Card,4.0
ORD12003,C1450,2025-12-05,Riverside,Espresso Drinks,Espresso Shot,3,4.15,Cash,5.0
ORD12004,C1442,2025-12-07,Riverside,Espresso Drinks,Americano,1,4.69,Card,
ORD12005,C1230,2025-07-04,Riverside,Brewed Coffee,Cold Brew,1,2.79,Mobile Pay,
ORD12006,C1114,2025-05-26,Downtown,Espresso Drinks,Latte,2,5.66,Card,
ORD12007,C1216,2025-10-26,Downtown,Pastries,Cinnamon Roll,2,3.97,Mobile Pay,
ORD12008,C1309,2025-03-12,Downtown,Food,Bagel,1,6.58,Card,
ORD12009,C1309,2025-08-27,University Ave,Espresso Drinks,Cappuccino,2,5.47,Card,
ORD12010,C1004,2025-09-05,Riverside,Espresso Drinks,Cappuccino,1,5.04,Card,
ORD12011,C1154,2025-09-16,Downtown,Brewed Coffee,Cold Brew,1,4.07,Cash,
ORD12012,C1404,2025-03-21,Downtown,Espresso Drinks,Espresso Shot,3,4.34,Card,3.0
ORD12013,C1568,2025-09-18,Downtown,Espresso Drinks,Cappuccino,2,5.67,Card,4.0
ORD12014,C1119,2025-08-11,University Ave,Espresso Drinks,Americano,1,4.56,Card,
ORD12015,C1607,2025-11-15,Downtown,Food,Avocado Toast,2,6.11,Mobile Pay,4.0
ORD12016,C1501,2025-03-05,Downtown,Espresso Drinks,Latte,1,3.79,Gift Card,
ORD12017,C1299,2025-08-12,Downtown,Espresso Drinks,Flat White,2,4.76,Card,
ORD12018,C1175,2025-10-29,Downtown,Food,Avocado Toast,1,7.71,Card,3.0
ORD12019,C1440,2025-04-12,University Ave,Pastries,Croissant,2,3.75,Mobile Pay,
ORD12020,C1127,2025-09-28,Downtown,Espresso Drinks,Espresso Shot,1,4.99,Cash,
ORD12021,C1082,2025-02-06,Downtown,Pastries,Scone,1,3.49,Card,3.0
ORD12022,C1607,2025-09-19,University Ave,Espresso Drinks,Latte,1,5.06,Mobile Pay,
ORD12023,C1277,2025-08-09,Riverside,Espresso Drinks,Americano,1,5.38,Card,
ORD12024,C1008,2025-03-12,Downtown,Food,Bagel,3,7.14,Gift Card,
ORD12025,C1126,2025-01-25,Downtown,Espresso Drinks,Espresso Shot,2,4.4,Mobile Pay,
ORD12026,C1174,2025-09-29,Downtown,Brewed Coffee,Drip Coffee,3,3.31,Cash,
ORD12027,C1124,2025-03-29,University Ave,Espresso Drinks,Flat White,3,4.78,Card,5.0
ORD12028,C1528,2025-07-01,Riverside,Pastries,Cinnamon Roll,1,4.34,Cash,3.0
ORD12029,C1096,2025-01-23,Downtown,Pastries,Cinnamon Roll,1,3.91,Card,
ORD12030,C1569,2025-12-17,University Ave,Espresso Drinks,Cappuccino,2,4.27,Cash,
ORD12031,C1271,2025-07-19,Downtown,Espresso Drinks,Cappuccino,1,3.83,Mobile Pay,4.0
ORD12032,C1357,2025-12-06,Riverside,Espresso Drinks,Cappuccino,1,4.37,Card,
ORD12033,C1063,2025-02-28,Downtown,Food,Avocado Toast,1,5.76,Card,4.0
ORD12034,C1505,2025-03-16,University Ave,Pastries,Muffin,1,4.04,Mobile Pay,
ORD12035,C1334,2025-08-11,University Ave,Food,Breakfast Sandwich,1,6.07,Card,
ORD12036,C1042,2025-08-09,Downtown,Espresso Drinks,Latte,2,4.47,Cash,
ORD12037,C1566,2025-10-15,Riverside,Espresso Drinks,Cappuccino,1,4.91,Card,
ORD12038,C1197,2025-12-04,Riverside,Food,Breakfast Sandwich,1,8.43,Mobile Pay,
ORD12039,C1490,2025-10-27,Downtown,Food,Bagel,2,8.35,Cash,4.0
ORD12040,C1052,2025-02-21,Riverside,Pastries,Cinnamon Roll,1,3.36,Cash,3.0
ORD12041,C1360,2025-04-23,Riverside,Pastries,Croissant,2,3.88,Card,5.0
ORD12042,C1226,2025-11-29,Downtown,Food,Bagel,3,8.32,Mobile Pay,
ORD12043,C1305,2025-07-19,Riverside,Brewed Coffee,Cold Brew,2,3.33,Card,4.0
ORD12044,C1125,2025-11-12,Downtown,Espresso Drinks,Flat White,0,5.56,Card,
ORD12045,C1392,2025-07-24,Downtown,Food,Bagel,2,6.22,Card,
ORD12046,C1020,2025-01-19,University Ave,Brewed Coffee,Drip Coffee,1,3.54,Mobile Pay,4.0
ORD12047,C1187,2025-06-22,University Ave,Brewed Coffee,Cold Brew,1,2.9,Mobile Pay,
ORD12048,C1643,2025-10-28,University Ave,Pastries,Scone,3,3.06,Card,4.0
ORD12049,C1590,2025-08-27,Riverside,Espresso Drinks,Cappuccino,1,3.84,Mobile Pay,4.0
ORD12050,C1311,2025-02-18, University Ave ,Brewed Coffee,Pour Over,2,3.4,Mobile Pay,
ORD12051,C1526,2025-03-18,Riverside,Pastries,Cinnamon Roll,2,4.32,Cash,
ORD12052,C1338,2025-11-07,Riverside,Pastries,Cinnamon Roll,1,3.05,Mobile Pay,3.0
ORD12053,C1474,2025-12-23,Downtown,Pastries,Cinnamon Roll,1,2.52,Mobile Pay,2.0
ORD12054,C1281,2025-10-02,University Ave,Pastries,Croissant,1,3.11,Card,4.0
ORD12055,C1326,2025-02-05,Riverside,Tea,Herbal Tea,3,4.07,Cash,4.0
ORD12056,C1241,2025-08-14,Downtown,Espresso Drinks,Flat White,2,5.09,Card,
ORD12057,C1189,2025-10-29,Downtown,Espresso Drinks,Americano,1,4.43,Cash,5.0
ORD12058,C1014,2025-08-22,Downtown,Espresso Drinks,Americano,2,5.41,Mobile Pay,
ORD12059,C1121,2025-08-05,University Ave,Pastries,Cinnamon Roll,1,4.5,Mobile Pay,3.0
ORD12060,C1129,2025-06-20,Downtown,Espresso Drinks,Flat White,1,4.17,Mobile Pay,
ORD12061,C1510,2025-03-31,Downtown,Brewed Coffee,Pour Over,1,4.24,Gift Card,4.0
ORD12062,C1369,2025-04-13,Downtown,Espresso Drinks,Flat White,2,4.27,Cash,5.0
ORD12063,C1115,2025-09-29,Downtown,Espresso Drinks,Latte,2,5.69,Card,
ORD12064,C1534,2025-01-26,Riverside,Espresso Drinks,Flat White,1,5.08,Card,4.0
ORD12065,C1490,2025-01-31,Riverside,Food,Breakfast Sandwich,3,6.46,Mobile Pay,
ORD12066,C1511,2025-05-25,Downtown,Pastries,Muffin,1,4.29,Cash,
ORD12067,C1072,2025-10-09,Downtown,Pastries,Cinnamon Roll,1,4.02,Card,
ORD12068,C1517,2025-08-28,University Ave,Espresso Drinks,Espresso Shot,2,4.42,Gift Card,
ORD12069,C1458,2025-08-03,riverside,Espresso Drinks,Flat White,2,3.87,Gift Card,
ORD12070,C1431,2025-07-14,University Ave,Pastries,Scone,1,3.7,Cash,
ORD12071,C1127,2025-02-10,University Ave,Pastries,Croissant,3,3.25,Mobile Pay,
ORD12072,C1071,2025-05-01,Downtown,Brewed Coffee,Pour Over,1,3.84,Cash,5.0
ORD12073,C1455,2025-01-29,Downtown,Brewed Coffee,Cold Brew,2,3.57,Cash,
ORD12074,C1082,2025-10-03,University Ave,Pastries,Croissant,2,2.98,Mobile Pay,
ORD12075,C1383,2025-10-01,Riverside,Food,Avocado Toast,3,7.27,Card,5.0
ORD12076,C1300,2025-04-04,Downtown,Espresso Drinks,Americano,1,4.67,Card,
ORD12077,C1182,2025-04-17,Downtown,Brewed Coffee,Pour Over,2,3.79,Card,3.0
ORD12078,C1045,2025-04-26,Riverside,Espresso Drinks,Espresso Shot,1,5.66,Cash,
ORD12079,C1171,2025-11-20,Downtown,Pastries,Muffin,1,3.22,Mobile Pay,1.0
ORD12080,C1427,2025-06-27,Downtown,Food,Breakfast Sandwich,1,6.21,Mobile Pay,
ORD12081,C1121,2025-10-05,University Ave,Tea,Herbal Tea,1,3.43,Mobile Pay,
ORD12082,C1556,2025-06-13,downtown,Espresso Drinks,Latte,1,5.49,Cash,4.0
ORD12083,C1237,2025-09-12,Riverside,Brewed Coffee,Pour Over,1,3.22,Card,5.0
ORD12084,C1313,2025-07-12,Downtown,Espresso Drinks,Latte,2,5.66,Mobile Pay,
ORD12085,C1152,2025-04-12,Riverside,Pastries,Scone,2,3.6,Mobile Pay,
ORD12086,C1004,2025-11-15,University Ave,Espresso Drinks,Espresso Shot,2,3.78,Card,4.0
ORD12087,C1227,2025-09-16,Downtown,Pastries,Croissant,1,3.01,Cash,3.0
ORD12088,C1213,2025-10-08,Downtown,Pastries,Cinnamon Roll,1,2.85,Mobile Pay,4.0
ORD12089,C1543,2025-12-12,Downtown,Food,Bagel,3,8.36,Card,
ORD12090,C1150,2025-04-01,Riverside,Food,Breakfast Sandwich,1,7.25,Mobile Pay,
ORD12091,C1289,2025-02-03,University Ave,Food,Breakfast Sandwich,1,7.57,Mobile Pay,3.0
ORD12092,C1059,2025-07-31,Riverside,Espresso Drinks,Americano,2,4.22,Mobile Pay,
ORD12093,C1140,2025-04-29,Riverside,Food,Bagel,1,7.83,Mobile Pay,4.0
ORD12094,C1123,2025-06-08,Riverside,Espresso Drinks,Flat White,1,4.98,Card,
ORD12095,C1236,2025-03-27,University Ave,Pastries,Muffin,3,4.16,Mobile Pay,3.0
ORD12096,C1042,2025-05-26,Downtown,Espresso Drinks,Latte,3,5.54,Mobile Pay,
ORD12097,C1268,2025-05-24,Riverside,Tea,Chai Latte,2,4.24,Cash,
ORD12098,C1261,2025-05-08,Downtown,Espresso Drinks,Cappuccino,3,3.82,Mobile Pay,
ORD12099,C1105,2025-09-28,Riverside,Tea,Chai Latte,2,4.44,Card,5.0
ORD12100,C1016,2025-08-04,University Ave,Food,Bagel,1,7.82,Mobile Pay,
ORD12101,C1595,2025-06-22,University Ave,Brewed Coffee,Cold Brew,1,3.29,Card,
ORD12102,C1549,2025-02-11,riverside,Brewed Coffee,Cold Brew,3,4.23,Card,4.0
ORD12103,C1276,2025-07-27,Downtown,Espresso Drinks,Americano,1,3.82,Card,5.0
ORD12104,C1442,2025-03-05,Downtown,Pastries,Cinnamon Roll,3,4.48,Mobile Pay,5.0
ORD12105,C1532,2025-04-25, Downtown ,Food,Breakfast Sandwich,2,6.54,Card,
ORD12106,C1388,2025-06-01,University Ave,Espresso Drinks,Espresso Shot,2,4.93,Mobile Pay,5.0
ORD12107,C1010,2025-02-21,Riverside,Brewed Coffee,Cold Brew,3,2.99,Card,
ORD12108,C1061,2025-05-22,Downtown,Pastries,Scone,3,3.93,Card,
ORD12109,C1272,2025-04-08,University Ave,Tea,Herbal Tea,2,4.32,Card,4.0
ORD12110,C1589,2025-11-06,University Ave,Espresso Drinks,Latte,3,4.06,Card,
ORD12111,C1545,2025-11-09,Downtown,Brewed Coffee,Pour Over,2,3.92,Gift Card,1.0
ORD12112,C1327,2025-01-02,Riverside,Espresso Drinks,Flat White,2,4.72,Card,4.0
ORD12113,C1522,2025-08-08,Riverside,Espresso Drinks,Latte,1,3.88,Cash,3.0
ORD12114,C1177,2025-08-22,University Ave,Espresso Drinks,Americano,1,4.11,Mobile Pay,
ORD12115,C1573,2025-05-18,Downtown,Tea,Green Tea,2,4.54,Card,
ORD12116,C1194,2025-06-20,Riverside,Pastries,Croissant,1,3.6,Card,3.0
ORD12117,C1124,2025-10-15,University Ave,Espresso Drinks,Latte,1,5.54,Card,
ORD12118,C1435,2025-05-18,Riverside,Pastries,Muffin,2,4.03,Card,3.0
ORD12119,C1564,2025-01-24,Riverside,Tea,Chai Latte,1,3.57,Card,
ORD12120,C1423,2025-05-16,Riverside,Espresso Drinks,Flat White,1,4.69,Card,
ORD12121,C1468,2025-04-03,Downtown,Espresso Drinks,Americano,2,4.21,Cash,
ORD12122,C1368,2025-05-20,Downtown,Pastries,Cinnamon Roll,2,4.01,Mobile Pay,
ORD12123,C1281,2025-03-25,Riverside,Brewed Coffee,Drip Coffee,1,4.14,Mobile Pay,
ORD12124,C1200,2025-02-24,Downtown,Espresso Drinks,Espresso Shot,1,4.35,Card,
ORD12125,C1140,2025-12-25,Riverside,Espresso Drinks,Cappuccino,2,5.38,Card,2.0
ORD12126,C1150,2025-02-16,Riverside,Espresso Drinks,Americano,1,5.27,Card,3.0
ORD12127,C1299,2025-09-15,Riverside,Espresso Drinks,Flat White,1,3.87,Gift Card,
ORD12128,C1611,2025-09-19,University Ave,Pastries,Muffin,2,4.44,Mobile Pay,
ORD12129,C1194,2025-08-13,Riverside,Tea,Herbal Tea,2,4.05,Card,2.0
ORD12130,C1400,2025-11-28,Riverside,Espresso Drinks,Americano,1,5.21,Cash,
ORD12131,C1463,2025-01-02,University Ave,Food,Bagel,2,7.0,Cash,4.0
ORD12132,C1059,2025-04-20,Downtown,Pastries,Croissant,3,3.66,Cash,1.0
ORD12133,C1208,2025-03-09,University Ave,Brewed Coffee,Drip Coffee,1,3.92,Mobile Pay,5.0
ORD12134,C1031,2025-07-30,Downtown,Pastries,Scone,1,4.42,Gift Card,
ORD12135,C1431,2025-08-20,University Ave,Espresso Drinks,Americano,1,5.74,Mobile Pay,5.0
ORD12136,C1327,2025-11-23,Downtown,Pastries,Muffin,1,2.6,Cash,
ORD12137,C1461,2025-05-19,Downtown,Food,Breakfast Sandwich,1,5.91,Card,
ORD12138,C1431,2025-03-27,Downtown,Pastries,Muffin,1,4.07,Card,2.0
ORD12139,C1192,2025-12-03,Riverside,Food,Avocado Toast,1,5.81,Mobile Pay,2.0
ORD12140,C1221,2025-09-02,University Ave,Espresso Drinks,Latte,1,4.73,Mobile Pay,
ORD12141,C1581,2025-10-06,Downtown,Pastries,Muffin,3,3.55,Card,
ORD12142,C1141,2025-06-11,University Ave,Brewed Coffee,Pour Over,2,3.45,Mobile Pay,
ORD12143,C1035,2025-06-12,Riverside,Pastries,Muffin,1,4.32,Card,
ORD12144,C1020,2025-05-22,University Ave,Pastries,Muffin,1,2.98,Card,2.0
ORD12145,C1401,2025-09-30,Downtown,Espresso Drinks,Americano,2,5.11,Cash,3.0
ORD12146,C1552,2025-03-18,Riverside,Pastries,Cinnamon Roll,3,4.32,Card,
ORD12147,C1297,2025-12-22,Downtown,Tea,Chai Latte,3,3.92,Gift Card,4.0
ORD12148,C1194,2025-03-06,University Ave,Espresso Drinks,Americano,1,5.15,Card,
ORD12149,C1622,2025-06-17,Riverside,Brewed Coffee,Cold Brew,1,3.15,Gift Card,
ORD12150,C1406,2025-04-25,Riverside,Tea,Chai Latte,1,4.29,Card,
ORD12151,C1001,2025-08-22,Riverside,Espresso Drinks,Flat White,1,4.35,Mobile Pay,
ORD12152,C1522,2025-09-05,Downtown,Pastries,Muffin,1,4.12,Card,3.0
ORD12153,C1179,2025-12-01,Riverside,Food,Avocado Toast,2,6.0,Card,2.0
ORD12154,C1588,2025-10-15,University Ave,Tea,Chai Latte,2,3.65,Card,5.0
ORD12155,C1151,2025-04-01,Downtown,Pastries,Croissant,2,2.96,Card,
ORD12156,C1443,2025-03-17,Downtown,Espresso Drinks,Cappuccino,1,5.4,Card,
ORD12157,C1102,2025-11-19,Riverside,Pastries,Scone,1,4.1,Card,
ORD12158,C1070,2025-06-27,Riverside,Food,Avocado Toast,3,8.43,Mobile Pay,4.0
ORD12159,C1206,2025-02-05,Riverside,Pastries,Croissant,2,4.41,Card,5.0
ORD12160,C1372,2025-10-28,Riverside,Pastries,Scone,1,3.83,Card,5.0
ORD12161,C1226,2025-08-25,Downtown,Espresso Drinks,Espresso Shot,3,5.06,Cash,
ORD12162,C1012,2025-01-10,Downtown,Brewed Coffee,Pour Over,2,3.24,Cash,
ORD12163,C1545,2025-10-12,Downtown,Pastries,Scone,2,3.02,Card,5.0
ORD12164,C1558,2025-08-10,university ave,Espresso Drinks,Espresso Shot,2,5.5,Card,
ORD12165,C1252,2025-08-12,Riverside,Pastries,Scone,2,3.23,Cash,
ORD12166,C1313,2025-11-11,University Ave,Pastries,Scone,2,2.56,Cash,
ORD12167,C1019,2025-06-30,University Ave,Brewed Coffee,Drip Coffee,2,4.01,Cash,4.0
ORD12168,C1518,2025-06-17,Riverside,Food,Avocado Toast,1,8.03,Card,
ORD12169,C1485,2025-08-13,Downtown,Espresso Drinks,Cappuccino,3,5.27,Card,
ORD12170,C1079,2025-03-13,Riverside,Pastries,Cinnamon Roll,3,3.95,Card,2.0
ORD12171,C1067,2025-02-25,Downtown,Espresso Drinks,Flat White,2,3.75,Gift Card,
ORD12172,C1478,2025-11-04,University Ave,Espresso Drinks,Cappuccino,1,3.92,Card,
ORD12173,C1481,2025-03-20,Riverside,Food,Breakfast Sandwich,1,8.0,Card,2.0
ORD12174,C1369,2025-07-03,Downtown,Tea,Herbal Tea,1,4.11,Mobile Pay,
ORD12175,C1300,2025-04-09,Riverside,Espresso Drinks,Flat White,2,4.69,Card,
ORD12176,C1420,2025-03-25,University Ave,Pastries,Scone,1,3.09,Cash,5.0
ORD12177,C1633,2025-08-06,Riverside,Food,Breakfast Sandwich,2,6.56,Card,4.0
ORD12178,C1061,2025-10-20,Riverside,Food,Bagel,3,7.99,Card,4.0
ORD12179,C1251,2025-06-10,Riverside,Espresso Drinks,Americano,2,4.75,Mobile Pay,
ORD12180,C1412,2025-02-20,Riverside,Espresso Drinks,Espresso Shot,1,4.52,Mobile Pay,
ORD12181,C1182,2025-03-30,Riverside,Brewed Coffee,Drip Coffee,2,4.09,Card,
ORD12182,C1329,2025-03-01,Riverside,Brewed Coffee,Drip Coffee,2,3.0,Mobile Pay,4.0
ORD12183,C1347,2025-11-18,riverside,Tea,Green Tea,2,3.49,Mobile Pay,4.0
ORD12184,C1102,2025-04-27,Downtown,Food,Avocado Toast,2,8.03,Mobile Pay,
ORD12185,C1237,2025-05-17,University Ave,Pastries,Scone,1,4.02,Cash,
ORD12186,C1157,2025-01-26,Downtown,Espresso Drinks,Latte,1,4.8,Mobile Pay,
ORD12187,C1241,2025-06-12,Downtown,Brewed Coffee,Cold Brew,1,3.99,Card,5.0
ORD12188,C1120,2025-11-29,Riverside,Brewed Coffee,Pour Over,2,3.23,Mobile Pay,
ORD12189,C1165,2025-05-30,Downtown,Espresso Drinks,Americano,1,4.2,Card,
ORD12190,C1494,2025-08-26,Downtown,Espresso Drinks,Latte,1,5.05,Mobile Pay,3.0
ORD12191,C1115,2025-03-08,Riverside,Food,Bagel,1,8.43,Mobile Pay,3.0
ORD12192,C1092,2025-02-22,University Ave,Brewed Coffee,Pour Over,1,4.15,Card,
ORD12193,C1502,2025-09-24,Downtown,Tea,Green Tea,3,4.7,Card,3.0
ORD12194,C1316,2025-01-24,downtown,Tea,Green Tea,1,4.53,Card,3.0
ORD12195,C1453,2025-06-13,University Ave,Brewed Coffee,Cold Brew,1,3.07,Mobile Pay,4.0
ORD12196,C1203,2025-04-26,Downtown,Brewed Coffee,Cold Brew,2,2.98,Mobile Pay,
ORD12197,C1604,2025-01-06,University Ave,Tea,Herbal Tea,1,4.6,Gift Card,
ORD12198,C1438,2025-07-13,Downtown,Pastries,Croissant,1,3.87,Card,2.0
ORD12199,C1455,2025-12-17,Downtown,Espresso Drinks,Cappuccino,3,5.51,Gift Card,3.0
ORD12200,C1178,2025-01-26,Downtown,Brewed Coffee,Cold Brew,1,2.88,Mobile Pay,4.0
ORD12201,C1258,2025-10-24,Riverside,Food,Avocado Toast,2,7.86,Mobile Pay,
ORD12202,C1311,2025-07-16,Downtown,Brewed Coffee,Cold Brew,1,3.98,Gift Card,
ORD12203,C1343,2025-09-21,Downtown,Espresso Drinks,Latte,1,4.41,Card,
ORD12204,C1180,2025-02-05,Downtown,Espresso Drinks,Cappuccino,2,4.24,Mobile Pay,
ORD12205,C1464,2025-11-13,University Ave,Pastries,Cinnamon Roll,1,2.79,Card,5.0
ORD12206,C1597,2025-01-05,Downtown,Espresso Drinks,Flat White,2,5.36,Card,4.0
ORD12207,C1258,2025-11-27,Riverside,Brewed Coffee,Pour Over,1,3.57,Card,4.0
ORD12208,C1112,2025-08-28,University Ave,Brewed Coffee,Drip Coffee,2,3.24,Card,
ORD12209,C1101,2025-05-03,downtown,Espresso Drinks,Americano,1,4.51,Card,3.0
ORD12210,C1302,2025-01-03,Downtown,Pastries,Scone,2,3.32,Mobile Pay,
ORD12211,C1430,2025-08-11,University Ave,Pastries,Scone,2,4.26,Card,5.0
ORD12212,C1545,2025-02-01,Riverside,Brewed Coffee,Pour Over,1,2.8,Gift Card,5.0
ORD12213,C1075,2025-08-10,University Ave,Espresso Drinks,Espresso Shot,1,4.6,Card,
ORD12214,C1184,2025-10-09,Riverside,Espresso Drinks,Espresso Shot,1,4.88,Card,
ORD12215,C1439,2025-04-08,riverside,Food,Breakfast Sandwich,1,8.46,Gift Card,3.0
ORD12216,C1346,2025-03-28,Downtown,Espresso Drinks,Latte,1,4.52,Card,
ORD12217,C1390,2025-03-22,University Ave,Espresso Drinks,Americano,1,5.7,Card,
ORD12218,C1004,2025-03-23,Downtown,Pastries,Cinnamon Roll,2,2.96,Mobile Pay,3.0
ORD12219,C1033,2025-02-11,Downtown,Pastries,Cinnamon Roll,2,4.42,Mobile Pay,
ORD12220,C1205,2025-04-01,Downtown,Espresso Drinks,Cappuccino,3,5.09,Card,3.0
ORD12221,C1234,2025-08-28,Riverside,Brewed Coffee,Cold Brew,3,3.61,Card,
ORD12222,C1064,2025-04-21, Riverside ,Tea,Chai Latte,1,4.5,Card,4.0
ORD12223,C1618,2025-10-12,University Ave,Espresso Drinks,Espresso Shot,2,4.83,Card,4.0
ORD12224,C1207,2025-10-26,Downtown,Food,Avocado Toast,3,8.35,Cash,4.0
ORD12225,C1583,2025-10-04,Riverside,Brewed Coffee,Pour Over,2,3.54,Mobile Pay,
ORD12226,C1517,2025-07-16,Downtown,Espresso Drinks,Cappuccino,2,4.5,Card,
ORD12227,C1223,2025-04-26,Downtown,Espresso Drinks,Americano,2,5.5,Cash,2.0
ORD12228,C1634,2025-12-05,University Ave,Tea,Herbal Tea,1,3.87,Card,3.0
ORD12229,C1117,2025-03-16, Downtown ,Espresso Drinks,Latte,1,4.98,Mobile Pay,
ORD12230,C1369,2025-06-19,Riverside,Espresso Drinks,Americano,1,4.58,Card,5.0
ORD12231,C1586,2025-06-15,Riverside,Brewed Coffee,Pour Over,2,3.9,Cash,5.0
ORD12232,C1409,2025-09-29,University Ave,Pastries,Cinnamon Roll,1,2.63,Card,3.0
ORD12233,C1337,2025-07-19,Riverside,Pastries,Scone,1,2.82,Cash,4.0
ORD12234,C1456,2025-10-19,Downtown,Brewed Coffee,Drip Coffee,3,2.91,Gift Card,
ORD12235,C1440,2025-12-01,Riverside,Brewed Coffee,Cold Brew,3,3.0,Mobile Pay,3.0
ORD12236,C1559,2025-05-23,Downtown,Espresso Drinks,Cappuccino,1,4.01,Card,
ORD12237,C1155,2025-11-15,Downtown,Espresso Drinks,Cappuccino,2,4.43,Card,
ORD12238,C1313,2025-03-03,University Ave,Espresso Drinks,Americano,2,4.72,Card,4.0
ORD12239,C1210,2025-11-30,Riverside,Espresso Drinks,Americano,1,4.41,Mobile Pay,
ORD12240,C1524,2025-03-06, University Ave ,Espresso Drinks,Latte,1,5.09,Mobile Pay,4.0
ORD12241,C1195,2025-11-06,University Ave,Espresso Drinks,Americano,2,4.23,Card,
ORD12242,C1060,2025-05-23,Riverside,Tea,Green Tea,1,3.53,Card,
ORD12243,C1633,2025-12-18,Downtown,Pastries,Croissant,1,4.25,Card,4.0
ORD12244,C1328,2025-02-17,Riverside,Espresso Drinks,Flat White,1,4.47,Gift Card,
ORD12245,C1646,2025-06-19,Riverside,Pastries,Muffin,2,2.78,Mobile Pay,
ORD12246,C1024,2025-11-25,Riverside,Brewed Coffee,Drip Coffee,1,3.48,Card,
ORD12247,C1580,2025-01-18,University Ave,Food,Bagel,1,8.16,Card,3.0
ORD12248,C1257,2025-04-07,Riverside,Brewed Coffee,Cold Brew,3,3.37,Card,4.0
ORD12249,C1313,2025-01-31,Downtown,Tea,Herbal Tea,3,4.27,Mobile Pay,
ORD12250,C1534,2025-04-27,Riverside,Brewed Coffee,Cold Brew,1,3.63,Mobile Pay,4.0
ORD12251,C1016,2025-05-23,Riverside,Pastries,Scone,1,4.39,Card,
ORD12252,C1518,2025-08-14,Downtown,Food,Bagel,2,6.79,Cash,
ORD12253,C1180,2025-04-04,Riverside,Espresso Drinks,Cappuccino,2,4.33,Card,
ORD12254,C1183,2025-02-27,Riverside,Espresso Drinks,Latte,1,5.68,Card,
ORD12255,C1520,2025-03-03,University Ave,Pastries,Scone,1,4.26,Gift Card,4.0
ORD12256,C1340,2025-12-08,University Ave,Brewed Coffee,Pour Over,2,3.64,Card,
ORD12257,C1112,2025-12-13,Downtown,Brewed Coffee,Pour Over,3,4.11,Card,4.0
ORD12258,C1091,2025-03-22,Downtown,Espresso Drinks,Americano,2,3.91,Mobile Pay,
ORD12259,C1438,2025-03-13,Downtown,Espresso Drinks,Americano,3,5.1,Card,4.0
ORD12260,C1419,2025-01-20,Riverside,Espresso Drinks,Americano,1,5.35,Card,3.0
ORD12261,C1505,2025-12-16,Riverside,Pastries,Scone,1,3.33,Card,
ORD12262,C1626,2025-09-15,Downtown,Brewed Coffee,Pour Over,1,3.89,Card,
ORD12263,C1011,2025-10-04,University Ave,Espresso Drinks,Espresso Shot,1,4.75,Card,
ORD12264,C1257,2025-04-16,Downtown,Food,Bagel,1,6.64,Mobile Pay,4.0
ORD12265,C1277,2025-08-22, Riverside ,Pastries,Croissant,1,3.68,Cash,
ORD12266,C1625,2025-01-22,Downtown,Espresso Drinks,Latte,1,4.58,Card,
ORD12267,C1426,2025-09-04,Riverside,Brewed Coffee,Drip Coffee,1,3.41,Card,
ORD12268,C1348,2025-07-30,Riverside,Espresso Drinks,Latte,1,5.37,Card,
ORD12269,C1026,2025-05-01,Downtown,Brewed Coffee,Pour Over,3,3.07,Cash,
ORD12270,C1253,2025-09-16,Downtown,Espresso Drinks,Espresso Shot,3,4.02,Card,3.0
ORD12271,C1116,2025-08-24,University Ave,Food,Bagel,1,7.33,Mobile Pay,5.0
ORD12272,C1297,2025-06-09,Downtown,Food,Avocado Toast,1,7.59,Card,
ORD12273,C1547,2025-03-09,University Ave,Food,Bagel,2,6.76,Gift Card,4.0
ORD12274,C1644,2025-01-09,Downtown,Food,Avocado Toast,1,6.57,Mobile Pay,2.0
ORD12275,C1006,2025-12-08,Downtown,Brewed Coffee,Cold Brew,1,4.09,Card,
ORD12276,C1468,2025-04-13,Downtown,Pastries,Cinnamon Roll,1,3.4,Mobile Pay,
ORD12277,C1298,2025-04-20,riverside,Espresso Drinks,Flat White,3,4.31,Card,3.0
ORD12278,C1464,2025-09-05,Downtown,Espresso Drinks,Americano,2,4.69,Cash,2.0
ORD12279,C1455,2025-04-03,Riverside,Brewed Coffee,Drip Coffee,2,3.08,Card,
ORD12280,C1359,2025-05-17,Downtown,Espresso Drinks,Cappuccino,3,3.83,Card,
ORD12281,C1095,2025-09-16,Downtown,Espresso Drinks,Flat White,1,4.74,Cash,3.0
ORD12282,C1177,2025-08-05,University Ave,Brewed Coffee,Cold Brew,1,2.99,Card,
ORD12283,C1047,2025-08-27,Riverside,Espresso Drinks,Espresso Shot,1,4.5,Card,
ORD12284,C1276,2025-01-02,Downtown,Pastries,Croissant,1,3.35,Cash,4.0
ORD12285,C1322,2025-06-14,University Ave,Espresso Drinks,Cappuccino,2,5.53,Card,
ORD12286,C1076,2025-06-22,University Ave,Espresso Drinks,Espresso Shot,1,4.22,Mobile Pay,
ORD12287,C1212,2025-08-19,Riverside,Espresso Drinks,Espresso Shot,1,5.4,Card,
ORD12288,C1056,2025-02-25,University Ave,Brewed Coffee,Drip Coffee,2,3.97,Cash,5.0
ORD12289,C1527,2025-02-28,University Ave,Tea,Chai Latte,2,4.42,Card,3.0
ORD12290,C1396,2025-10-05,Downtown,Espresso Drinks,Flat White,1,5.42,Cash,
ORD12291,C1436,2025-09-03,Downtown,Espresso Drinks,Latte,1,4.56,Cash,
ORD12292,C1021,2025-10-23,Downtown,Food,Breakfast Sandwich,2,6.78,Mobile Pay,4.0
ORD12293,C1454,2025-04-09,Riverside,Espresso Drinks,Cappuccino,1,3.8,Card,
ORD12294,C1498,2025-12-30,University Ave,Espresso Drinks,Latte,1,4.12,Gift Card,
ORD12295,C1044,2025-04-10,University Ave,Pastries,Croissant,3,2.58,Card,4.0
ORD12296,C1056,2025-08-25,Riverside,Espresso Drinks,Espresso Shot,1,4.05,Gift Card,5.0
ORD12297,C1578,2025-03-01,Downtown,Espresso Drinks,Espresso Shot,1,5.26,Card,4.0
ORD12298,C1219,2025-12-01,Riverside,Tea,Chai Latte,1,3.86,Gift Card,
ORD12299,C1587,2025-05-01,University Ave,Espresso Drinks,Espresso Shot,3,5.53,Card,5.0
ORD12300,C1341,2025-10-20,Downtown,Brewed Coffee,Pour Over,2,4.08,Mobile Pay,
ORD12301,C1218,2025-05-01,Riverside,Tea,Herbal Tea,1,3.74,Cash,3.0
ORD12302,C1557,2025-10-15,Riverside,Tea,Chai Latte,2,4.01,Card,
ORD12303,C1267,2025-06-15,Riverside,Brewed Coffee,Cold Brew,1,4.11,Mobile Pay,
ORD12304,C1156,2025-01-23,Downtown,Espresso Drinks,Latte,3,5.08,Card,5.0
ORD12305,C1582,2025-03-11,Downtown,Espresso Drinks,Latte,2,5.36,Mobile Pay,3.0
ORD12306,C1072,2025-09-06,Riverside,Espresso Drinks,Cappuccino,1,4.99,Cash,4.0
ORD12307,C1184,2025-03-12,Riverside,Brewed Coffee,Pour Over,2,3.46,Cash,
ORD12308,C1106,2025-04-11,Downtown,Pastries,Cinnamon Roll,2,3.26,Cash,4.0
ORD12309,C1406,2025-07-17,Downtown,Pastries,Cinnamon Roll,3,4.18,Gift Card,
ORD12310,C1591,2025-04-03,University Ave,Pastries,Muffin,3,2.74,Card,4.0
ORD12311,C1390,2025-02-16,Downtown,Brewed Coffee,Pour Over,1,2.77,Cash,
ORD12312,C1353,2025-08-16,Downtown,Espresso Drinks,Espresso Shot,1,5.0,Cash,5.0
ORD12313,C1312,2025-09-08,Downtown,Espresso Drinks,Latte,2,5.51,Gift Card,4.0
ORD12314,C1056,2025-09-24,University Ave,Food,Bagel,2,6.2,Card,
ORD12315,C1041,2025-12-10,Downtown,Espresso Drinks,Flat White,1,5.1,Card,
ORD12316,C1498,2025-02-15,Downtown,Food,Avocado Toast,1,8.21,Cash,
ORD12317,C1059,2025-06-05,Downtown,Tea,Green Tea,1,4.2,Card,4.0
ORD12318,C1278,2025-03-27,Downtown,Espresso Drinks,Latte,1,3.91,Cash,5.0
ORD12319,C1637,2025-11-25,Downtown,Espresso Drinks,Americano,3,4.62,Card,3.0
ORD12320,C1286,2025-07-16,university ave,Brewed Coffee,Cold Brew,2,3.41,Cash,
ORD12321,C1523,2025-02-05,Downtown,Tea,Green Tea,2,3.7,Card,3.0
ORD12322,C1500,2025-09-09,Downtown,Espresso Drinks,Flat White,2,4.89,Card,5.0
ORD12323,C1583,2025-01-16,Riverside,Espresso Drinks,Espresso Shot,2,3.94,Mobile Pay,3.0
ORD12324,C1203,2025-04-10,Downtown,Brewed Coffee,Drip Coffee,1,3.28,Card,
ORD12325,C1368,2025-09-20,University Ave,Brewed Coffee,Cold Brew,1,3.03,Mobile Pay,5.0
ORD12326,C1411,2025-07-04, university ave ,Pastries,Cinnamon Roll,1,3.82,Gift Card,4.0
ORD12327,C1584,2025-10-05,University Ave,Brewed Coffee,Pour Over,1,2.78,Mobile Pay,3.0
ORD12328,C1022,2025-07-27,University Ave,Espresso Drinks,Espresso Shot,3,4.11,Card,4.0
ORD12329,C1529,2025-11-03,University Ave,Food,Bagel,1,7.02,Gift Card,
ORD12330,C1369,2025-07-24,University Ave,Espresso Drinks,Espresso Shot,2,4.32,Mobile Pay,4.0
ORD12331,C1177,2025-01-21,Riverside,Pastries,Croissant,3,3.4,Mobile Pay,5.0
ORD12332,C1543,2025-01-26,Downtown,Pastries,Muffin,1,3.31,Mobile Pay,4.0
ORD12333,C1643,2025-10-10,Downtown,Food,Bagel,1,6.46,Card,
ORD12334,C1546,2025-01-15,Downtown,Food,Bagel,2,8.25,Card,
ORD12335,C1511,2025-05-18,Riverside,Espresso Drinks,Americano,2,5.75,Card,2.0
ORD12336,C1003,2025-01-06,Riverside,Tea,Herbal Tea,1,3.88,Card,
ORD12337,C1283,2025-04-21,Riverside,Espresso Drinks,Latte,2,3.84,Gift Card,
ORD12338,C1384,2025-08-05,University Ave,Espresso Drinks,Espresso Shot,2,5.05,Cash,
ORD12339,C1355,2025-03-04,Riverside,Espresso Drinks,Espresso Shot,3,4.22,Cash,
ORD12340,C1239,2025-06-19,University Ave,Food,Bagel,2,8.05,Card,
ORD12341,C1440,2025-12-29,Riverside,Pastries,Muffin,1,4.41,Mobile Pay,5.0
ORD12342,C1284,2025-01-26,Downtown,Food,Breakfast Sandwich,3,6.94,Card,
ORD12343,C1363,2025-01-24,University Ave,Food,Avocado Toast,3,7.35,Gift Card,4.0
ORD12344,C1028,2025-04-09,Downtown,Brewed Coffee,Pour Over,2,3.21,Cash,
ORD12345,C1183,2025-10-29,Riverside,Pastries,Cinnamon Roll,3,3.07,Mobile Pay,
ORD12346,C1352,2025-05-28,Downtown,Espresso Drinks,Espresso Shot,1,4.07,Cash,3.0
ORD12347,C1498,2025-08-21,Downtown,Espresso Drinks,Latte,3,4.25,Card,
ORD12348,C1572,2025-01-13,Downtown,Brewed Coffee,Pour Over,2,3.32,Card,
ORD12349,C1546,2025-09-25,Riverside,Espresso Drinks,Latte,1,4.38,Gift Card,3.0
ORD12350,C1287,2025-01-25,Downtown,Pastries,Scone,1,4.36,Mobile Pay,
ORD12351,C1330,2025-09-17,Downtown,Pastries,Muffin,1,3.95,Cash,4.0
ORD12352,C1283,2025-02-23,University Ave,Brewed Coffee,Pour Over,2,3.9,Mobile Pay,4.0
ORD12353,C1425,2025-11-09,Riverside,Espresso Drinks,Espresso Shot,1,4.74,Cash,
ORD12354,C1320,2025-04-18,Downtown,Espresso Drinks,Espresso Shot,3,3.76,Mobile Pay,
ORD12355,C1011,2025-03-08,University Ave,Brewed Coffee,Pour Over,1,3.76,Card,4.0
ORD12356,C1499,2025-05-03,University Ave,Pastries,Scone,2,3.31,Mobile Pay,3.0
ORD12357,C1333,2025-01-01,University Ave,Espresso Drinks,Flat White,1,4.55,Card,3.0
ORD12358,C1488,2025-03-02,Downtown,Food,Breakfast Sandwich,1,6.86,Mobile Pay,3.0
ORD12359,C1016,2025-08-06,Riverside,Food,Avocado Toast,1,8.34,Gift Card,
ORD12360,C1020,2025-04-20,University Ave,Espresso Drinks,Americano,3,4.26,Card,2.0
ORD12361,C1383,2025-05-09, Downtown ,Tea,Green Tea,2,3.42,Card,
ORD12362,C1644,2025-10-21,Downtown,Brewed Coffee,Cold Brew,2,3.4,Cash,
ORD12363,C1544,2025-02-15,University Ave,Pastries,Scone,2,3.27,Mobile Pay,3.0
ORD12364,C1415,2025-05-25,University Ave,Pastries,Muffin,1,2.94,Mobile Pay,
ORD12365,C1287,2025-03-09,Downtown,Espresso Drinks,Americano,1,4.24,Mobile Pay,
ORD12366,C1619,2025-06-25,University Ave,Brewed Coffee,Pour Over,3,2.94,Mobile Pay,
ORD12367,C1151,2025-05-01,Downtown,Pastries,Croissant,2,2.96,Cash,
ORD12368,C1419,2025-01-17,Riverside,Pastries,Scone,2,4.35,Mobile Pay,
ORD12369,C1101,2025-01-26,Downtown,Espresso Drinks,Flat White,1,4.09,Cash,4.0
ORD12370,C1130,2025-11-07,Riverside,Espresso Drinks,Americano,2,5.17,Card,
ORD12371,C1011,2025-01-21,University Ave,Food,Avocado Toast,2,7.57,Mobile Pay,3.0
ORD12372,C1036,2025-10-12,Downtown,Tea,Green Tea,1,3.76,Card,4.0
ORD12373,C1003,2025-11-30,University Ave,Pastries,Cinnamon Roll,3,3.1,Mobile Pay,3.0
ORD12374,C1457,2025-06-19,Riverside,Pastries,Cinnamon Roll,1,4.32,Card,3.0
ORD12375,C1101,2025-04-24,Downtown,Brewed Coffee,Pour Over,1,3.85,Mobile Pay,
ORD12376,C1172,2025-10-10,Riverside,Brewed Coffee,Drip Coffee,1,3.61,Cash,2.0
ORD12377,C1602,2025-12-24,Downtown,Pastries,Croissant,2,3.68,Card,
ORD12378,C1620,2025-02-13,University Ave,Espresso Drinks,Cappuccino,1,5.33,Mobile Pay,
ORD12379,C1438,2025-12-18,Downtown,Pastries,Muffin,3,2.54,Card,
ORD12380,C1559,2025-12-10,Downtown,Brewed Coffee,Drip Coffee,2,3.75,Mobile Pay,
ORD12381,C1464,2025-02-21,University Ave,Espresso Drinks,Flat White,1,4.25,Card,
ORD12382,C1280,2025-01-20,Riverside,Espresso Drinks,Espresso Shot,2,4.48,Card,
ORD12383,C1149,2025-09-18,University Ave,Pastries,Muffin,2,3.19,Gift Card,
ORD12384,C1247,2025-01-29,Riverside,Espresso Drinks,Latte,1,4.47,Card,2.0
ORD12385,C1445,2025-08-07,Riverside,Espresso Drinks,Americano,1,4.82,Gift Card,
ORD12386,C1197,2025-01-24,Riverside,Tea,Herbal Tea,2,4.33,Card,5.0
ORD12387,C1220,2025-09-09,Downtown,Brewed Coffee,Drip Coffee,1,3.85,Card,5.0
ORD12388,C1260,2025-03-26,University Ave,Espresso Drinks,Latte,2,4.9,Card,5.0
ORD12389,C1560,2025-02-05,Riverside,Espresso Drinks,Cappuccino,1,4.82,Card,
ORD12390,C1438,2025-01-25,Downtown,Espresso Drinks,Flat White,2,3.8,Card,4.0
ORD12391,C1000,2025-03-10,Riverside,Espresso Drinks,Latte,1,4.14,Card,3.0
ORD12392,C1641,2025-07-16,Riverside,Tea,Chai Latte,1,3.95,Card,
ORD12393,C1447,2025-01-28,Riverside,Tea,Chai Latte,2,4.57,Cash,4.0
ORD12394,C1050,2025-10-20,Riverside,Food,Bagel,1,5.96,Card,5.0
ORD12395,C1079,2025-08-08,University Ave,Food,Avocado Toast,3,8.09,Card,4.0
ORD12396,C1204,2025-04-19,Downtown,Espresso Drinks,Americano,1,4.81,Mobile Pay,
ORD12397,C1486,2025-12-26,University Ave,Brewed Coffee,Pour Over,3,4.09,Mobile Pay,
ORD12398,C1319,2025-08-28,Downtown,Pastries,Croissant,2,3.57,Card,5.0
ORD12399,C1081,2025-09-02,Downtown,Brewed Coffee,Pour Over,1,2.79,Card,5.0
ORD12400,C1428,2025-03-05,Downtown,Brewed Coffee,Pour Over,1,3.49,Card,3.0
ORD12401,C1190,2025-09-16,university ave,Espresso Drinks,Espresso Shot,1,3.8,Card,5.0
ORD12402,C1246,2025-07-23,Downtown,Food,Bagel,1,6.93,Gift Card,
ORD12403,C1464,2025-12-25,Downtown,Pastries,Cinnamon Roll,2,3.65,Mobile Pay,
ORD12404,C1402,2025-06-23,Riverside,Brewed Coffee,Pour Over,1,3.25,Mobile Pay,4.0
ORD12405,C1012,2025-09-04,Riverside,Brewed Coffee,Cold Brew,2,3.43,Mobile Pay,5.0
ORD12406,C1241,2025-05-05,University Ave,Food,Breakfast Sandwich,2,7.85,Gift Card,
ORD12407,C1364,2025-01-15,Riverside,Brewed Coffee,Pour Over,1,4.14,Card,5.0
ORD12408,C1534,2025-02-16,Downtown,Brewed Coffee,Pour Over,1,3.47,Card,
ORD12409,C1518,2025-11-12,University Ave,Pastries,Scone,2,3.57,Mobile Pay,2.0
ORD12410,C1431,2025-09-26, Riverside ,Brewed Coffee,Cold Brew,3,4.07,Card,
ORD12411,C1453,2025-05-13,Downtown,Espresso Drinks,Latte,1,4.77,Mobile Pay,
ORD12412,C1346,2025-09-12,Downtown,Food,Bagel,2,8.25,Cash,
ORD12413,C1465,2025-01-02,Downtown,Espresso Drinks,Flat White,2,4.76,Card,5.0
ORD12414,C1199,2025-01-14,Riverside,Pastries,Scone,2,3.92,Card,4.0
ORD12415,C1039,2025-07-04,Downtown,Espresso Drinks,Americano,1,5.28,Mobile Pay,2.0
ORD12416,C1237,2025-08-16,Riverside,Espresso Drinks,Flat White,3,5.38,Card,
ORD12417,C1127,2025-12-08,Riverside,Tea,Green Tea,1,3.66,Cash,
ORD12418,C1036,2025-10-04,Riverside,Pastries,Croissant,1,4.28,Mobile Pay,
ORD12419,C1489,2025-04-04,Riverside,Food,Breakfast Sandwich,1,8.11,Card,4.0
ORD12420,C1603,2025-10-24,University Ave,Food,Bagel,1,6.15,Mobile Pay,
ORD12421,C1624,2025-06-28,University Ave,Espresso Drinks,Latte,1,4.22,Cash,
ORD12422,C1224,2025-10-28,Riverside,Espresso Drinks,Espresso Shot,1,5.43,Card,
ORD12423,C1036,2025-03-05,University Ave,Brewed Coffee,Pour Over,2,2.89,Mobile Pay,
ORD12424,C1483,2025-01-10,Downtown,Pastries,Croissant,1,3.69,Card,
ORD12425,C1335,2025-01-22,Riverside,Food,Avocado Toast,1,5.86,Mobile Pay,5.0
ORD12426,C1488,2025-12-27,Downtown,Food,Bagel,2,6.95,Gift Card,
ORD12427,C1240,2025-01-30,University Ave,Brewed Coffee,Cold Brew,1,3.88,Mobile Pay,3.0
ORD12428,C1623,2025-12-08,university ave,Espresso Drinks,Espresso Shot,2,4.12,Mobile Pay,
ORD12429,C1072,2025-09-22,Downtown,Pastries,Croissant,2,3.84,Card,
ORD12430,C1544,2025-02-23,Riverside,Espresso Drinks,Flat White,1,5.19,Card,4.0
ORD12431,C1305,2025-11-11,Riverside,Espresso Drinks,Latte,2,4.16,Card,
ORD12432,C1127,2025-02-22,Riverside,Brewed Coffee,Pour Over,1,4.08,Mobile Pay,
ORD12433,C1251,2025-02-22,Riverside,Espresso Drinks,Espresso Shot,2,5.06,Cash,4.0
ORD12434,C1225,2025-07-29,University Ave,Food,Breakfast Sandwich,1,5.78,Mobile Pay,5.0
ORD12435,C1629,2025-04-15,Riverside,Brewed Coffee,Pour Over,2,3.44,Cash,
ORD12436,C1230,2025-04-16,Riverside,Food,Avocado Toast,2,6.13,Card,
ORD12437,C1274,2025-03-12,Riverside,Tea,Herbal Tea,2,4.58,Card,5.0
ORD12438,C1193,2025-08-10,Downtown,Espresso Drinks,Flat White,2,5.21,Mobile Pay,
ORD12439,C1212,2025-01-10,Downtown,Tea,Chai Latte,3,3.81,Gift Card,
ORD12440,C1571,2025-03-31,Downtown,Tea,Green Tea,2,4.26,Mobile Pay,4.0
ORD12441,C1017,2025-07-21,Downtown,Food,Bagel,2,6.83,Mobile Pay,5.0
ORD12442,C1116,2025-06-27,Downtown,Espresso Drinks,Americano,1,4.21,Mobile Pay,
ORD12443,C1608,2025-09-12,University Ave,Brewed Coffee,Pour Over,1,3.33,Mobile Pay,
ORD12444,C1082,2025-03-20, Downtown ,Brewed Coffee,Cold Brew,2,4.23,Cash,
ORD12445,C1019,2025-08-24, University Ave ,Food,Bagel,2,7.18,Card,3.0
ORD12446,C1486,2025-10-04,university ave,Espresso Drinks,Flat White,2,3.83,Card,4.0
ORD12447,C1289,2025-05-22,Downtown,Espresso Drinks,Flat White,1,4.92,Card,3.0
ORD12448,C1375,2025-04-04,University Ave,Tea,Herbal Tea,2,4.63,Card,
ORD12449,C1300,2025-07-22,University Ave,Brewed Coffee,Cold Brew,3,3.98,Card,5.0
ORD12450,C1390,2025-07-30,Downtown,Brewed Coffee,Pour Over,1,2.91,Card,4.0
ORD12451,C1346,2025-02-04,University Ave,Espresso Drinks,Cappuccino,1,4.42,Mobile Pay,4.0
ORD12452,C1527,2025-07-25,University Ave,Espresso Drinks,Latte,2,4.42,Card,
ORD12453,C1044,2025-02-26,Downtown,Brewed Coffee,Drip Coffee,1,3.19,Mobile Pay,
ORD12454,C1433,2025-07-27,Downtown,Espresso Drinks,Cappuccino,1,4.01,Gift Card,
ORD12455,C1502,2025-12-06,Downtown,Brewed Coffee,Pour Over,1,2.78,Mobile Pay,4.0
ORD12456,C1085,2025-07-15,University Ave,Espresso Drinks,Cappuccino,1,5.05,Card,
ORD12457,C1021,2025-10-05,University Ave,Espresso Drinks,Cappuccino,2,4.33,Card,
ORD12458,C1044,2025-04-23,Riverside,Pastries,Muffin,1,4.31,Gift Card,
ORD12459,C1251,2025-12-02,Riverside,Espresso Drinks,Flat White,1,4.88,Cash,4.0
ORD12460,C1572,2025-10-23,Riverside,Brewed Coffee,Drip Coffee,1,3.98,Mobile Pay,3.0
ORD12461,C1511,2025-11-30,Riverside,Food,Bagel,2,8.31,Gift Card,4.0
ORD12462,C1052,2025-09-27,Downtown,Pastries,Scone,1,3.47,Mobile Pay,3.0
ORD12463,C1225,2025-08-25,University Ave,Pastries,Scone,2,4.06,Mobile Pay,
ORD12464,C1197,2025-07-11,Downtown,Espresso Drinks,Flat White,1,5.26,Card,
ORD12465,C1117,2025-12-04,University Ave,Brewed Coffee,Drip Coffee,2,3.82,Mobile Pay,
ORD12466,C1423,2025-11-05,Downtown,Brewed Coffee,Drip Coffee,2,3.25,Mobile Pay,3.0
ORD12467,C1136,2025-06-01,University Ave,Brewed Coffee,Drip Coffee,1,3.41,Mobile Pay,2.0
ORD12468,C1606,2025-02-01,Downtown,Pastries,Cinnamon Roll,2,2.53,Card,
ORD12469,C1471,2025-01-02,Downtown,Pastries,Muffin,1,4.08,Card,
ORD12470,C1598,2025-03-26,Downtown,Espresso Drinks,Cappuccino,3,4.57,Card,
ORD12471,C1334,2025-01-23,University Ave,Food,Avocado Toast,1,6.32,Cash,1.0
ORD12472,C1624,2025-03-18,University Ave,Espresso Drinks,Americano,1,5.05,Card,
ORD12473,C1279,2025-02-09,Downtown,Tea,Herbal Tea,1,3.99,Card,5.0
ORD12474,C1059,2025-12-24,University Ave,Pastries,Scone,2,3.92,Mobile Pay,3.0
ORD12475,C1571,2025-02-04,Downtown,Espresso Drinks,Espresso Shot,2,5.0,Card,
ORD12476,C1278,2025-08-17,Riverside,Pastries,Cinnamon Roll,1,2.62,Card,
ORD12477,C1327,2025-05-09,Riverside,Tea,Herbal Tea,1,4.03,Mobile Pay,
ORD12478,C1626,2025-03-05,Riverside,Espresso Drinks,Cappuccino,3,4.69,Cash,3.0
ORD12479,C1098,2025-09-13,University Ave,Brewed Coffee,Cold Brew,2,3.99,Gift Card,
ORD12480,C1394,2025-12-20,Downtown,Brewed Coffee,Drip Coffee,2,3.31,Mobile Pay,4.0
ORD12481,C1009,2025-10-15,Riverside,Espresso Drinks,Espresso Shot,3,5.53,Cash,5.0
ORD12482,C1004,2025-12-21,Riverside,Espresso Drinks,Flat White,1,4.05,Card,4.0
ORD12483,C1023,2025-08-03,University Ave,Espresso Drinks,Latte,1,4.71,Cash,
ORD12484,C1519,2025-09-03,Riverside,Espresso Drinks,Espresso Shot,1,4.2,Card,
ORD12485,C1585,2025-02-23,Downtown,Food,Bagel,3,5.71,Card,
ORD12486,C1164,2025-11-07,Riverside,Pastries,Muffin,1,4.04,Card,
ORD12487,C1449,2025-09-30, Downtown ,Pastries,Muffin,2,3.85,Cash,4.0
ORD12488,C1134,2025-04-03,University Ave,Espresso Drinks,Latte,3,5.73,Card,4.0
ORD12489,C1432,2025-05-10,Downtown,Espresso Drinks,Americano,1,5.38,Card,
ORD12490,C1601,2025-08-11,Riverside,Tea,Chai Latte,1,3.65,Card,5.0
ORD12491,C1065,2025-01-05,Downtown,Brewed Coffee,Drip Coffee,1,3.48,Card,5.0
ORD12492,C1578,2025-10-25,Riverside,Espresso Drinks,Cappuccino,1,4.09,Card,
ORD12493,C1063,2025-04-13,Riverside,Espresso Drinks,Cappuccino,1,3.77,Card,
ORD12494,C1346,2025-01-28,Riverside,Brewed Coffee,Drip Coffee,1,2.83,Cash,
ORD12495,C1643,2025-05-01,Riverside,Espresso Drinks,Flat White,1,4.27,Gift Card,
ORD12496,C1103,2025-11-01,Riverside,Pastries,Scone,3,3.59,Mobile Pay,2.0
ORD12497,C1598,2025-04-10,Downtown,Brewed Coffee,Pour Over,3,3.93,Mobile Pay,4.0
ORD12498,C1545,2025-07-16,University Ave,Pastries,Croissant,2,2.71,Gift Card,3.0
ORD12499,C1226,2025-10-23,University Ave,Brewed Coffee,Cold Brew,2,3.14,Card,4.0
ORD12500,C1180,2025-01-13,Downtown,Espresso Drinks,Americano,2,4.27,Cash,1.0
ORD12501,C1293,2025-10-04,University Ave,Brewed Coffee,Pour Over,1,3.13,Card,
ORD12502,C1496,2025-04-16,Downtown,Food,Avocado Toast,2,6.68,Card,3.0
ORD12503,C1363,2025-09-11,university ave,Espresso Drinks,Latte,2,5.17,Card,
ORD12504,C1411,2025-03-10,University Ave,Brewed Coffee,Cold Brew,2,3.42,Card,
ORD12505,C1614,2025-02-20,Riverside,Tea,Green Tea,2,4.4,Card,5.0
ORD12506,C1142,2025-10-14,Downtown,Espresso Drinks,Espresso Shot,1,5.59,Mobile Pay,
ORD12507,C1461,2025-10-22,Downtown,Pastries,Croissant,1,3.0,Gift Card,3.0
ORD12508,C1385,2025-12-24,Downtown,Espresso Drinks,Espresso Shot,1,5.02,Card,4.0
ORD12509,C1584,2025-09-04,Downtown,Brewed Coffee,Drip Coffee,1,3.94,Cash,4.0
ORD12510,C1141,2025-06-19,University Ave,Brewed Coffee,Pour Over,2,4.01,Card,
ORD12511,C1268,2025-03-12,Riverside,Tea,Herbal Tea,2,3.61,Mobile Pay,4.0
ORD12512,C1487,2025-04-18,Downtown,Pastries,Cinnamon Roll,1,3.26,Card,
ORD12513,C1388,2025-08-24,Downtown,Espresso Drinks,Latte,2,4.04,Card,
ORD12514,C1387,2025-05-06,Downtown,Brewed Coffee,Drip Coffee,2,3.09,Mobile Pay,3.0
ORD12515,C1418,2025-06-25,Downtown,Food,Breakfast Sandwich,1,7.72,Card,3.0
ORD12516,C1069,2025-03-03,Riverside,Brewed Coffee,Cold Brew,1,3.01,Card,4.0
ORD12517,C1329,2025-06-09,Downtown,Brewed Coffee,Cold Brew,1,2.94,Card,3.0
ORD12518,C1016,2025-03-28,Downtown,Espresso Drinks,Latte,1,3.76,Card,4.0
ORD12519,C1358,2025-02-10,University Ave,Tea,Chai Latte,2,3.93,Card,2.0
ORD12520,C1257,2025-02-18,Downtown,Brewed Coffee,Pour Over,2,3.23,Gift Card,
ORD12521,C1403,2025-07-08,Downtown,Espresso Drinks,Americano,1,5.0,Mobile Pay,3.0
ORD12522,C1247,2025-05-14,Riverside,Food,Bagel,3,5.79,Mobile Pay,
ORD12523,C1618,2025-02-06,Riverside,Pastries,Croissant,1,2.72,Card,4.0
ORD12524,C1354,2025-07-07,Downtown,Espresso Drinks,Latte,2,5.55,Card,5.0
ORD12525,C1479,2025-03-01,University Ave,Espresso Drinks,Cappuccino,1,5.11,Card,
ORD12526,C1649,2025-01-06,Downtown,Pastries,Scone,1,3.52,Card,4.0
ORD12527,C1170,2025-02-18,Downtown,Brewed Coffee,Drip Coffee,3,3.16,Card,
ORD12528,C1448,2025-06-13,Riverside,Brewed Coffee,Cold Brew,2,3.3,Mobile Pay,
ORD12529,C1385,2025-12-14,University Ave,Espresso Drinks,Americano,3,4.89,Card,5.0
ORD12530,C1446,2025-03-29,Downtown,Espresso Drinks,Cappuccino,1,4.87,Card,
ORD12531,C1402,2025-04-14,Downtown,Brewed Coffee,Cold Brew,2,4.12,Mobile Pay,
ORD12532,C1041,2025-03-30,Downtown,Brewed Coffee,Cold Brew,3,3.32,Card,
ORD12533,C1539,2025-05-10,university ave,Brewed Coffee,Drip Coffee,1,3.5,Card,5.0
ORD12534,C1434,2025-09-19,Downtown,Brewed Coffee,Drip Coffee,2,3.22,Card,
ORD12535,C1091,2025-04-28,University Ave,Espresso Drinks,Espresso Shot,1,5.51,Card,5.0
ORD12536,C1036,2025-08-28,Downtown,Pastries,Muffin,1,2.9,Card,1.0
ORD12537,C1115,2025-11-23,Riverside,Espresso Drinks,Flat White,1,4.29,Mobile Pay,
ORD12538,C1023,2025-12-11,Downtown,Brewed Coffee,Drip Coffee,2,4.21,Mobile Pay,
ORD12539,C1450,2025-07-24,Downtown,Brewed Coffee,Drip Coffee,1,3.08,Card,3.0
ORD12540,C1091,2025-09-17,Downtown,Brewed Coffee,Pour Over,1,3.97,Cash,3.0
ORD12541,C1160,2025-12-01,Downtown,Pastries,Muffin,1,2.68,Cash,
ORD12542,C1057,2025-10-14,Downtown,Espresso Drinks,Cappuccino,2,5.53,Card,
ORD12543,C1188,2025-04-20,Downtown,Tea,Herbal Tea,1,3.94,Card,
ORD12544,C1071,2025-02-18,Riverside,Food,Avocado Toast,3,7.12,Card,5.0
ORD12545,C1565,2025-02-11,Riverside,Espresso Drinks,Cappuccino,2,4.22,Card,
ORD12546,C1573,2025-11-18,Riverside,Brewed Coffee,Drip Coffee,1,3.17,Card,
ORD12547,C1050,2025-07-22,Riverside,Espresso Drinks,Cappuccino,2,5.13,Mobile Pay,
ORD12548,C1272,2025-04-18,University Ave,Espresso Drinks,Cappuccino,3,4.94,Mobile Pay,
ORD12549,C1147,2025-05-06,Riverside,Food,Bagel,2,7.54,Cash,
ORD12550,C1032,2025-04-13,Riverside,Brewed Coffee,Pour Over,2,3.09,Card,
ORD12551,C1595,2025-10-19,Riverside,Food,Avocado Toast,2,7.4,Mobile Pay,
ORD12552,C1178,2025-08-11,Riverside,Espresso Drinks,Americano,2,4.98,Mobile Pay,4.0
ORD12553,C1014,2025-11-17,University Ave,Pastries,Cinnamon Roll,2,3.34,Card,2.0
ORD12554,C1512,2025-04-20,Riverside,Espresso Drinks,Latte,2,4.47,Mobile Pay,2.0
ORD12555,C1148,2025-06-22,Downtown,Tea,Chai Latte,3,3.28,Mobile Pay,5.0
ORD12556,C1392,2025-02-14,University Ave,Pastries,Croissant,3,2.86,Card,
ORD12557,C1540,2025-12-20,Downtown,Brewed Coffee,Pour Over,1,3.31,Mobile Pay,3.0
ORD12558,C1365,2025-07-06,Riverside,Tea,Herbal Tea,3,4.58,Cash,
ORD12559,C1339,2025-07-21,Riverside,Pastries,Scone,1,4.27,Card,
ORD12560,C1167,2025-05-31,Riverside,Espresso Drinks,Espresso Shot,2,3.94,Mobile Pay,
ORD12561,C1092,2025-04-09,Downtown,Espresso Drinks,Latte,1,4.25,Card,
ORD12562,C1539,2025-12-12,Downtown,Espresso Drinks,Latte,2,5.69,Mobile Pay,
ORD12563,C1634,2025-06-27,University Ave,Pastries,Croissant,1,3.27,Card,
ORD12564,C1101,2025-09-03,Downtown,Brewed Coffee,Drip Coffee,1,3.53,Mobile Pay,1.0
ORD12565,C1305,2025-01-14,Downtown,Espresso Drinks,Espresso Shot,3,4.29,Mobile Pay,4.0
ORD12566,C1361,2025-04-11,downtown,Food,Breakfast Sandwich,2,6.47,Mobile Pay,
ORD12567,C1296,2025-10-20,Riverside,Brewed Coffee,Pour Over,1,2.96,Card,2.0
ORD12568,C1400,2025-02-01,University Ave,Food,Bagel,1,6.88,Card,
ORD12569,C1561,2025-02-06,Riverside,Tea,Chai Latte,3,3.36,Card,
ORD12570,C1361,2025-10-22,Downtown,Brewed Coffee,Cold Brew,1,3.36,Mobile Pay,3.0
ORD12571,C1643,2025-04-23,University Ave,Espresso Drinks,Americano,2,5.33,Mobile Pay,5.0
ORD12572,C1249,2025-04-10,Downtown,Pastries,Muffin,2,2.93,Card,3.0
ORD12573,C1486,2025-07-25,Downtown,Food,Avocado Toast,1,8.36,Gift Card,
ORD12574,C1344,2025-03-12,Downtown,Brewed Coffee,Cold Brew,2,3.7,Card,4.0
ORD12575,C1208,2025-01-16,Riverside,Brewed Coffee,Pour Over,1,3.0,Gift Card,5.0
ORD12576,C1272,2025-01-02,University Ave,Food,Bagel,3,6.3,Card,
ORD12577,C1517,2025-01-29,Riverside,Espresso Drinks,Flat White,1,4.97,Cash,
ORD12578,C1619,2025-02-27,University Ave,Food,Bagel,1,6.84,Gift Card,
ORD12579,C1538,2025-09-11,Riverside,Food,Bagel,1,6.76,Mobile Pay,
ORD12580,C1435,2025-04-19,Downtown,Brewed Coffee,Pour Over,3,3.69,Cash,5.0
ORD12581,C1021,2025-01-27,Downtown,Brewed Coffee,Drip Coffee,1,2.8,Cash,
ORD12582,C1272,2025-01-06,University Ave,Brewed Coffee,Pour Over,2,3.76,Gift Card,
ORD12583,C1084,2025-06-23,Riverside,Espresso Drinks,Espresso Shot,1,4.04,Mobile Pay,4.0
ORD12584,C1055,2025-11-02,riverside,Espresso Drinks,Espresso Shot,2,5.0,Card,
ORD12585,C1372,2025-05-04,University Ave,Brewed Coffee,Pour Over,3,3.88,Gift Card,4.0
ORD12586,C1565,2025-01-24,Riverside,Brewed Coffee,Pour Over,3,2.98,Card,3.0
ORD12587,C1334,2025-03-25,Riverside,Brewed Coffee,Drip Coffee,2,3.41,Mobile Pay,
ORD12588,C1382,2025-07-01,Downtown,Brewed Coffee,Pour Over,1,3.61,Mobile Pay,
ORD12589,C1568,2025-03-10, Downtown ,Food,Bagel,1,7.38,Mobile Pay,
ORD12590,C1638,2025-12-23,Riverside,Brewed Coffee,Cold Brew,1,3.24,Gift Card,
ORD12591,C1354,2025-10-05,Downtown,Food,Avocado Toast,1,8.2,Mobile Pay,3.0
ORD12592,C1028,2025-05-06,downtown,Food,Breakfast Sandwich,1,7.29,Mobile Pay,
ORD12593,C1596,2025-12-13,Riverside,Pastries,Muffin,3,2.96,Card,
ORD12594,C1396,2025-04-29,University Ave,Pastries,Muffin,1,4.06,Mobile Pay,
ORD12595,C1353,2025-02-21,University Ave,Pastries,Cinnamon Roll,1,4.03,Card,
ORD12596,C1422,2025-12-08,Downtown,Brewed Coffee,Drip Coffee,1,3.66,Card,
ORD12597,C1033,2025-12-16,Downtown,Brewed Coffee,Cold Brew,1,4.19,Mobile Pay,
ORD12598,C1379,2025-04-24,Downtown,Tea,Green Tea,3,4.17,Mobile Pay,4.0
ORD12599,C1472,2025-08-05,university ave,Tea,Chai Latte,1,3.35,Cash,3.0
ORD12600,C1101,2025-03-05,University Ave,Pastries,Cinnamon Roll,1,4.16,Mobile Pay,
ORD12601,C1334,2025-08-22,Downtown,Espresso Drinks,Cappuccino,1,4.15,Card,
ORD12602,C1343,2025-09-09,Downtown,Espresso Drinks,Cappuccino,1,4.27,Card,4.0
ORD12603,C1342,2025-09-16,Riverside,Tea,Green Tea,3,4.37,Card,
ORD12604,C1220,2025-07-27,Riverside,Espresso Drinks,Americano,2,5.7,Card,
ORD12605,C1082,2025-09-14,University Ave,Espresso Drinks,Americano,1,5.09,Card,4.0
ORD12606,C1320,2025-07-22,Riverside,Brewed Coffee,Pour Over,2,3.52,Card,
ORD12607,C1530,2025-10-26,Downtown,Brewed Coffee,Cold Brew,3,4.01,Card,5.0
ORD12608,C1291,2025-03-07,Riverside,Espresso Drinks,Latte,1,5.72,Card,4.0
ORD12609,C1251,2025-06-25,Downtown,Pastries,Cinnamon Roll,1,2.99,Card,4.0
ORD12610,C1366,2025-06-01,Downtown,Espresso Drinks,Americano,2,4.46,Card,4.0
ORD12611,C1180,2025-07-14,Downtown,Espresso Drinks,Cappuccino,1,4.86,Mobile Pay,
ORD12612,C1272,2025-02-21,Downtown,Espresso Drinks,Flat White,2,5.67,Mobile Pay,
ORD12613,C1340,2025-04-28,Riverside,Food,Avocado Toast,1,6.34,Mobile Pay,5.0
ORD12614,C1191,2025-12-14,Downtown,Espresso Drinks,Flat White,1,4.95,Card,5.0
ORD12615,C1490,2025-02-08,Riverside,Espresso Drinks,Americano,2,4.62,Card,4.0
ORD12616,C1035,2025-08-20,University Ave,Espresso Drinks,Flat White,2,3.83,Card,
ORD12617,C1135,2025-08-30,Riverside,Espresso Drinks,Cappuccino,2,5.26,Mobile Pay,4.0
ORD12618,C1607,2025-06-22,Downtown,Brewed Coffee,Pour Over,2,3.78,Cash,
ORD12619,C1520,2025-01-13,University Ave,Pastries,Croissant,2,2.74,Card,4.0
ORD12620,C1084,2025-01-13,Downtown,Brewed Coffee,Pour Over,1,4.2,Card,4.0
ORD12621,C1436,2025-04-11,Downtown,Brewed Coffee,Drip Coffee,2,2.92,Gift Card,4.0
ORD12622,C1368,2025-02-07,Riverside,Pastries,Cinnamon Roll,2,4.09,Card,5.0
ORD12623,C1633,2025-02-04,downtown,Brewed Coffee,Drip Coffee,3,3.6,Cash,
ORD12624,C1572,2025-02-28,Downtown,Espresso Drinks,Latte,1,3.86,Card,
ORD12625,C1157,2025-03-11,Riverside,Food,Avocado Toast,2,6.15,Mobile Pay,3.0
ORD12626,C1295,2025-11-02,Downtown,Food,Bagel,2,6.16,Card,5.0
ORD12627,C1335,2025-08-21,Downtown,Espresso Drinks,Espresso Shot,1,4.98,Gift Card,
ORD12628,C1494,2025-01-12,Riverside,Espresso Drinks,Espresso Shot,1,4.53,Mobile Pay,
ORD12629,C1432,2025-08-17,Downtown,Espresso Drinks,Latte,2,5.2,Card,3.0
ORD12630,C1079,2025-02-19,Downtown,Espresso Drinks,Cappuccino,2,4.8,Card,
ORD12631,C1265,2025-06-03,Downtown,Food,Breakfast Sandwich,2,5.72,Card,5.0
ORD12632,C1273,2025-01-14,Downtown,Tea,Green Tea,1,3.71,Card,4.0
ORD12633,C1431,2025-02-02,Riverside,Brewed Coffee,Pour Over,1,3.02,Mobile Pay,4.0
ORD12634,C1275,2025-02-18,University Ave,Tea,Herbal Tea,3,3.82,Card,5.0
ORD12635,C1173,2025-06-07,Downtown,Food,Bagel,2,8.42,Card,
ORD12636,C1132,2025-06-18,Riverside,Brewed Coffee,Cold Brew,2,2.8,Mobile Pay,3.0
ORD12637,C1416,2025-05-09,downtown,Food,Bagel,1,5.57,Card,3.0
ORD12638,C1213,2025-08-14,Downtown,Brewed Coffee,Drip Coffee,2,3.5,Mobile Pay,5.0
ORD12639,C1100,2025-09-20,Downtown,Pastries,Croissant,1,3.99,Card,4.0
ORD12640,C1444,2025-09-23,riverside,Pastries,Croissant,3,3.1,Mobile Pay,2.0
ORD12641,C1410,2025-07-30,Riverside,Brewed Coffee,Cold Brew,2,3.34,Mobile Pay,
ORD12642,C1458,2025-07-18,Riverside,Brewed Coffee,Cold Brew,1,3.5,Mobile Pay,2.0
ORD12643,C1585,2025-06-28,Downtown,Espresso Drinks,Cappuccino,1,4.22,Card,
ORD12644,C1329,2025-03-28,Riverside,Pastries,Muffin,1,4.31,Cash,3.0
ORD12645,C1231,2025-06-27,Downtown,Brewed Coffee,Drip Coffee,2,4.01,Card,
ORD12646,C1294,2025-01-04,Riverside,Brewed Coffee,Pour Over,1,3.05,Card,4.0
ORD12647,C1430,2025-12-18,Downtown,Pastries,Scone,3,3.88,Mobile Pay,4.0
ORD12648,C1005,2025-05-15,Riverside,Food,Bagel,2,7.17,Mobile Pay,
ORD12649,C1605,2025-10-03,Riverside,Pastries,Muffin,3,3.28,Card,4.0
ORD12650,C1066,2025-12-15,Riverside,Brewed Coffee,Cold Brew,1,3.27,Cash,4.0
ORD12651,C1513,2025-06-30,Downtown,Pastries,Muffin,1,3.3,Card,
ORD12652,C1216,2025-11-10,Downtown,Tea,Chai Latte,1,3.65,Mobile Pay,
ORD12653,C1183,2025-06-24, Downtown ,Tea,Herbal Tea,3,3.91,Card,
ORD12654,C1416,2025-02-18,Riverside,Pastries,Scone,1,3.15,Card,
ORD12655,C1476,2025-01-10,riverside,Tea,Herbal Tea,2,4.59,Card,5.0
ORD12656,C1455,2025-02-19,Riverside,Tea,Herbal Tea,1,3.98,Mobile Pay,4.0
ORD12657,C1176,2025-12-10,Riverside,Food,Bagel,1,7.82,Cash,
ORD12658,C1190,2025-06-22,Riverside,Brewed Coffee,Drip Coffee,2,3.34,Card,5.0
ORD12659,C1340,2025-04-27,Downtown,Pastries,Muffin,2,4.09,Card,3.0
ORD12660,C1093,2025-06-12,Riverside,Espresso Drinks,Espresso Shot,2,4.21,Mobile Pay,4.0
ORD12661,C1363,2025-04-04,university ave,Pastries,Scone,2,3.86,Cash,4.0
ORD12662,C1007,2025-11-13,University Ave,Pastries,Scone,2,3.9,Card,5.0
ORD12663,C1166,2025-12-30,University Ave,Food,Avocado Toast,1,8.17,Card,
ORD12664,C1031,2025-01-31,Downtown,Food,Bagel,1,7.46,Cash,4.0
ORD12665,C1485,2025-09-19,Downtown,Tea,Herbal Tea,1,3.49,Cash,
ORD12666,C1263,2025-05-03,Downtown,Tea,Chai Latte,1,4.03,Card,
ORD12667,C1100,2025-01-18,University Ave,Espresso Drinks,Cappuccino,1,4.02,Card,
ORD12668,C1349,2025-12-02,Riverside,Pastries,Cinnamon Roll,1,4.23,Mobile Pay,
ORD12669,C1314,2025-01-23,Downtown,Espresso Drinks,Cappuccino,3,3.83,Card,4.0
ORD12670,C1534,2025-03-16,Downtown,Brewed Coffee,Drip Coffee,2,3.19,Cash,3.0
ORD12671,C1566,2025-01-10,Riverside,Tea,Green Tea,2,4.24,Cash,4.0
ORD12672,C1159,2025-06-21,University Ave,Espresso Drinks,Flat White,1,5.3,Card,
ORD12673,C1284,2025-08-07,Downtown,Brewed Coffee,Cold Brew,2,3.92,Cash,
ORD12674,C1034,2025-04-27,Downtown,Brewed Coffee,Cold Brew,1,3.84,Card,5.0
ORD12675,C1194,2025-01-27,downtown,Pastries,Scone,1,3.86,Mobile Pay,
ORD12676,C1556,2025-02-12,Downtown,Tea,Chai Latte,3,4.49,Card,3.0
ORD12677,C1640,2025-12-06,Downtown,Pastries,Muffin,1,4.45,Mobile Pay,4.0
ORD12678,C1370,2025-10-21,Riverside,Food,Breakfast Sandwich,1,5.7,Card,4.0
ORD12679,C1007,2025-12-08,Downtown,Espresso Drinks,Espresso Shot,1,5.26,Gift Card,4.0
ORD12680,C1076,2025-07-13,Riverside,Espresso Drinks,Espresso Shot,1,4.23,Mobile Pay,
ORD12681,C1359,2025-07-18,Downtown,Brewed Coffee,Cold Brew,1,3.25,Cash,
ORD12682,C1444,2025-10-14,Riverside,Espresso Drinks,Flat White,2,4.73,Mobile Pay,3.0
ORD12683,C1263,2025-08-13,University Ave,Brewed Coffee,Cold Brew,1,2.95,Card,4.0
ORD12684,C1439,2025-06-08,Downtown,Espresso Drinks,Latte,2,4.11,Card,
ORD12685,C1305,2025-04-17,Downtown,Espresso Drinks,Flat White,2,4.79,Cash,
ORD12686,C1555,2025-06-26,Riverside,Brewed Coffee,Cold Brew,1,2.9,Card,
ORD12687,C1003,2025-01-24,Downtown,Food,Bagel,1,5.72,Gift Card,3.0
ORD12688,C1286,2025-03-12,University Ave,Tea,Green Tea,2,3.85,Card,
ORD12689,C1171,2025-09-26,Downtown,Food,Bagel,1,6.94,Mobile Pay,
ORD12690,C1431,2025-11-12, Riverside ,Pastries,Scone,1,3.85,Cash,4.0
ORD12691,C1579,2025-02-07,University Ave,Espresso Drinks,Espresso Shot,1,5.59,Card,3.0
ORD12692,C1316,2025-02-05,Downtown,Pastries,Cinnamon Roll,1,4.02,Cash,
ORD12693,C1341,2025-02-01,University Ave,Brewed Coffee,Cold Brew,1,3.19,Card,
ORD12694,C1600,2025-10-16,University Ave,Pastries,Muffin,1,2.68,Cash,
ORD12695,C1140,2025-04-24,University Ave,Pastries,Muffin,1,3.44,Mobile Pay,
ORD12696,C1637,2025-04-29,Downtown,Brewed Coffee,Drip Coffee,2,3.39,Card,
ORD12697,C1162,2025-01-05,Riverside,Brewed Coffee,Drip Coffee,1,3.78,Card,5.0
ORD12698,C1646,2025-12-21,University Ave,Food,Breakfast Sandwich,1,8.42,Card,4.0
ORD12699,C1225,2025-06-07,University Ave,Espresso Drinks,Americano,2,4.07,Gift Card,
ORD12700,C1624,2025-10-18,Riverside,Brewed Coffee,Cold Brew,2,4.22,Mobile Pay,
ORD12701,C1073,2025-09-15,Riverside,Pastries,Cinnamon Roll,1,4.45,Card,
ORD12702,C1353,2025-02-21,University Ave,Espresso Drinks,Espresso Shot,1,4.83,Card,3.0
ORD12703,C1324,2025-10-19, Riverside ,Food,Avocado Toast,3,6.93,Card,
ORD12704,C1315,2025-07-20,Downtown,Tea,Chai Latte,1,4.06,Card,
ORD12705,C1606,2025-08-08,Riverside,Brewed Coffee,Pour Over,2,3.31,Card,2.0
ORD12706,C1235,2025-03-14,Downtown,Food,Avocado Toast,3,6.74,Card,
ORD12707,C1413,2025-11-05,University Ave,Pastries,Muffin,1,2.98,Card,4.0
ORD12708,C1436,2025-12-06,Downtown,Pastries,Cinnamon Roll,2,3.12,Mobile Pay,4.0
ORD12709,C1596,2025-05-28,Riverside,Espresso Drinks,Espresso Shot,2,5.51,Cash,
ORD12710,C1357,2025-02-03,Riverside,Espresso Drinks,Espresso Shot,3,4.35,Gift Card,
ORD12711,C1041,2025-11-05,Riverside,Food,Bagel,2,6.1,Mobile Pay,3.0
ORD12712,C1600,2025-11-20,Riverside,Pastries,Croissant,1,3.53,Card,
ORD12713,C1026,2025-07-04,University Ave,Food,Bagel,1,7.22,Mobile Pay,4.0
ORD12714,C1443,2025-07-30,Downtown,Tea,Herbal Tea,1,3.7,Card,4.0
ORD12715,C1287,2025-03-23,Downtown,Food,Bagel,1,6.21,Card,3.0
ORD12716,C1282,2025-01-25,Downtown,Espresso Drinks,Cappuccino,2,4.61,Card,
ORD12717,C1440,2025-12-10,Downtown,Brewed Coffee,Drip Coffee,2,3.26,Mobile Pay,4.0
ORD12718,C1415,2025-06-25,Downtown,Espresso Drinks,Latte,1,4.68,Card,
ORD12719,C1290,2025-04-11,Downtown,Pastries,Scone,1,4.35,Card,
ORD12720,C1421,2025-09-10,University Ave,Espresso Drinks,Latte,1,4.72,Card,
ORD12721,C1139,2025-01-10,University Ave,Brewed Coffee,Cold Brew,3,3.51,Mobile Pay,4.0
ORD12722,C1510,2025-01-30,University Ave,Brewed Coffee,Drip Coffee,2,3.43,Mobile Pay,
ORD12723,C1521,2025-03-30, University Ave ,Pastries,Cinnamon Roll,1,4.24,Cash,2.0
ORD12724,C1224,2025-06-14,University Ave,Espresso Drinks,Americano,1,4.31,Card,
ORD12725,C1273,2025-05-14,Downtown,Food,Avocado Toast,2,5.64,Card,
ORD12726,C1345,2025-03-10,University Ave,Espresso Drinks,Espresso Shot,2,4.69,Cash,
ORD12727,C1431,2025-05-08,University Ave,Brewed Coffee,Drip Coffee,3,3.86,Mobile Pay,4.0
ORD12728,C1390,2025-05-02,Downtown,Brewed Coffee,Drip Coffee,1,3.84,Card,3.0
ORD12729,C1279,2025-07-10,University Ave,Brewed Coffee,Drip Coffee,1,2.94,Mobile Pay,
ORD12730,C1341,2025-07-24,Downtown,Espresso Drinks,Cappuccino,1,4.83,Card,
ORD12731,C1259,2025-11-18,University Ave,Pastries,Croissant,2,3.35,Card,
ORD12732,C1492,2025-10-21,Riverside,Pastries,Scone,3,3.88,Mobile Pay,3.0
ORD12733,C1162,2025-04-17,Riverside,Tea,Green Tea,3,3.35,Card,4.0
ORD12734,C1266,2025-11-25,university ave,Espresso Drinks,Americano,3,4.13,Mobile Pay,4.0
ORD12735,C1361,2025-07-09,Riverside,Espresso Drinks,Americano,2,5.08,Card,3.0
ORD12736,C1410,2025-03-10,University Ave,Brewed Coffee,Pour Over,1,2.76,Card,
ORD12737,C1567,2025-05-04,University Ave,Espresso Drinks,Americano,1,4.95,Card,
ORD12738,C1140,2025-09-28,University Ave,Espresso Drinks,Cappuccino,1,4.24,Card,4.0
ORD12739,C1360,2025-10-27,Downtown,Brewed Coffee,Drip Coffee,1,3.26,Card,
ORD12740,C1603,2025-05-17,University Ave,Brewed Coffee,Drip Coffee,2,3.26,Card,4.0
ORD12741,C1483,2025-02-27, University Ave ,Pastries,Croissant,2,4.32,Cash,
ORD12742,C1072,2025-03-11,University Ave,Pastries,Scone,3,3.53,Gift Card,2.0
ORD12743,C1104,2025-02-07,University Ave,Espresso Drinks,Espresso Shot,1,5.16,Card,4.0
ORD12744,C1236,2025-09-12,Riverside,Brewed Coffee,Drip Coffee,3,3.84,Card,
ORD12745,C1000,2025-07-03,Riverside,Tea,Chai Latte,3,3.98,Card,
ORD12746,C1189,2025-06-14,Downtown,Brewed Coffee,Drip Coffee,1,3.25,Gift Card,3.0
ORD12747,C1054,2025-09-02,University Ave,Brewed Coffee,Pour Over,1,3.58,Mobile Pay,
ORD12748,C1087,2025-10-29,Riverside,Tea,Herbal Tea,1,3.62,Card,
ORD12749,C1040,2025-10-17,Downtown,Espresso Drinks,Flat White,1,5.74,Mobile Pay,
ORD12750,C1617,2025-02-19,Downtown,Espresso Drinks,Espresso Shot,3,4.58,Card,
ORD12751,C1646,2025-08-03,Downtown,Brewed Coffee,Drip Coffee,1,2.8,Card,4.0
ORD12752,C1500,2025-11-18,Downtown,Espresso Drinks,Espresso Shot,1,4.3,Card,
ORD12753,C1348,2025-10-09,Riverside,Brewed Coffee,Pour Over,2,3.5,Card,3.0
ORD12754,C1579,2025-04-30,Downtown,Espresso Drinks,Latte,1,5.6,Card,5.0
ORD12755,C1490,2025-05-23,Downtown,Espresso Drinks,Cappuccino,2,3.98,Mobile Pay,2.0
ORD12756,C1521,2025-11-21,Riverside,Tea,Chai Latte,1,4.0,Mobile Pay,
ORD12757,C1575,2025-01-12, University Ave ,Tea,Chai Latte,2,3.98,Card,4.0
ORD12758,C1129,2025-07-11,Riverside,Espresso Drinks,Americano,1,3.9,Card,
ORD12759,C1327,2025-02-12,University Ave,Brewed Coffee,Pour Over,2,3.79,Card,
ORD12760,C1010,2025-11-22,University Ave,Espresso Drinks,Flat White,2,4.51,Card,
ORD12761,C1481,2025-01-15,Riverside,Brewed Coffee,Cold Brew,3,3.23,Card,
ORD12762,C1020,2025-01-09,University Ave,Pastries,Scone,1,2.51,Cash,4.0
ORD12763,C1455,2025-04-30,Riverside,Espresso Drinks,Espresso Shot,2,4.21,Mobile Pay,4.0
ORD12764,C1375,2025-03-14,Downtown,Pastries,Croissant,3,4.1,Mobile Pay,
ORD12765,C1602,2025-06-30,Riverside,Espresso Drinks,Espresso Shot,1,4.36,Card,
ORD12766,C1522,2025-04-20,University Ave,Espresso Drinks,Latte,2,4.55,Card,
ORD12767,C1407,2025-05-10,Downtown,Brewed Coffee,Drip Coffee,3,3.24,Card,5.0
ORD12768,C1025,2025-07-25,Downtown,Espresso Drinks,Americano,1,3.79,Card,
ORD12769,C1371,2025-07-24,Riverside,Espresso Drinks,Cappuccino,1,5.61,Cash,
ORD12770,C1198,2025-12-07,Riverside,Espresso Drinks,Americano,3,4.04,Card,3.0
ORD12771,C1590,2025-06-24,Riverside,Pastries,Croissant,2,4.32,Card,
ORD12772,C1311,2025-07-25,Riverside,Espresso Drinks,Cappuccino,2,4.03,Cash,
ORD12773,C1542,2025-09-04,Downtown,Pastries,Muffin,2,2.62,Cash,
ORD12774,C1587,2025-03-05,Downtown,Espresso Drinks,Cappuccino,1,4.0,Card,
ORD12775,C1600,2025-08-31,Downtown,Tea,Chai Latte,1,3.59,Card,
ORD12776,C1526,2025-11-10,Downtown,Espresso Drinks,Americano,3,5.11,Mobile Pay,
ORD12777,C1091,2025-04-26,Riverside,Espresso Drinks,Americano,2,4.8,Card,
ORD12778,C1119,2025-03-06,Riverside,Tea,Chai Latte,2,4.58,Card,
ORD12779,C1540,2025-05-07,University Ave,Espresso Drinks,Flat White,3,5.4,Card,4.0
ORD12780,C1263,2025-04-11,Riverside,Food,Avocado Toast,3,6.94,Cash,
ORD12781,C1230,2025-08-01,Downtown,Pastries,Scone,1,4.33,Card,5.0
ORD12782,C1275,2025-11-11,Riverside,Tea,Herbal Tea,1,4.25,Card,4.0
ORD12783,C1285,2025-08-06,Downtown,Food,Breakfast Sandwich,1,7.69,Card,4.0
ORD12784,C1548,2025-02-15,Downtown,Brewed Coffee,Drip Coffee,1,3.33,Card,
ORD12785,C1312,2025-04-25,Downtown,Food,Avocado Toast,1,7.1,Card,5.0
ORD12786,C1194,2025-09-08,University Ave,Espresso Drinks,Cappuccino,2,5.23,Card,
ORD12787,C1363,2025-05-01,University Ave,Espresso Drinks,Latte,2,4.05,Cash,
ORD12788,C1560,2025-08-02,Riverside,Espresso Drinks,Cappuccino,2,4.45,Mobile Pay,
ORD12789,C1206,2025-09-10,Downtown,Pastries,Muffin,2,4.09,Mobile Pay,
ORD12790,C1238,2025-04-30,Downtown,Food,Bagel,1,6.71,Mobile Pay,
ORD12791,C1271,2025-08-24,Downtown,Tea,Chai Latte,3,4.26,Mobile Pay,
ORD12792,C1013,2025-05-25,University Ave,Espresso Drinks,Espresso Shot,3,5.0,Gift Card,
ORD12793,C1008,2025-02-19,Downtown,Espresso Drinks,Cappuccino,3,5.69,Card,5.0
ORD12794,C1369,2025-05-16,Riverside,Espresso Drinks,Latte,2,4.14,Card,
ORD12795,C1362,2025-06-10,Downtown,Pastries,Muffin,1,4.14,Mobile Pay,4.0
ORD12796,C1340,2025-01-01,University Ave,Pastries,Cinnamon Roll,2,2.7,Card,
ORD12797,C1292,2025-11-21,Downtown,Espresso Drinks,Espresso Shot,2,3.91,Card,3.0
ORD12798,C1541,2025-07-12,Riverside,Brewed Coffee,Pour Over,2,2.98,Cash,
ORD12799,C1627,2025-01-14,University Ave,Tea,Green Tea,1,3.44,Mobile Pay,
ORD12800,C1094,2025-11-12,University Ave,Brewed Coffee,Drip Coffee,1,2.9,Cash,
ORD12801,C1337,2025-11-08,Downtown,Brewed Coffee,Pour Over,3,3.07,Card,4.0
ORD12802,C1105,2025-01-05,University Ave,Food,Avocado Toast,1,6.31,Card,5.0
ORD12803,C1475,2025-03-01,University Ave,Pastries,Cinnamon Roll,2,3.0,Cash,4.0
ORD12804,C1366,2025-05-13, University Ave ,Espresso Drinks,Flat White,2,4.64,Cash,
ORD12805,C1149,2025-07-04,Riverside,Espresso Drinks,Flat White,2,5.15,Cash,4.0
ORD12806,C1566,2025-09-22,Downtown,Brewed Coffee,Cold Brew,1,3.72,Mobile Pay,3.0
ORD12807,C1214,2025-06-04,University Ave,Espresso Drinks,Americano,2,4.3,Card,
ORD12808,C1145,2025-08-11,Downtown,Espresso Drinks,Cappuccino,2,5.05,Card,
ORD12809,C1434,2025-01-04,University Ave,Food,Bagel,2,6.05,Card,4.0
ORD12810,C1496,2025-08-28,University Ave,Espresso Drinks,Flat White,1,5.0,Card,
ORD12811,C1280,2025-11-30,Downtown,Espresso Drinks,Flat White,1,4.6,Card,
ORD12812,C1389,2025-07-11,Downtown,Tea,Chai Latte,2,4.55,Card,
ORD12813,C1611,2025-06-15,Downtown,Food,Bagel,2,8.4,Mobile Pay,4.0
ORD12814,C1294,2025-04-19,Downtown,Food,Breakfast Sandwich,1,8.27,Cash,
ORD12815,C1101,2025-12-14,Riverside,Espresso Drinks,Americano,1,5.55,Mobile Pay,
ORD12816,C1456,2025-01-13,Riverside,Food,Breakfast Sandwich,1,8.02,Mobile Pay,5.0
ORD12817,C1181,2025-04-15,Riverside,Tea,Green Tea,1,4.6,Gift Card,4.0
ORD12818,C1089,2025-02-20,Riverside,Espresso Drinks,Espresso Shot,3,5.35,Mobile Pay,
ORD12819,C1187,2025-11-12,Downtown,Brewed Coffee,Drip Coffee,2,3.26,Card,5.0
ORD12820,C1352,2025-06-25,University Ave,Espresso Drinks,Cappuccino,1,5.15,Cash,3.0
ORD12821,C1412,2025-12-02,Riverside,Espresso Drinks,Flat White,1,5.23,Gift Card,
ORD12822,C1347,2025-08-31,Downtown,Espresso Drinks,Latte,1,4.14,Mobile Pay,
ORD12823,C1239,2025-07-22,Downtown,Food,Breakfast Sandwich,1,7.15,Card,
ORD12824,C1594,2025-07-08,Riverside,Pastries,Muffin,2,2.95,Cash,
ORD12825,C1464,2025-03-15,University Ave,Espresso Drinks,Flat White,1,5.67,Mobile Pay,5.0
ORD12826,C1204,2025-07-24,Riverside,Espresso Drinks,Flat White,2,4.33,Mobile Pay,
ORD12827,C1580,2025-09-07,Downtown,Food,Avocado Toast,1,8.13,Card,
ORD12828,C1114,2025-12-18,Riverside,Espresso Drinks,Latte,2,4.6,Mobile Pay,5.0
ORD12829,C1379,2025-07-19,Riverside,Espresso Drinks,Latte,2,4.04,Card,
ORD12830,C1460,2025-12-08, Downtown ,Tea,Chai Latte,2,3.36,Mobile Pay,4.0
ORD12831,C1486,2025-12-10, University Ave ,Espresso Drinks,Americano,3,5.68,Card,
ORD12832,C1570,2025-07-10,University Ave,Pastries,Scone,1,3.54,Cash,3.0
ORD12833,C1615,2025-06-09,Downtown,Espresso Drinks,Latte,2,4.4,Card,
ORD12834,C1473,2025-02-21,Downtown,Brewed Coffee,Drip Coffee,2,4.07,Mobile Pay,
ORD12835,C1282,2025-04-08,University Ave,Brewed Coffee,Drip Coffee,2,3.99,Mobile Pay,
ORD12836,C1400,2025-11-16,university ave,Espresso Drinks,Flat White,1,5.56,Card,4.0
ORD12837,C1206,2025-02-20, Riverside ,Espresso Drinks,Latte,2,4.41,Mobile Pay,
ORD12838,C1364,2025-05-25,Riverside,Pastries,Scone,1,3.3,Mobile Pay,5.0
ORD12839,C1590,2025-09-12,University Ave,Pastries,Cinnamon Roll,1,2.8,Card,4.0
ORD12840,C1447,2025-03-29,Riverside,Espresso Drinks,Flat White,2,4.88,Card,4.0
ORD12841,C1302,2025-12-21,University Ave,Pastries,Muffin,3,2.56,Mobile Pay,
ORD12842,C1529,2025-08-25,University Ave,Espresso Drinks,Cappuccino,2,5.12,Mobile Pay,3.0
ORD12843,C1184,2025-01-11,downtown,Pastries,Croissant,1,2.89,Card,
ORD12844,C1424,2025-03-31,Riverside,Tea,Herbal Tea,2,3.33,Card,4.0
ORD12845,C1187,2025-09-27,University Ave,Pastries,Scone,2,3.25,Card,4.0
ORD12846,C1593,2025-11-11,Downtown,Espresso Drinks,Flat White,1,3.83,Card,
ORD12847,C1307,2025-12-04,University Ave,Pastries,Cinnamon Roll,1,3.55,Mobile Pay,
ORD12848,C1425,2025-11-06, Riverside ,Brewed Coffee,Cold Brew,3,3.88,Cash,
ORD12849,C1445,2025-01-28,University Ave,Food,Avocado Toast,2,5.61,Mobile Pay,2.0
ORD12850,C1113,2025-09-23,Downtown,Brewed Coffee,Cold Brew,1,2.9,Mobile Pay,4.0
ORD12851,C1294,2025-02-10,Riverside,Espresso Drinks,Espresso Shot,1,4.22,Card,
ORD12852,C1618,2025-01-28,Downtown,Espresso Drinks,Americano,2,4.56,Mobile Pay,
ORD12853,C1474,2025-09-09,Riverside,Brewed Coffee,Drip Coffee,2,3.76,Card,
ORD12854,C1350,2025-06-24,Riverside,Espresso Drinks,Americano,1,5.2,Card,3.0
ORD12855,C1379,2025-08-24,Riverside,Pastries,Scone,1,3.12,Card,
ORD12856,C1536,2025-11-06,University Ave,Pastries,Muffin,2,3.72,Card,5.0
ORD12857,C1119,2025-01-26,University Ave,Brewed Coffee,Cold Brew,2,3.9,Mobile Pay,
ORD12858,C1282,2025-07-12,University Ave,Espresso Drinks,Flat White,1,5.18,Mobile Pay,3.0
ORD12859,C1577,2025-10-31,Downtown,Espresso Drinks,Americano,1,5.03,Card,
ORD12860,C1288,2025-06-10,University Ave,Brewed Coffee,Drip Coffee,2,2.86,Card,
ORD12861,C1558,2025-07-10,Riverside,Pastries,Cinnamon Roll,2,4.24,Card,
ORD12862,C1274,2025-07-01,Downtown,Pastries,Muffin,2,2.72,Mobile Pay,4.0
ORD12863,C1593,2025-11-27,University Ave,Espresso Drinks,Cappuccino,1,5.33,Gift Card,
ORD12864,C1274,2025-01-19,University Ave,Espresso Drinks,Americano,3,5.61,Card,
ORD12865,C1481,2025-11-16,downtown,Pastries,Cinnamon Roll,1,3.14,Gift Card,4.0
ORD12866,C1180,2025-10-25,Riverside,Brewed Coffee,Cold Brew,3,3.99,Mobile Pay,3.0
ORD12867,C1193,2025-10-23,Downtown,Brewed Coffee,Pour Over,1,3.89,Card,4.0
ORD12868,C1546,2025-05-31, University Ave ,Tea,Green Tea,2,3.8,Card,
ORD12869,C1531,2025-07-07,University Ave,Espresso Drinks,Cappuccino,2,5.43,Card,3.0
ORD12870,C1198,2025-05-15,University Ave,Tea,Green Tea,1,4.14,Card,
ORD12871,C1374,2025-04-02,University Ave,Espresso Drinks,Americano,1,5.6,Mobile Pay,
ORD12872,C1492,2025-11-15,University Ave,Espresso Drinks,Latte,3,4.13,Card,4.0
ORD12873,C1519,2025-07-04,University Ave,Espresso Drinks,Cappuccino,2,5.55,Mobile Pay,
ORD12874,C1505,2025-09-21,Riverside,Espresso Drinks,Espresso Shot,2,4.84,Mobile Pay,5.0
ORD12875,C1568,2025-02-06,Downtown,Pastries,Muffin,2,4.09,Card,
ORD12876,C1503,2025-10-15,Riverside,Food,Avocado Toast,1,5.76,Card,
ORD12877,C1534,2025-08-28,University Ave,Pastries,Scone,1,2.75,Card,3.0
ORD12878,C1301,2025-12-30,Downtown,Espresso Drinks,Americano,1,5.44,Card,4.0
ORD12879,C1336,2025-02-18,University Ave,Pastries,Scone,1,3.93,Mobile Pay,3.0
ORD12880,C1446,2025-07-16,Downtown,Espresso Drinks,Americano,1,5.57,Mobile Pay,5.0
ORD12881,C1017,2025-07-06,Downtown,Espresso Drinks,Cappuccino,2,4.36,Gift Card,
ORD12882,C1013,2025-07-15,Downtown,Espresso Drinks,Latte,2,5.41,Card,
ORD12883,C1265,2025-01-20,Riverside,Espresso Drinks,Americano,1,5.61,Mobile Pay,
ORD12884,C1337,2025-06-22,Riverside,Tea,Chai Latte,2,3.69,Card,3.0
ORD12885,C1202,2025-04-20,university ave,Espresso Drinks,Americano,2,5.0,Card,2.0
ORD12886,C1343,2025-08-13,Downtown,Espresso Drinks,Cappuccino,3,4.9,Mobile Pay,
ORD12887,C1212,2025-03-26,Downtown,Food,Avocado Toast,1,6.69,Gift Card,
ORD12888,C1394,2025-06-08,Downtown,Food,Bagel,1,5.6,Mobile Pay,
ORD12889,C1564,2025-08-14,Downtown,Espresso Drinks,Espresso Shot,2,4.55,Card,3.0
ORD12890,C1590,2025-01-24,University Ave,Espresso Drinks,Americano,2,5.6,Mobile Pay,
ORD12891,C1257,2025-10-14,Downtown,Brewed Coffee,Cold Brew,1,2.86,Mobile Pay,
ORD12892,C1516,2025-09-18,Downtown,Pastries,Croissant,1,3.82,Mobile Pay,
ORD12893,C1109,2025-01-21, Downtown ,Brewed Coffee,Cold Brew,1,4.18,Cash,
ORD12894,C1362,2025-01-24,Riverside,Brewed Coffee,Drip Coffee,2,3.6,Card,5.0
ORD12895,C1250,2025-11-06,Downtown,Brewed Coffee,Cold Brew,2,2.81,Card,
ORD12896,C1097,2025-04-14,Downtown,Pastries,Muffin,2,3.13,Mobile Pay,
ORD12897,C1618,2025-11-10,Downtown,Pastries,Muffin,2,3.3,Card,1.0
ORD12898,C1226,2025-07-01,University Ave,Espresso Drinks,Americano,2,3.9,Mobile Pay,
ORD12899,C1598,2025-05-05,Riverside,Tea,Green Tea,1,3.69,Mobile Pay,
ORD12900,C1478,2025-04-10,Downtown,Espresso Drinks,Cappuccino,2,4.79,Card,
ORD12901,C1509,2025-08-28,Downtown,Tea,Herbal Tea,2,4.7,Card,5.0
ORD12902,C1587,2025-02-09,Riverside,Espresso Drinks,Espresso Shot,1,5.43,Card,5.0
ORD12903,C1164,2025-05-27, Downtown ,Pastries,Cinnamon Roll,1,3.73,Card,3.0
ORD12904,C1015,2025-05-06,downtown,Pastries,Croissant,1,3.7,Card,
ORD12905,C1209,2025-02-26,Riverside,Espresso Drinks,Latte,1,5.04,Mobile Pay,3.0
ORD12906,C1195,2025-05-09, Downtown ,Food,Breakfast Sandwich,1,8.25,Card,
ORD12907,C1082,2025-07-12,Downtown,Pastries,Muffin,2,2.89,Card,
ORD12908,C1163,2025-09-04,Downtown,Food,Breakfast Sandwich,2,8.01,Mobile Pay,
ORD12909,C1310,2025-02-01,Downtown,Food,Bagel,1,7.82,Card,3.0
ORD12910,C1173,2025-11-14,University Ave,Pastries,Croissant,1,3.53,Cash,
ORD12911,C1621,2025-11-16,Riverside,Tea,Green Tea,2,4.03,Mobile Pay,4.0
ORD12912,C1413,2025-09-09,Downtown,Espresso Drinks,Americano,2,5.58,Gift Card,
ORD12913,C1545,2025-12-03,University Ave,Brewed Coffee,Pour Over,1,2.91,Mobile Pay,4.0
ORD12914,C1556,2025-06-05,University Ave,Pastries,Cinnamon Roll,1,2.75,Card,5.0
ORD12915,C1594,2025-10-27,Riverside,Food,Bagel,1,7.59,Gift Card,4.0
ORD12916,C1502,2025-09-22,Downtown,Brewed Coffee,Pour Over,1,2.76,Cash,
ORD12917,C1088,2025-07-24,Downtown,Pastries,Croissant,1,3.08,Mobile Pay,
ORD12918,C1544,2025-03-07,Downtown,Pastries,Scone,1,2.78,Card,5.0
ORD12919,C1578,2025-07-22,University Ave,Food,Avocado Toast,1,8.06,Cash,5.0
ORD12920,C1402,2025-11-25,University Ave,Food,Breakfast Sandwich,3,8.26,Gift Card,5.0
ORD12921,C1449,2025-12-25,Downtown,Tea,Green Tea,1,4.66,Card,
ORD12922,C1078,2025-06-13,Riverside,Food,Avocado Toast,2,8.17,Mobile Pay,4.0
ORD12923,C1108,2025-04-01,Downtown,Tea,Chai Latte,1,3.29,Mobile Pay,
ORD12924,C1348,2025-09-30,downtown,Brewed Coffee,Pour Over,1,3.32,Card,3.0
ORD12925,C1431,2025-01-28,Riverside,Espresso Drinks,Latte,2,3.88,Mobile Pay,
ORD12926,C1471,2025-02-24,Downtown,Brewed Coffee,Pour Over,2,3.6,Cash,
ORD12927,C1514,2025-07-24,University Ave,Espresso Drinks,Flat White,1,4.46,Card,
ORD12928,C1621,2025-12-27,Riverside,Espresso Drinks,Flat White,1,3.84,Card,3.0
ORD12929,C1154,2025-04-30,Downtown,Pastries,Muffin,2,2.69,Mobile Pay,
ORD12930,C1378,2025-06-11,University Ave,Tea,Green Tea,1,4.23,Mobile Pay,4.0
ORD12931,C1347,2025-04-28,University Ave,Tea,Herbal Tea,2,4.62,Cash,
ORD12932,C1363,2025-06-10,Riverside,Brewed Coffee,Cold Brew,2,2.99,Card,
ORD12933,C1551,2025-01-03,Riverside,Tea,Herbal Tea,2,3.43,Cash,
ORD12934,C1427,2025-08-05,University Ave,Tea,Chai Latte,2,4.64,Card,
ORD12935,C1514,2025-08-06,Riverside,Tea,Chai Latte,1,3.52,Card,4.0
ORD12936,C1191,2025-04-25,Riverside,Food,Breakfast Sandwich,3,6.88,Card,
ORD12937,C1053,2025-04-07,University Ave,Brewed Coffee,Cold Brew,1,3.24,Mobile Pay,
ORD12938,C1536,2025-10-05,Riverside,Espresso Drinks,Flat White,2,4.12,Cash,
ORD12939,C1271,2025-03-10,University Ave,Pastries,Scone,3,4.39,Mobile Pay,
ORD12940,C1040,2025-01-18,Downtown,Espresso Drinks,Flat White,1,4.45,Mobile Pay,5.0
ORD12941,C1550,2025-01-15, University Ave ,Brewed Coffee,Drip Coffee,1,3.73,Card,
ORD12942,C1453,2025-11-17,Downtown,Espresso Drinks,Flat White,1,5.73,Card,
ORD12943,C1325,2025-05-13,Riverside,Brewed Coffee,Cold Brew,1,4.16,Card,5.0
ORD12944,C1085,2025-02-07,Downtown,Pastries,Scone,1,3.97,Card,4.0
ORD12945,C1059,2025-11-16,Downtown,Espresso Drinks,Latte,3,5.46,Mobile Pay,4.0
ORD12946,C1483,2025-02-24,Riverside,Pastries,Scone,1,3.4,Card,
ORD12947,C1604,2025-05-03,Downtown,Pastries,Croissant,1,3.65,Card,
ORD12948,C1094,2025-01-08,Riverside,Brewed Coffee,Drip Coffee,1,3.65,Mobile Pay,3.0
ORD12949,C1615,2025-09-05,Riverside,Espresso Drinks,Flat White,2,5.02,Card,
ORD12950,C1160,2025-09-12,Downtown,Brewed Coffee,Drip Coffee,3,4.17,Mobile Pay,4.0
ORD12951,C1182,2025-10-03,Downtown,Pastries,Cinnamon Roll,1,2.54,Mobile Pay,
ORD12952,C1214,2025-04-06,University Ave,Food,Avocado Toast,1,8.27,Card,
ORD12953,C1558,2025-04-30,University Ave,Tea,Green Tea,1,4.63,Card,
ORD12954,C1260,2025-12-08,Downtown,Espresso Drinks,Latte,2,4.24,Gift Card,
ORD12955,C1318,2025-10-27,University Ave,Espresso Drinks,Cappuccino,1,3.93,Card,4.0
ORD12956,C1222,2025-01-14,riverside,Brewed Coffee,Cold Brew,1,3.53,Card,
ORD12957,C1320,2025-09-09,Riverside,Brewed Coffee,Pour Over,1,2.86,Card,
ORD12958,C1518,2025-10-23,Downtown,Food,Avocado Toast,1,6.74,Mobile Pay,
ORD12959,C1360,2025-07-23,University Ave,Espresso Drinks,Cappuccino,2,5.68,Card,
ORD12960,C1032,2025-08-21,Riverside,Tea,Green Tea,1,4.2,Gift Card,5.0
ORD12961,C1180,2025-01-01,Riverside,Espresso Drinks,Cappuccino,2,4.73,Mobile Pay,5.0
ORD12962,C1246,2025-01-11,Downtown,Pastries,Cinnamon Roll,2,4.18,Mobile Pay,3.0
ORD12963,C1568,2025-01-13,Riverside,Espresso Drinks,Espresso Shot,1,4.85,Mobile Pay,5.0
ORD12964,C1150,2025-02-27,Downtown,Espresso Drinks,Americano,1,4.66,Mobile Pay,
ORD12965,C1334,2025-12-27,Riverside,Espresso Drinks,Flat White,2,4.84,Mobile Pay,3.0
ORD12966,C1434,2025-08-19,Riverside,Espresso Drinks,Flat White,2,5.63,Cash,
ORD12967,C1253,2025-10-12,Downtown,Pastries,Muffin,2,3.98,Card,
ORD12968,C1571,2025-04-18,Downtown,Pastries,Scone,1,4.02,Card,4.0
ORD12969,C1066,2025-12-08,University Ave,Tea,Herbal Tea,1,4.08,Card,
ORD12970,C1545,2025-03-14,Riverside,Espresso Drinks,Flat White,3,5.75,Cash,
ORD12971,C1572,2025-11-25,Downtown,Espresso Drinks,Cappuccino,1,5.31,Card,4.0
ORD12972,C1055,2025-01-12,Downtown,Brewed Coffee,Drip Coffee,3,3.27,Card,4.0
ORD12973,C1591,2025-01-08,Riverside,Espresso Drinks,Cappuccino,2,4.38,Cash,
ORD12974,C1174,2025-01-29,University Ave,Espresso Drinks,Espresso Shot,3,4.26,Card,4.0
ORD12975,C1394,2025-10-16,Downtown,Food,Bagel,1,7.05,Mobile Pay,3.0
ORD12976,C1523,2025-04-04,Downtown,Espresso Drinks,Americano,1,4.55,Card,5.0
ORD12977,C1610,2025-06-14,University Ave,Food,Breakfast Sandwich,2,6.18,Card,2.0
ORD12978,C1641,2025-06-21,Downtown,Pastries,Scone,1,4.27,Gift Card,
ORD12979,C1296,2025-10-15,Downtown,Espresso Drinks,Latte,2,4.02,Mobile Pay,
ORD12980,C1062,2025-05-07,Downtown,Brewed Coffee,Cold Brew,1,3.3,Mobile Pay,5.0
ORD12981,C1070,2025-01-03,Downtown,Brewed Coffee,Cold Brew,3,3.21,Mobile Pay,
ORD12982,C1062,2025-05-21,Downtown,Brewed Coffee,Drip Coffee,2,3.6,Gift Card,
ORD12983,C1305,2025-04-15,Downtown,Food,Avocado Toast,1,7.33,Mobile Pay,3.0
ORD12984,C1247,2025-09-24,Downtown,Pastries,Croissant,1,4.17,Mobile Pay,
ORD12985,C1587,2025-10-01,University Ave,Pastries,Muffin,1,4.24,Mobile Pay,
ORD12986,C1484,2025-02-03,Riverside,Espresso Drinks,Cappuccino,2,4.38,Cash,
ORD12987,C1438,2025-10-16,Downtown,Pastries,Scone,1,3.8,Mobile Pay,
ORD12988,C1296,2025-01-26,University Ave,Food,Breakfast Sandwich,1,5.58,Card,
ORD12989,C1505,2025-08-14,Downtown,Pastries,Croissant,1,4.16,Card,4.0
ORD12990,C1332,2025-05-22,University Ave,Brewed Coffee,Pour Over,1,3.87,Mobile Pay,5.0
ORD12991,C1279,2025-04-20,Riverside,Pastries,Muffin,1,4.17,Card,
ORD12992,C1033,2025-06-25,Downtown,Espresso Drinks,Flat White,1,5.15,Card,
ORD12993,C1406,2025-04-23,Downtown,Brewed Coffee,Pour Over,2,3.5,Card,5.0
ORD12994,C1606,2025-10-16,Downtown,Food,Avocado Toast,2,7.49,Cash,5.0
ORD12995,C1260,2025-12-18,Downtown,Food,Avocado Toast,1,6.05,Cash,
ORD12996,C1148,2025-10-24,University Ave,Tea,Green Tea,2,3.73,Card,3.0
ORD12997,C1394,2025-06-09,Downtown,Tea,Chai Latte,2,3.45,Cash,
ORD12998,C1252,2025-07-03,downtown,Espresso Drinks,Espresso Shot,3,5.02,Cash,
ORD12999,C1283,2025-06-12,Downtown,Brewed Coffee,Drip Coffee,1,3.51,Card,
ORD13000,C1016,2025-10-16,University Ave,Pastries,Croissant,1,2.65,Card,1.0
ORD13001,C1021,2025-07-21,Downtown,Food,Avocado Toast,3,6.95,Card,
ORD13002,C1373,2025-06-20,Riverside,Espresso Drinks,Espresso Shot,2,5.48,Card,
ORD13003,C1524,2025-05-30,Riverside,Food,Breakfast Sandwich,1,6.37,Mobile Pay,
ORD13004,C1584,2025-05-17, Riverside ,Brewed Coffee,Cold Brew,3,3.74,Mobile Pay,4.0
ORD13005,C1396,2025-07-21,Downtown,Food,Avocado Toast,1,7.45,Card,3.0
ORD13006,C1274,2025-09-08,University Ave,Espresso Drinks,Latte,2,4.48,Card,
ORD13007,C1274,2025-06-07,Riverside,Brewed Coffee,Drip Coffee,2,3.37,Card,
ORD13008,C1202,2025-10-21,Riverside,Espresso Drinks,Latte,2,4.37,Card,
ORD13009,C1556,2025-10-28,Riverside,Brewed Coffee,Cold Brew,2,3.3,Card,
ORD13010,C1343,2025-06-06, Downtown ,Espresso Drinks,Latte,1,4.52,Card,
ORD13011,C1177,2025-11-27,Riverside,Tea,Herbal Tea,2,3.96,Card,5.0
ORD13012,C1086,2025-03-04,University Ave,Espresso Drinks,Cappuccino,1,4.85,Card,5.0
ORD13013,C1304,2025-12-06,University Ave,Brewed Coffee,Pour Over,2,3.38,Card,4.0
ORD13014,C1169,2025-04-18,University Ave,Tea,Herbal Tea,2,3.31,Cash,5.0
ORD13015,C1104,2025-07-25,University Ave,Brewed Coffee,Pour Over,3,2.89,Cash,5.0
ORD13016,C1639,2025-04-14,University Ave,Espresso Drinks,Americano,1,5.26,Mobile Pay,
ORD13017,C1498,2025-06-10,University Ave,Espresso Drinks,Latte,1,5.29,Card,
ORD13018,C1516,2025-05-04,Riverside,Pastries,Cinnamon Roll,1,3.98,Mobile Pay,4.0
ORD13019,C1401,2025-09-14,Downtown,Food,Breakfast Sandwich,1,6.55,Cash,3.0
ORD13020,C1082,2025-01-30, Downtown ,Food,Avocado Toast,2,6.39,Gift Card,
ORD13021,C1614,2025-11-02,University Ave,Brewed Coffee,Drip Coffee,2,3.44,Card,5.0
ORD13022,C1529,2025-11-25,Downtown,Brewed Coffee,Pour Over,2,4.14,Card,4.0
ORD13023,C1161,2025-07-24,Riverside,Brewed Coffee,Pour Over,2,3.16,Mobile Pay,5.0
ORD13024,C1525,2025-07-19,Downtown,Pastries,Cinnamon Roll,3,4.14,Card,3.0
ORD13025,C1560,2025-09-12,riverside,Espresso Drinks,Americano,1,5.52,Mobile Pay,
ORD13026,C1478,2025-03-14,Downtown,Espresso Drinks,Cappuccino,1,4.42,Mobile Pay,
ORD13027,C1415,2025-09-30,Downtown,Brewed Coffee,Cold Brew,1,3.4,Mobile Pay,3.0
ORD13028,C1424,2025-03-21,University Ave,Espresso Drinks,Latte,2,4.68,Card,5.0
ORD13029,C1398,2025-09-04,University Ave,Pastries,Scone,1,3.05,Card,4.0
ORD13030,C1379,2025-04-22,University Ave,Tea,Herbal Tea,3,4.37,Mobile Pay,5.0
ORD13031,C1228,2025-09-29,Downtown,Food,Breakfast Sandwich,3,5.88,Mobile Pay,
ORD13032,C1641,2025-10-15,University Ave,Brewed Coffee,Cold Brew,3,2.96,Cash,3.0
ORD13033,C1268,2025-03-17,Downtown,Brewed Coffee,Pour Over,2,3.13,Card,5.0
ORD13034,C1277,2025-08-13,University Ave,Espresso Drinks,Americano,1,3.91,Cash,
ORD13035,C1606,2025-07-01,Downtown,Tea,Green Tea,1,3.28,Gift Card,
ORD13036,C1098,2025-04-18,Riverside,Pastries,Scone,2,4.01,Mobile Pay,
ORD13037,C1217,2025-08-03,Riverside,Brewed Coffee,Cold Brew,1,3.71,Cash,
ORD13038,C1448,2025-12-28,Riverside,Brewed Coffee,Drip Coffee,2,3.51,Card,5.0
ORD13039,C1222,2025-01-01,downtown,Espresso Drinks,Cappuccino,3,5.7,Mobile Pay,
ORD13040,C1397,2025-12-15,Downtown,Tea,Green Tea,1,4.55,Card,5.0
ORD13041,C1223,2025-11-08,Downtown,Espresso Drinks,Americano,1,5.12,Mobile Pay,
ORD13042,C1064,2025-07-12,University Ave,Brewed Coffee,Cold Brew,3,3.81,Card,5.0
ORD13043,C1287,2025-08-11,Riverside,Brewed Coffee,Cold Brew,1,3.49,Cash,4.0
ORD13044,C1552,2025-05-15,Downtown,Espresso Drinks,Flat White,1,4.92,Card,1.0
ORD13045,C1613,2025-02-17,Riverside,Brewed Coffee,Drip Coffee,1,3.44,Card,
ORD13046,C1217,2025-07-28,Downtown,Pastries,Scone,1,3.88,Mobile Pay,
ORD13047,C1089,2025-10-25,Riverside,Brewed Coffee,Cold Brew,2,3.37,Mobile Pay,
ORD13048,C1408,2025-03-26,Downtown,Espresso Drinks,Cappuccino,2,3.99,Cash,
ORD13049,C1182,2025-09-19,University Ave,Pastries,Muffin,3,3.89,Card,5.0
ORD13050,C1470,2025-09-30,Downtown,Espresso Drinks,Americano,2,5.44,Mobile Pay,
ORD13051,C1299,2025-10-04,University Ave,Tea,Green Tea,1,4.31,Card,5.0
ORD13052,C1188,2025-05-04,Downtown,Espresso Drinks,Cappuccino,1,4.15,Cash,4.0
ORD13053,C1192,2025-05-23,University Ave,Espresso Drinks,Latte,3,4.57,Card,4.0
ORD13054,C1407,2025-06-01,Downtown,Espresso Drinks,Flat White,2,4.47,Card,
ORD13055,C1394,2025-11-07,Riverside,Espresso Drinks,Espresso Shot,2,5.51,Mobile Pay,4.0
ORD13056,C1289,2025-11-24,University Ave,Pastries,Cinnamon Roll,2,4.04,Mobile Pay,3.0
ORD13057,C1191,2025-05-31,Riverside,Espresso Drinks,Flat White,1,5.02,Card,2.0
ORD13058,C1561,2025-12-20,University Ave,Tea,Herbal Tea,1,3.62,Card,3.0
ORD13059,C1410,2025-07-27,Riverside,Espresso Drinks,Flat White,1,3.95,Cash,4.0
ORD13060,C1027,2025-05-21,Riverside,Pastries,Scone,1,3.36,Card,
ORD13061,C1147,2025-01-01,Downtown,Pastries,Croissant,1,4.07,Mobile Pay,
ORD13062,C1403,2025-08-11,Riverside,Food,Bagel,2,6.29,Card,3.0
ORD13063,C1076,2025-08-23,Downtown,Espresso Drinks,Cappuccino,2,5.65,Cash,
ORD13064,C1338,2025-12-19,downtown,Food,Bagel,1,8.14,Card,3.0
ORD13065,C1311,2025-09-19,Riverside,Brewed Coffee,Cold Brew,2,4.11,Mobile Pay,
ORD13066,C1178,2025-01-11,Riverside,Pastries,Muffin,2,4.29,Cash,
ORD13067,C1201,2025-07-26,Downtown,Tea,Herbal Tea,1,3.94,Card,3.0
ORD13068,C1208,2025-09-28,Riverside,Pastries,Muffin,2,3.14,Cash,
ORD13069,C1464,2025-06-30,University Ave,Pastries,Cinnamon Roll,3,3.22,Card,4.0
ORD13070,C1134,2025-06-06,Riverside,Espresso Drinks,Americano,1,5.62,Cash,5.0
ORD13071,C1607,2025-10-22,Downtown,Espresso Drinks,Americano,1,4.49,Card,
ORD13072,C1542,2025-08-11,university ave,Pastries,Cinnamon Roll,1,3.07,Card,3.0
ORD13073,C1337,2025-09-06,Riverside,Espresso Drinks,Flat White,1,5.07,Card,
ORD13074,C1388,2025-06-18,Downtown,Espresso Drinks,Cappuccino,3,5.2,Cash,
ORD13075,C1109,2025-04-12,Downtown,Brewed Coffee,Drip Coffee,1,3.26,Cash,
ORD13076,C1496,2025-07-08,Riverside,Espresso Drinks,Latte,3,4.19,Card,
ORD13077,C1522,2025-12-16,University Ave,Brewed Coffee,Pour Over,3,4.02,Cash,5.0
ORD13078,C1128,2025-08-08,Riverside,Tea,Herbal Tea,1,4.15,Mobile Pay,2.0
ORD13079,C1533,2025-09-15,University Ave,Espresso Drinks,Latte,2,4.01,Card,3.0
ORD13080,C1130,2025-02-15,Riverside,Espresso Drinks,Flat White,2,5.22,Card,
ORD13081,C1330,2025-12-26,Riverside,Pastries,Croissant,1,3.02,Card,
ORD13082,C1307,2025-03-31,Downtown,Espresso Drinks,Latte,1,3.91,Gift Card,
ORD13083,C1256,2025-12-20,Downtown,Pastries,Scone,1,3.33,Mobile Pay,4.0
ORD13084,C1636,2025-06-12,Riverside,Espresso Drinks,Espresso Shot,1,3.98,Card,4.0
ORD13085,C1387,2025-12-01,Riverside,Pastries,Croissant,1,3.62,Cash,5.0
ORD13086,C1215,2025-11-21, Downtown ,Espresso Drinks,Cappuccino,1,4.08,Card,
ORD13087,C1562,2025-10-02,University Ave,Brewed Coffee,Cold Brew,1,3.74,Card,
ORD13088,C1079,2025-11-30,Riverside,Pastries,Croissant,2,3.15,Mobile Pay,
ORD13089,C1063,2025-08-10,University Ave,Espresso Drinks,Flat White,2,5.28,Mobile Pay,
ORD13090,C1496,2025-11-05,Riverside,Pastries,Scone,2,3.12,Card,5.0
ORD13091,C1304,2025-03-04,University Ave,Brewed Coffee,Cold Brew,3,3.1,Card,
ORD13092,C1033,2025-01-26,Downtown,Brewed Coffee,Cold Brew,1,2.77,Mobile Pay,5.0
ORD13093,C1340,2025-07-17,University Ave,Espresso Drinks,Flat White,3,4.85,Card,
ORD13094,C1309,2025-10-22,Riverside,Espresso Drinks,Latte,1,5.52,Card,
ORD13095,C1276,2025-10-06,Downtown,Espresso Drinks,Flat White,2,4.36,Card,4.0
ORD13096,C1342,2025-07-12,Downtown,Brewed Coffee,Drip Coffee,1,3.35,Mobile Pay,3.0
ORD13097,C1366,2025-07-09,Riverside,Espresso Drinks,Espresso Shot,2,3.97,Cash,
ORD13098,C1648,2025-08-10,Downtown,Tea,Green Tea,2,3.77,Cash,
ORD13099,C1384,2025-11-13,University Ave,Espresso Drinks,Cappuccino,2,5.13,Card,4.0
ORD13100,C1487,2025-11-03,University Ave,Espresso Drinks,Latte,2,5.04,Card,
ORD13101,C1229,2025-02-09,Riverside,Pastries,Croissant,3,3.15,Cash,
ORD13102,C1326,2025-08-05,Riverside,Pastries,Cinnamon Roll,1,2.91,Mobile Pay,5.0
ORD13103,C1560,2025-05-19,Riverside,Brewed Coffee,Drip Coffee,1,3.07,Card,5.0
ORD13104,C1577,2025-10-18,Riverside,Pastries,Muffin,2,3.39,Mobile Pay,
ORD13105,C1568,2025-07-04,University Ave,Pastries,Scone,2,3.36,Card,
ORD13106,C1193,2025-12-27,Downtown,Food,Bagel,1,8.19,Card,5.0
ORD13107,C1607,2025-06-07,university ave,Tea,Green Tea,1,3.52,Mobile Pay,
ORD13108,C1460,2025-09-05,Riverside,Espresso Drinks,Cappuccino,1,3.81,Card,
ORD13109,C1215,2025-02-09,Riverside,Tea,Herbal Tea,1,4.16,Card,
ORD13110,C1525,2025-12-06,University Ave,Espresso Drinks,Flat White,1,5.26,Cash,
ORD13111,C1636,2025-02-25,Riverside,Pastries,Croissant,3,4.22,Mobile Pay,4.0
ORD13112,C1050,2025-05-18,Riverside,Brewed Coffee,Cold Brew,3,3.96,Card,4.0
ORD13113,C1390,2025-11-01,Riverside,Espresso Drinks,Flat White,2,4.43,Card,4.0
ORD13114,C1522,2025-12-19,Downtown,Tea,Green Tea,1,4.33,Card,
ORD13115,C1313,2025-06-26,Downtown,Pastries,Muffin,2,3.2,Card,5.0
ORD13116,C1122,2025-06-26,Riverside,Espresso Drinks,Latte,3,5.4,Card,4.0
ORD13117,C1561,2025-01-18,Downtown,Espresso Drinks,Espresso Shot,2,5.69,Cash,5.0
ORD13118,C1442,2025-12-23,Downtown,Brewed Coffee,Drip Coffee,3,3.14,Card,4.0
ORD13119,C1108,2025-01-07,Riverside,Espresso Drinks,Espresso Shot,2,5.35,Cash,4.0
ORD13120,C1396,2025-01-10,Downtown,Brewed Coffee,Cold Brew,2,3.88,Card,
ORD13121,C1543,2025-06-22,Riverside,Brewed Coffee,Cold Brew,2,4.03,Mobile Pay,
ORD13122,C1551,2025-01-02,Downtown,Pastries,Cinnamon Roll,1,4.21,Card,5.0
ORD13123,C1072,2025-03-01,Downtown,Pastries,Cinnamon Roll,2,4.42,Mobile Pay,
ORD13124,C1595,2025-08-17,Downtown,Espresso Drinks,Flat White,1,5.66,Card,3.0
ORD13125,C1109,2025-09-14,Riverside,Pastries,Muffin,2,2.66,Mobile Pay,3.0
ORD13126,C1294,2025-04-19,University Ave,Espresso Drinks,Flat White,1,5.18,Card,3.0
ORD13127,C1454,2025-10-17,Downtown,Espresso Drinks,Latte,2,3.92,Gift Card,
ORD13128,C1330,2025-08-10,Downtown,Brewed Coffee,Drip Coffee,1,3.52,Mobile Pay,
ORD13129,C1249,2025-03-25,Downtown,Brewed Coffee,Pour Over,1,4.03,Cash,
ORD13130,C1127,2025-09-17,University Ave,Espresso Drinks,Americano,1,3.9,Cash,
ORD13131,C1479,2025-08-04,University Ave,Tea,Green Tea,2,4.24,Cash,
ORD13132,C1379,2025-10-23,Downtown,Pastries,Cinnamon Roll,1,3.38,Mobile Pay,
ORD13133,C1535,2025-02-26,Downtown,Food,Avocado Toast,2,6.03,Card,4.0
ORD13134,C1251,2025-03-26,Downtown,Brewed Coffee,Drip Coffee,3,3.73,Gift Card,3.0
ORD13135,C1422,2025-04-21,Downtown,Espresso Drinks,Americano,1,4.83,Card,
ORD13136,C1627,2025-05-05,University Ave,Brewed Coffee,Drip Coffee,2,3.23,Card,5.0
ORD13137,C1518,2025-11-20,Riverside,Espresso Drinks,Espresso Shot,2,4.47,Card,
ORD13138,C1346,2025-09-24,Riverside,Espresso Drinks,Espresso Shot,3,4.32,Cash,5.0
ORD13139,C1088,2025-07-18,Downtown,Espresso Drinks,Cappuccino,2,4.98,Card,
ORD13140,C1566,2025-07-16,Downtown,Food,Breakfast Sandwich,1,7.92,Mobile Pay,5.0
ORD13141,C1359,2025-11-19,Downtown,Pastries,Muffin,1,2.86,Card,
ORD13142,C1250,2025-06-12,Riverside,Espresso Drinks,Cappuccino,1,3.75,Card,
ORD13143,C1591,2025-03-23,Downtown,Food,Avocado Toast,2,6.77,Mobile Pay,
ORD13144,C1440,2025-02-19,Riverside,Pastries,Croissant,1,3.26,Mobile Pay,3.0
ORD13145,C1323,2025-05-01, Riverside ,Espresso Drinks,Americano,2,5.31,Gift Card,2.0
ORD13146,C1588,2025-08-26,Riverside,Food,Avocado Toast,2,7.07,Cash,5.0
ORD13147,C1028,2025-06-21,Downtown,Pastries,Muffin,2,3.6,Mobile Pay,
ORD13148,C1104,2025-06-03,University Ave,Tea,Herbal Tea,3,4.19,Mobile Pay,
ORD13149,C1579,2025-06-24,Riverside,Espresso Drinks,Americano,2,5.51,Mobile Pay,
ORD13150,C1275,2025-12-21,Downtown,Espresso Drinks,Americano,2,4.51,Mobile Pay,
ORD13151,C1375,2025-12-30,Riverside,Brewed Coffee,Cold Brew,3,3.01,Card,3.0
ORD13152,C1192,2025-02-28,University Ave,Brewed Coffee,Drip Coffee,3,4.16,Card,4.0
ORD13153,C1499,2025-02-11,University Ave,Brewed Coffee,Pour Over,1,4.03,Card,5.0
ORD13154,C1188,2025-03-30,Downtown,Brewed Coffee,Pour Over,2,4.24,Card,
ORD13155,C1257,2025-11-07,Riverside,Espresso Drinks,Americano,1,4.85,Mobile Pay,
ORD13156,C1189,2025-06-17,Riverside,Brewed Coffee,Drip Coffee,1,2.81,Mobile Pay,4.0
ORD13157,C1588,2025-11-11,Downtown,Tea,Herbal Tea,2,4.7,Cash,
ORD13158,C1344,2025-08-24,University Ave,Pastries,Croissant,1,3.31,Card,
ORD13159,C1090,2025-07-21,Downtown,Tea,Herbal Tea,1,4.43,Card,
ORD13160,C1578,2025-04-13,University Ave,Pastries,Scone,1,3.23,Gift Card,
ORD13161,C1150,2025-05-06,University Ave,Pastries,Cinnamon Roll,2,2.67,Card,
ORD13162,C1073,2025-02-23,Riverside,Espresso Drinks,Flat White,1,4.18,Card,
ORD13163,C1477,2025-07-08, Downtown ,Espresso Drinks,Flat White,3,4.06,Card,5.0
ORD13164,C1398,2025-04-13,Riverside,Tea,Green Tea,1,4.21,Mobile Pay,3.0
ORD13165,C1339,2025-04-17,Downtown,Espresso Drinks,Latte,1,4.32,Mobile Pay,
ORD13166,C1623,2025-01-15,Riverside,Espresso Drinks,Latte,3,5.02,Card,2.0
ORD13167,C1245,2025-10-18,Riverside,Brewed Coffee,Cold Brew,2,2.91,Card,3.0
ORD13168,C1438,2025-12-08,Downtown,Brewed Coffee,Pour Over,1,3.24,Card,
ORD13169,C1198,2025-07-01,University Ave,Espresso Drinks,Flat White,1,5.46,Mobile Pay,
ORD13170,C1259,2025-07-15,Downtown,Espresso Drinks,Espresso Shot,2,4.77,Mobile Pay,
ORD13171,C1265,2025-12-04,Riverside,Brewed Coffee,Drip Coffee,2,3.52,Card,
ORD13172,C1116,2025-07-06,Downtown,Pastries,Scone,1,3.8,Mobile Pay,
ORD13173,C1003,2025-08-15,University Ave,Brewed Coffee,Cold Brew,2,3.84,Cash,4.0
ORD13174,C1638,2025-06-05,Downtown,Espresso Drinks,Cappuccino,2,3.78,Card,
ORD13175,C1146,2025-07-07,Downtown,Food,Bagel,2,5.71,Card,4.0
ORD13176,C1101,2025-07-09,Riverside,Espresso Drinks,Flat White,1,4.55,Mobile Pay,
ORD13177,C1206,2025-09-16,Riverside,Pastries,Muffin,2,3.78,Card,
ORD13178,C1260,2025-08-08,Riverside,Espresso Drinks,Cappuccino,2,4.96,Mobile Pay,
ORD13179,C1642,2025-07-03,University Ave,Food,Breakfast Sandwich,3,5.95,Mobile Pay,
ORD13180,C1328,2025-01-28,Riverside,Espresso Drinks,Espresso Shot,1,5.47,Mobile Pay,3.0
ORD13181,C1417,2025-11-26,Riverside,Espresso Drinks,Americano,2,5.33,Mobile Pay,4.0
ORD13182,C1505,2025-11-20,Downtown,Espresso Drinks,Cappuccino,3,4.09,Card,
ORD13183,C1222,2025-03-09,Downtown,Pastries,Croissant,2,3.44,Card,
ORD13184,C1076,2025-04-17,University Ave,Espresso Drinks,Espresso Shot,1,5.53,Mobile Pay,
ORD13185,C1258,2025-12-21,Riverside,Espresso Drinks,Americano,2,4.89,Cash,
ORD13186,C1441,2025-04-27,University Ave,Pastries,Croissant,3,3.49,Mobile Pay,3.0
ORD13187,C1517,2025-10-23,Downtown,Food,Breakfast Sandwich,2,5.8,Mobile Pay,
ORD13188,C1410,2025-10-14,University Ave,Espresso Drinks,Americano,2,4.44,Card,
ORD13189,C1574,2025-11-10,Riverside,Espresso Drinks,Flat White,1,4.78,Card,
ORD13190,C1400,2025-01-06,University Ave,Tea,Herbal Tea,1,3.8,Card,
ORD13191,C1322,2025-06-25,University Ave,Food,Bagel,2,5.69,Mobile Pay,
ORD13192,C1580,2025-07-25,Riverside,Espresso Drinks,Flat White,1,5.4,Mobile Pay,
ORD13193,C1531,2025-11-01,University Ave,Espresso Drinks,Flat White,3,3.98,Card,
ORD13194,C1537,2025-03-23,University Ave,Pastries,Cinnamon Roll,1,2.8,Cash,3.0
ORD13195,C1251,2025-04-22,Riverside,Food,Bagel,2,6.49,Card,
ORD13196,C1626,2025-03-07,Downtown,Pastries,Croissant,3,4.12,Mobile Pay,4.0
ORD13197,C1069,2025-10-05,University Ave,Pastries,Muffin,2,4.43,Card,
ORD13198,C1276,2025-12-30,riverside,Tea,Green Tea,1,4.42,Cash,4.0
ORD13199,C1616,2025-02-21,Downtown,Tea,Green Tea,1,3.78,Card,4.0
ORD13200,C1019,2025-03-26,Riverside,Food,Bagel,2,8.4,Card,
ORD13201,C1513,2025-04-22,University Ave,Food,Avocado Toast,1,8.35,Card,
ORD13202,C1099,2025-11-20,Riverside,Espresso Drinks,Flat White,0,4.98,Card,
ORD13203,C1326,2025-06-12,University Ave,Brewed Coffee,Drip Coffee,3,3.31,Cash,
ORD13204,C1320,2025-04-13,University Ave,Food,Bagel,2,5.79,Mobile Pay,
ORD13205,C1170,2025-04-28,Riverside,Espresso Drinks,Espresso Shot,3,4.12,Card,
ORD13206,C1272,2025-08-06,Riverside,Pastries,Croissant,1,3.32,Card,
ORD13207,C1493,2025-05-21,University Ave,Brewed Coffee,Drip Coffee,1,2.98,Cash,
ORD13208,C1201,2025-02-21,Downtown,Pastries,Cinnamon Roll,1,3.65,Card,4.0
ORD13209,C1454,2025-10-26,University Ave,Brewed Coffee,Pour Over,2,4.25,Card,
ORD13210,C1345,2025-06-03,Downtown,Brewed Coffee,Cold Brew,1,3.69,Card,
ORD13211,C1240,2025-04-04,Downtown,Espresso Drinks,Americano,1,3.79,Card,
ORD13212,C1523,2025-09-23,Downtown,Brewed Coffee,Drip Coffee,2,4.12,Mobile Pay,2.0
ORD13213,C1486,2025-09-29,Riverside,Brewed Coffee,Cold Brew,3,4.15,Card,
ORD13214,C1602,2025-02-26,University Ave,Espresso Drinks,Flat White,2,5.41,Card,
ORD13215,C1013,2025-01-27,Downtown,Espresso Drinks,Americano,1,5.35,Card,4.0
ORD13216,C1105,2025-01-17,Riverside,Food,Breakfast Sandwich,1,8.0,Cash,
ORD13217,C1073,2025-10-06,University Ave,Pastries,Muffin,2,4.43,Card,3.0
ORD13218,C1213,2025-08-16,Downtown,Espresso Drinks,Cappuccino,3,4.75,Card,5.0
ORD13219,C1123,2025-10-16,Downtown,Brewed Coffee,Drip Coffee,1,3.24,Cash,4.0
ORD13220,C1307,2025-08-17,Downtown,Pastries,Cinnamon Roll,3,3.14,Mobile Pay,3.0
ORD13221,C1073,2025-05-27,Downtown,Brewed Coffee,Drip Coffee,2,4.19,Mobile Pay,4.0
ORD13222,C1169,2025-08-03,Downtown,Pastries,Cinnamon Roll,1,2.9,Card,4.0
ORD13223,C1172,2025-09-20,University Ave,Pastries,Scone,2,3.77,Cash,
ORD13224,C1228,2025-05-26,Downtown,Brewed Coffee,Cold Brew,1,3.92,Card,5.0
ORD13225,C1162,2025-11-30,Downtown,Espresso Drinks,Americano,1,4.75,Card,5.0
ORD13226,C1507,2025-11-24,University Ave,Brewed Coffee,Pour Over,3,3.68,Mobile Pay,4.0
ORD13227,C1492,2025-10-19,Riverside,Espresso Drinks,Americano,2,3.98,Card,
ORD13228,C1277,2025-12-28,Downtown,Brewed Coffee,Cold Brew,1,3.38,Card,4.0
ORD13229,C1048,2025-05-23, University Ave ,Brewed Coffee,Drip Coffee,1,4.16,Cash,
ORD13230,C1139,2025-02-11,Riverside,Pastries,Croissant,3,3.4,Mobile Pay,5.0
ORD13231,C1185,2025-06-26,Downtown,Brewed Coffee,Cold Brew,2,3.27,Card,4.0
ORD13232,C1122,2025-09-29,Riverside,Espresso Drinks,Espresso Shot,1,5.43,Card,
ORD13233,C1074,2025-10-11,Riverside,Espresso Drinks,Flat White,1,5.61,Card,
ORD13234,C1539,2025-05-22,Riverside,Espresso Drinks,Espresso Shot,1,4.11,Card,5.0
ORD13235,C1397,2025-04-17,University Ave,Espresso Drinks,Latte,1,5.04,Mobile Pay,
ORD13236,C1056,2025-06-12,Downtown,Brewed Coffee,Cold Brew,2,3.5,Card,
ORD13237,C1605,2025-10-20,Riverside,Pastries,Scone,1,3.89,Mobile Pay,4.0
ORD13238,C1157,2025-01-23,Riverside,Espresso Drinks,Flat White,3,5.36,Card,
ORD13239,C1468,2025-04-30,Riverside,Food,Breakfast Sandwich,1,6.01,Card,
ORD13240,C1275,2025-03-25,Riverside,Pastries,Muffin,2,2.74,Mobile Pay,
ORD13241,C1412,2025-10-21,Downtown,Tea,Chai Latte,1,4.14,Cash,
ORD13242,C1390,2025-06-20,Downtown,Espresso Drinks,Latte,2,3.92,Cash,5.0
ORD13243,C1298,2025-02-01,Riverside,Pastries,Cinnamon Roll,1,3.15,Card,
ORD13244,C1233,2025-04-06,Downtown,Tea,Herbal Tea,1,3.92,Card,3.0
ORD13245,C1543,2025-01-17,Downtown,Pastries,Scone,2,3.11,Mobile Pay,4.0
ORD13246,C1630,2025-06-23,Downtown,Espresso Drinks,Espresso Shot,2,3.81,Mobile Pay,
ORD13247,C1043,2025-12-30,Downtown,Pastries,Cinnamon Roll,2,3.71,Mobile Pay,
ORD13248,C1529,2025-07-26,Riverside,Pastries,Scone,2,3.15,Cash,4.0
ORD13249,C1127,2025-11-13,riverside,Espresso Drinks,Americano,2,4.9,Card,
ORD13250,C1402,2025-09-28,University Ave,Tea,Chai Latte,2,4.45,Card,
ORD13251,C1582,2025-11-18,Riverside,Pastries,Muffin,1,3.86,Card,
ORD13252,C1518,2025-04-24, Riverside ,Espresso Drinks,Espresso Shot,1,4.15,Card,
ORD13253,C1555,2025-12-13,Downtown,Food,Breakfast Sandwich,1,6.23,Card,5.0
ORD13254,C1325,2025-03-28,University Ave,Brewed Coffee,Pour Over,1,3.29,Card,
ORD13255,C1504,2025-06-09,Riverside,Pastries,Croissant,1,3.73,Mobile Pay,3.0
ORD13256,C1033,2025-09-05,University Ave,Food,Bagel,2,5.52,Card,5.0
ORD13257,C1610,2025-04-15,Riverside,Espresso Drinks,Flat White,2,4.48,Mobile Pay,
ORD13258,C1222,2025-04-07,University Ave,Espresso Drinks,Espresso Shot,2,5.08,Cash,5.0
ORD13259,C1173,2025-02-17, Riverside ,Espresso Drinks,Flat White,1,4.13,Card,3.0
ORD13260,C1344,2025-01-02,Downtown,Espresso Drinks,Cappuccino,1,4.14,Card,4.0
ORD13261,C1154,2025-07-02,University Ave,Pastries,Muffin,1,2.67,Cash,
ORD13262,C1166,2025-12-26,downtown,Pastries,Scone,2,4.39,Card,
ORD13263,C1290,2025-03-22,Downtown,Espresso Drinks,Cappuccino,2,4.72,Mobile Pay,
ORD13264,C1569,2025-06-10,Riverside,Espresso Drinks,Espresso Shot,1,5.67,Cash,
ORD13265,C1299,2025-12-07,Downtown,Pastries,Cinnamon Roll,3,2.67,Cash,
ORD13266,C1111,2025-10-09,Downtown,Tea,Herbal Tea,1,3.33,Mobile Pay,
ORD13267,C1268,2025-01-02,riverside,Brewed Coffee,Cold Brew,1,3.8,Mobile Pay,4.0
ORD13268,C1513,2025-07-02,University Ave,Food,Breakfast Sandwich,2,7.13,Mobile Pay,4.0
ORD13269,C1553,2025-02-22,University Ave,Food,Bagel,1,6.06,Card,
ORD13270,C1212,2025-03-31,Downtown,Brewed Coffee,Drip Coffee,1,4.06,Mobile Pay,
ORD13271,C1400,2025-03-31,Riverside,Espresso Drinks,Espresso Shot,1,4.66,Cash,4.0
ORD13272,C1604,2025-08-11,University Ave,Brewed Coffee,Cold Brew,2,4.14,Mobile Pay,
ORD13273,C1138,2025-03-14,University Ave,Espresso Drinks,Latte,2,5.5,Mobile Pay,4.0
ORD13274,C1375,2025-04-02,Downtown,Espresso Drinks,Americano,1,4.81,Card,5.0
ORD13275,C1033,2025-03-24,Downtown,Espresso Drinks,Espresso Shot,3,4.69,Card,2.0
ORD13276,C1598,2025-05-10,Downtown,Espresso Drinks,Americano,1,3.78,Card,4.0
ORD13277,C1331,2025-08-27,Riverside,Brewed Coffee,Cold Brew,1,4.07,Card,
ORD13278,C1629,2025-05-26,downtown,Brewed Coffee,Drip Coffee,3,3.8,Cash,5.0
ORD13279,C1266,2025-04-30,Riverside,Tea,Herbal Tea,1,3.37,Card,
ORD13280,C1250,2025-07-08,University Ave,Pastries,Croissant,1,4.26,Card,4.0
ORD13281,C1020,2025-08-12,University Ave,Espresso Drinks,Americano,2,4.86,Card,
ORD13282,C1191,2025-01-06,Downtown,Brewed Coffee,Cold Brew,2,3.16,Mobile Pay,3.0
ORD13283,C1072,2025-11-21,Downtown,Espresso Drinks,Cappuccino,1,5.33,Cash,3.0
ORD13284,C1335,2025-11-30,Riverside,Brewed Coffee,Cold Brew,3,3.25,Gift Card,
ORD13285,C1048,2025-08-08,University Ave,Brewed Coffee,Pour Over,1,3.05,Card,
ORD13286,C1591,2025-07-29,Riverside,Food,Avocado Toast,2,7.89,Card,
ORD13287,C1288,2025-09-10,Downtown,Tea,Green Tea,2,4.41,Mobile Pay,
ORD13288,C1449,2025-06-10,Downtown,Espresso Drinks,Cappuccino,2,5.15,Card,4.0
ORD13289,C1310,2025-05-14,Downtown,Pastries,Scone,2,3.32,Mobile Pay,
ORD13290,C1559,2025-05-09,Downtown,Pastries,Cinnamon Roll,1,3.83,Mobile Pay,4.0
ORD13291,C1312,2025-02-28,Downtown,Espresso Drinks,Espresso Shot,2,4.83,Mobile Pay,
ORD13292,C1614,2025-11-03,University Ave,Pastries,Croissant,1,2.53,Card,
ORD13293,C1005,2025-04-27,Riverside,Pastries,Croissant,2,3.78,Card,
ORD13294,C1281,2025-04-14,Downtown,Espresso Drinks,Latte,1,4.84,Mobile Pay,
ORD13295,C1058,2025-12-17,Riverside,Pastries,Cinnamon Roll,1,2.81,Mobile Pay,
ORD13296,C1567,2025-07-04,University Ave,Espresso Drinks,Americano,2,4.45,Mobile Pay,4.0
ORD13297,C1511,2025-08-15,Downtown,Espresso Drinks,Flat White,3,4.85,Mobile Pay,
ORD13298,C1273,2025-03-31,University Ave,Espresso Drinks,Americano,1,5.55,Gift Card,
ORD13299,C1198,2025-04-12,Riverside,Espresso Drinks,Americano,2,4.19,Mobile Pay,5.0
ORD13300,C1573,2025-09-23,University Ave,Food,Avocado Toast,1,6.37,Mobile Pay,4.0
ORD13301,C1467,2025-06-14,Riverside,Brewed Coffee,Cold Brew,1,2.85,Card,
ORD13302,C1403,2025-02-23,Downtown,Food,Bagel,2,6.3,Cash,
ORD13303,C1411,2025-11-01,Riverside,Espresso Drinks,Americano,2,5.27,Card,
ORD13304,C1019,2025-05-27,Downtown,Tea,Green Tea,1,3.93,Mobile Pay,5.0
ORD13305,C1073,2025-09-01,Downtown,Brewed Coffee,Pour Over,3,4.05,Mobile Pay,5.0
ORD13306,C1088,2025-05-05,University Ave,Espresso Drinks,Americano,3,5.31,Mobile Pay,
ORD13307,C1394,2025-07-24,Riverside,Food,Breakfast Sandwich,3,7.77,Card,
ORD13308,C1542,2025-10-10,Downtown,Espresso Drinks,Cappuccino,1,4.59,Gift Card,
ORD13309,C1623,2025-11-19,Riverside,Espresso Drinks,Latte,1,4.92,Mobile Pay,4.0
ORD13310,C1641,2025-03-17,University Ave,Pastries,Scone,1,2.83,Cash,
ORD13311,C1576,2025-09-02,Riverside,Pastries,Croissant,2,2.81,Mobile Pay,4.0
ORD13312,C1499,2025-11-29,University Ave,Food,Bagel,2,5.61,Mobile Pay,
ORD13313,C1053,2025-08-22,Downtown,Pastries,Croissant,1,3.27,Card,3.0
ORD13314,C1408,2025-02-22,Downtown,Espresso Drinks,Americano,1,4.3,Card,3.0
ORD13315,C1552,2025-03-11,University Ave,Tea,Herbal Tea,3,4.08,Card,
ORD13316,C1092,2025-03-15,University Ave,Brewed Coffee,Drip Coffee,1,4.11,Card,
ORD13317,C1303,2025-02-08,University Ave,Espresso Drinks,Espresso Shot,1,4.9,Gift Card,
ORD13318,C1062,2025-10-02,University Ave,Espresso Drinks,Espresso Shot,3,3.76,Card,3.0
ORD13319,C1312,2025-12-18,Downtown,Espresso Drinks,Americano,3,4.64,Card,
ORD13320,C1132,2025-07-08,Riverside,Food,Bagel,1,7.13,Card,5.0
ORD13321,C1641,2025-08-06,University Ave,Espresso Drinks,Americano,1,5.73,Card,
ORD13322,C1458,2025-10-09,university ave,Espresso Drinks,Latte,2,5.04,Mobile Pay,
ORD13323,C1531,2025-06-01,Downtown,Food,Bagel,3,6.26,Mobile Pay,
ORD13324,C1390,2025-06-21,Riverside,Brewed Coffee,Drip Coffee,2,3.92,Mobile Pay,2.0
ORD13325,C1212,2025-08-03,Riverside,Espresso Drinks,Espresso Shot,1,5.53,Gift Card,5.0
ORD13326,C1637,2025-04-21,Riverside,Pastries,Scone,3,3.57,Card,
ORD13327,C1111,2025-01-23,University Ave,Brewed Coffee,Drip Coffee,2,3.0,Card,
ORD13328,C1389,2025-07-26,University Ave,Tea,Herbal Tea,1,4.64,Mobile Pay,4.0
ORD13329,C1356,2025-10-27,university ave,Espresso Drinks,Flat White,2,4.53,Card,3.0
ORD13330,C1561,2025-01-27,Downtown,Espresso Drinks,Flat White,2,5.36,Mobile Pay,4.0
ORD13331,C1160,2025-03-20,downtown,Brewed Coffee,Drip Coffee,2,3.86,Card,4.0
ORD13332,C1382,2025-04-06,Riverside,Pastries,Croissant,2,2.65,Card,5.0
ORD13333,C1362,2025-10-20,Riverside,Food,Avocado Toast,3,6.96,Card,4.0
ORD13334,C1370,2025-07-03,Riverside,Brewed Coffee,Pour Over,1,3.7,Card,3.0
ORD13335,C1360,2025-07-14,University Ave,Espresso Drinks,Latte,1,5.69,Card,3.0
ORD13336,C1234,2025-08-23,Downtown,Espresso Drinks,Cappuccino,3,5.71,Card,
ORD13337,C1006,2025-04-11,Riverside,Pastries,Cinnamon Roll,1,2.79,Card,
ORD13338,C1136,2025-09-17,Riverside,Espresso Drinks,Flat White,2,4.11,Card,
ORD13339,C1196,2025-01-11,Riverside,Food,Bagel,2,8.32,Card,
ORD13340,C1551,2025-02-11,Downtown,Brewed Coffee,Cold Brew,3,3.16,Card,
ORD13341,C1069,2025-10-24,University Ave,Brewed Coffee,Pour Over,1,3.39,Cash,3.0
ORD13342,C1379,2025-08-28,University Ave,Brewed Coffee,Cold Brew,1,2.94,Gift Card,
ORD13343,C1303,2025-03-06,Downtown,Tea,Chai Latte,1,3.49,Card,
ORD13344,C1281,2025-06-09,Downtown,Food,Breakfast Sandwich,1,8.32,Card,4.0
ORD13345,C1449,2025-01-19,University Ave,Pastries,Cinnamon Roll,1,3.55,Card,
ORD13346,C1513,2025-09-02,Riverside,Pastries,Croissant,1,3.39,Card,5.0
ORD13347,C1424,2025-10-03,Downtown,Tea,Green Tea,2,3.31,Card,4.0
ORD13348,C1249,2025-04-12,University Ave,Espresso Drinks,Americano,1,4.21,Card,
ORD13349,C1183,2025-05-08,Riverside,Espresso Drinks,Latte,2,5.46,Card,
ORD13350,C1137,2025-03-28,Downtown,Espresso Drinks,Espresso Shot,1,5.18,Card,
ORD13351,C1039,2025-05-22,Riverside,Pastries,Cinnamon Roll,3,3.61,Card,3.0
ORD13352,C1320,2025-04-10,Downtown,Espresso Drinks,Flat White,1,4.56,Card,4.0
ORD13353,C1050,2025-03-31,University Ave,Tea,Chai Latte,1,3.32,Card,
ORD13354,C1318,2025-06-06,Riverside,Tea,Herbal Tea,2,3.64,Card,
ORD13355,C1226,2025-11-09,Downtown,Brewed Coffee,Drip Coffee,1,3.96,Card,
ORD13356,C1159,2025-10-05,university ave,Espresso Drinks,Cappuccino,1,5.12,Card,
ORD13357,C1635,2025-04-19,downtown,Pastries,Cinnamon Roll,1,4.44,Cash,
ORD13358,C1410,2025-12-10,University Ave,Brewed Coffee,Pour Over,2,3.89,Cash,3.0
ORD13359,C1469,2025-03-18,Downtown,Espresso Drinks,Latte,1,5.24,Card,3.0
ORD13360,C1554,2025-11-28,University Ave,Espresso Drinks,Flat White,1,5.03,Card,4.0
ORD13361,C1498,2025-04-23,University Ave,Pastries,Muffin,1,4.36,Mobile Pay,3.0
ORD13362,C1067,2025-07-16,Downtown,Food,Bagel,2,7.76,Card,
ORD13363,C1645,2025-03-15,Downtown,Pastries,Cinnamon Roll,2,3.31,Card,3.0
ORD13364,C1634,2025-10-05,University Ave,Brewed Coffee,Cold Brew,2,3.13,Card,4.0
ORD13365,C1066,2025-04-26,Downtown,Pastries,Muffin,1,2.73,Mobile Pay,5.0
ORD13366,C1229,2025-11-14,Downtown,Tea,Green Tea,1,4.27,Mobile Pay,
ORD13367,C1534,2025-01-31,Riverside,Pastries,Scone,1,4.25,Mobile Pay,4.0
ORD13368,C1439,2025-07-02,Riverside,Pastries,Cinnamon Roll,3,3.68,Card,3.0
ORD13369,C1052,2025-02-27,Downtown,Food,Breakfast Sandwich,3,7.36,Card,
ORD13370,C1412,2025-11-20,University Ave,Espresso Drinks,Latte,1,4.26,Card,2.0
ORD13371,C1271,2025-06-01,Riverside,Pastries,Scone,3,3.79,Mobile Pay,3.0
ORD13372,C1620,2025-09-03,Downtown,Tea,Green Tea,2,3.49,Mobile Pay,
ORD13373,C1374,2025-11-17,Riverside,Brewed Coffee,Drip Coffee,1,3.37,Mobile Pay,5.0
ORD13374,C1081,2025-07-14,Downtown,Brewed Coffee,Pour Over,1,3.26,Mobile Pay,
ORD13375,C1014,2025-01-21,Downtown,Espresso Drinks,Cappuccino,2,5.52,Cash,
ORD13376,C1304,2025-03-22,Riverside,Espresso Drinks,Cappuccino,1,4.5,Mobile Pay,2.0
ORD13377,C1052,2025-03-19,Riverside,Espresso Drinks,Cappuccino,1,4.65,Card,5.0
ORD13378,C1003,2025-11-29,Riverside,Espresso Drinks,Cappuccino,1,3.75,Card,
ORD13379,C1559,2025-11-27,Riverside,Espresso Drinks,Flat White,1,3.84,Card,
ORD13380,C1336,2025-06-23,Riverside,Brewed Coffee,Cold Brew,1,3.46,Mobile Pay,
ORD13381,C1424,2025-11-20,Downtown,Espresso Drinks,Cappuccino,1,5.1,Mobile Pay,
ORD13382,C1560,2025-03-31,Riverside,Brewed Coffee,Pour Over,3,3.41,Mobile Pay,3.0
ORD13383,C1457,2025-09-05,Downtown,Espresso Drinks,Latte,2,4.88,Mobile Pay,2.0
ORD13384,C1322,2025-05-23,University Ave,Espresso Drinks,Cappuccino,2,4.22,Card,3.0
ORD13385,C1132,2025-03-29,Riverside,Pastries,Scone,2,3.37,Mobile Pay,5.0
ORD13386,C1278,2025-04-02,Riverside,Tea,Green Tea,2,3.6,Mobile Pay,
ORD13387,C1649,2025-06-02,Riverside,Brewed Coffee,Cold Brew,1,3.52,Mobile Pay,
ORD13388,C1080,2025-05-04,Downtown,Pastries,Scone,1,3.6,Card,
ORD13389,C1470,2025-03-18,University Ave,Espresso Drinks,Latte,2,5.03,Card,4.0
ORD13390,C1480,2025-05-02,Downtown,Espresso Drinks,Flat White,2,5.65,Card,
ORD13391,C1411,2025-02-16,Riverside,Brewed Coffee,Drip Coffee,2,3.98,Mobile Pay,
ORD13392,C1128,2025-12-19,University Ave,Food,Avocado Toast,1,7.28,Gift Card,
ORD13393,C1494,2025-05-19,University Ave,Pastries,Croissant,1,3.4,Mobile Pay,4.0
ORD13394,C1234,2025-02-09,University Ave,Pastries,Muffin,1,4.2,Cash,
ORD13395,C1426,2025-07-29,Riverside,Pastries,Croissant,1,3.73,Card,3.0
ORD13396,C1289,2025-11-18,Riverside,Brewed Coffee,Pour Over,1,3.76,Cash,5.0
ORD13397,C1642,2025-05-12,Downtown,Espresso Drinks,Flat White,3,5.47,Card,
ORD13398,C1236,2025-11-04,Riverside,Espresso Drinks,Cappuccino,3,3.85,Mobile Pay,
ORD13399,C1331,2025-08-11,Riverside,Espresso Drinks,Flat White,3,3.86,Card,3.0
ORD13400,C1071,2025-09-27,Downtown,Espresso Drinks,Espresso Shot,1,4.21,Card,5.0
ORD13401,C1564,2025-04-18,Downtown,Tea,Herbal Tea,1,4.08,Gift Card,
ORD13402,C1574,2025-01-14,Downtown,Pastries,Cinnamon Roll,1,3.22,Card,
ORD13403,C1197,2025-05-06,Riverside,Food,Avocado Toast,1,6.21,Card,
ORD13404,C1044,2025-12-03,downtown,Brewed Coffee,Cold Brew,1,3.86,Card,
ORD13405,C1389,2025-10-15,university ave,Pastries,Muffin,2,2.97,Cash,3.0
ORD13406,C1444,2025-10-13,Riverside,Pastries,Cinnamon Roll,1,3.7,Card,
ORD13407,C1361,2025-11-16,Downtown,Tea,Chai Latte,2,4.34,Card,
ORD13408,C1345,2025-05-16,Riverside,Espresso Drinks,Latte,1,5.59,Cash,4.0
ORD13409,C1356,2025-04-28,Downtown,Food,Avocado Toast,1,6.22,Card,
ORD13410,C1032,2025-12-03,University Ave,Pastries,Cinnamon Roll,2,3.36,Cash,
ORD13411,C1510,2025-07-28,Downtown,Pastries,Cinnamon Roll,2,4.27,Cash,3.0
ORD13412,C1573,2025-04-19,Downtown,Brewed Coffee,Pour Over,3,3.59,Mobile Pay,4.0
ORD13413,C1142,2025-04-12,Riverside,Espresso Drinks,Cappuccino,1,4.34,Mobile Pay,
ORD13414,C1245,2025-11-16,Riverside,Brewed Coffee,Drip Coffee,3,3.25,Mobile Pay,4.0
ORD13415,C1097,2025-01-20,University Ave,Espresso Drinks,Flat White,2,4.43,Cash,3.0
ORD13416,C1219,2025-01-23,University Ave,Espresso Drinks,Americano,2,4.11,Mobile Pay,1.0
ORD13417,C1478,2025-09-26,University Ave,Pastries,Cinnamon Roll,2,2.87,Card,5.0
ORD13418,C1212,2025-01-01,University Ave,Brewed Coffee,Cold Brew,2,3.42,Card,4.0
ORD13419,C1589,2025-03-04,Riverside,Pastries,Scone,2,3.88,Mobile Pay,
ORD13420,C1049,2025-12-27,Riverside,Tea,Chai Latte,1,4.71,Mobile Pay,
ORD13421,C1471,2025-06-04,University Ave,Brewed Coffee,Pour Over,1,2.93,Card,
ORD13422,C1504,2025-09-22,University Ave,Food,Avocado Toast,2,5.84,Cash,
ORD13423,C1598,2025-06-27,Downtown,Espresso Drinks,Espresso Shot,1,5.7,Mobile Pay,3.0
ORD13424,C1111,2025-02-02,Riverside,Espresso Drinks,Americano,3,5.56,Cash,4.0
ORD13425,C1261,2025-03-09,University Ave,Espresso Drinks,Espresso Shot,1,5.69,Gift Card,
ORD13426,C1117,2025-10-05,Downtown,Food,Avocado Toast,1,8.12,Mobile Pay,
ORD13427,C1167,2025-02-04,Downtown,Pastries,Cinnamon Roll,2,3.74,Card,
ORD13428,C1585,2025-08-05,Downtown,Food,Avocado Toast,2,7.51,Cash,
ORD13429,C1238,2025-05-07,University Ave,Food,Bagel,3,5.68,Cash,4.0
ORD13430,C1525,2025-05-15,Downtown,Tea,Herbal Tea,1,3.66,Card,
ORD13431,C1465,2025-12-13,university ave,Pastries,Croissant,2,2.5,Mobile Pay,3.0
ORD13432,C1088,2025-08-09,University Ave,Food,Breakfast Sandwich,2,7.75,Card,3.0
ORD13433,C1077,2025-08-12,Downtown,Espresso Drinks,Cappuccino,2,4.29,Card,4.0
ORD13434,C1197,2025-05-08,Downtown,Pastries,Muffin,1,2.95,Card,
ORD13435,C1597,2025-05-19,Downtown,Espresso Drinks,Flat White,3,5.03,Mobile Pay,
ORD13436,C1181,2025-09-07,Riverside,Food,Bagel,1,6.55,Mobile Pay,2.0
ORD13437,C1359,2025-01-15,Riverside,Pastries,Muffin,1,2.57,Card,
ORD13438,C1599,2025-03-28,Riverside,Pastries,Muffin,1,3.27,Mobile Pay,5.0
ORD13439,C1493,2025-08-07,Downtown,Espresso Drinks,Latte,2,4.92,Mobile Pay,3.0
ORD13440,C1405,2025-08-15,Downtown,Brewed Coffee,Cold Brew,2,3.46,Cash,4.0
ORD13441,C1308,2025-02-03,Riverside,Brewed Coffee,Drip Coffee,1,2.91,Card,
ORD13442,C1046,2025-10-14, Riverside ,Espresso Drinks,Americano,1,5.35,Card,5.0
ORD13443,C1323,2025-07-17,Downtown,Espresso Drinks,Flat White,1,5.33,Cash,
ORD13444,C1204,2025-03-28,University Ave,Espresso Drinks,Flat White,1,5.06,Cash,
ORD13445,C1366,2025-10-01,Riverside,Espresso Drinks,Americano,2,5.33,Card,
ORD13446,C1093,2025-12-27,University Ave,Espresso Drinks,Latte,2,3.76,Card,3.0
ORD13447,C1418,2025-06-04,Riverside,Tea,Green Tea,2,4.08,Card,
ORD13448,C1510,2025-04-14,Downtown,Espresso Drinks,Cappuccino,1,3.85,Card,
ORD13449,C1052,2025-04-19,University Ave,Food,Avocado Toast,1,7.54,Card,
ORD13450,C1188,2025-08-04,University Ave,Espresso Drinks,Espresso Shot,2,4.34,Mobile Pay,4.0
ORD13451,C1499,2025-01-18,Downtown,Espresso Drinks,Flat White,1,4.54,Cash,
ORD13452,C1334,2025-06-25,Downtown,Tea,Chai Latte,2,3.31,Cash,4.0
ORD13453,C1354,2025-01-10,Downtown,Tea,Green Tea,1,3.73,Card,
ORD13454,C1513,2025-01-15,Downtown,Food,Avocado Toast,1,7.54,Cash,
ORD13455,C1304,2025-06-06,Riverside,Food,Breakfast Sandwich,1,7.84,Cash,
ORD13456,C1120,2025-09-29,Riverside,Espresso Drinks,Latte,2,5.67,Mobile Pay,3.0
ORD13457,C1015,2025-11-18,Riverside,Espresso Drinks,Latte,2,4.35,Card,5.0
ORD13458,C1019,2025-02-01,Downtown,Pastries,Cinnamon Roll,3,4.15,Mobile Pay,4.0
ORD13459,C1597,2025-03-30,Downtown,Pastries,Croissant,1,3.98,Card,
ORD13460,C1373,2025-06-03,university ave,Espresso Drinks,Flat White,2,5.15,Card,4.0
ORD13461,C1210,2025-07-28,University Ave,Brewed Coffee,Drip Coffee,3,3.18,Mobile Pay,
ORD13462,C1639,2025-12-26,Riverside,Espresso Drinks,Flat White,2,4.32,Card,3.0
ORD13463,C1241,2025-09-07,downtown,Brewed Coffee,Pour Over,2,3.55,Card,4.0
ORD13464,C1359,2025-07-15,Downtown,Brewed Coffee,Drip Coffee,2,3.97,Mobile Pay,4.0
ORD13465,C1437,2025-01-23,Riverside,Pastries,Cinnamon Roll,1,3.49,Card,
ORD13466,C1146,2025-01-30,University Ave,Espresso Drinks,Cappuccino,1,5.41,Card,
ORD13467,C1604,2025-02-25,Downtown,Espresso Drinks,Latte,1,4.47,Cash,4.0
ORD13468,C1508,2025-08-29,Downtown,Brewed Coffee,Pour Over,1,3.42,Cash,
ORD13469,C1222,2025-05-01,Riverside,Espresso Drinks,Latte,3,5.02,Card,
ORD13470,C1642,2025-03-29,Riverside,Pastries,Muffin,3,3.22,Mobile Pay,1.0
ORD13471,C1409,2025-09-01,Riverside,Espresso Drinks,Latte,3,5.41,Card,
ORD13472,C1162,2025-10-24,University Ave,Brewed Coffee,Pour Over,2,3.33,Cash,
ORD13473,C1551,2025-06-09,University Ave,Espresso Drinks,Americano,2,5.26,Mobile Pay,3.0
ORD13474,C1373,2025-11-17,Downtown,Brewed Coffee,Cold Brew,1,4.1,Card,
ORD13475,C1583,2025-09-25,University Ave,Food,Bagel,1,7.77,Card,4.0
ORD13476,C1481,2025-09-18,Riverside,Espresso Drinks,Cappuccino,1,4.22,Card,
ORD13477,C1481,2025-11-12,Downtown,Brewed Coffee,Drip Coffee,1,3.84,Cash,
ORD13478,C1146,2025-03-08,University Ave,Espresso Drinks,Espresso Shot,2,5.29,Card,3.0
ORD13479,C1216,2025-10-04,Riverside,Food,Avocado Toast,2,5.65,Mobile Pay,
ORD13480,C1590,2025-12-15,University Ave,Brewed Coffee,Pour Over,2,3.33,Gift Card,
ORD13481,C1428,2025-12-28,Downtown,Espresso Drinks,Latte,1,5.51,Mobile Pay,
ORD13482,C1533,2025-07-30,University Ave,Espresso Drinks,Espresso Shot,1,4.79,Cash,4.0
ORD13483,C1038,2025-10-02,Downtown,Food,Bagel,2,8.07,Mobile Pay,5.0
ORD13484,C1620,2025-11-20,University Ave,Food,Avocado Toast,2,7.84,Card,3.0
ORD13485,C1012,2025-11-07,University Ave,Espresso Drinks,Cappuccino,1,5.07,Cash,3.0
ORD13486,C1553,2025-11-23,Downtown,Espresso Drinks,Cappuccino,2,4.02,Mobile Pay,4.0
ORD13487,C1094,2025-10-30, University Ave ,Espresso Drinks,Americano,2,4.37,Card,
ORD13488,C1438,2025-05-19,Downtown,Espresso Drinks,Espresso Shot,2,4.38,Mobile Pay,
ORD13489,C1006,2025-09-23,University Ave,Espresso Drinks,Latte,3,4.56,Card,
ORD13490,C1293,2025-05-30,Downtown,Pastries,Muffin,2,2.93,Mobile Pay,4.0
ORD13491,C1020,2025-10-19,University Ave,Espresso Drinks,Espresso Shot,1,4.45,Card,
ORD13492,C1118,2025-10-22,University Ave,Brewed Coffee,Pour Over,3,3.27,Card,
ORD13493,C1011,2025-12-07,Riverside,Espresso Drinks,Americano,2,5.16,Card,
ORD13494,C1568,2025-08-03,Riverside,Espresso Drinks,Latte,2,4.62,Gift Card,
ORD13495,C1540,2025-06-22,Riverside,Brewed Coffee,Drip Coffee,2,3.69,Cash,
ORD13496,C1528,2025-03-02,University Ave,Pastries,Scone,3,2.97,Card,3.0
ORD13497,C1074,2025-08-21,University Ave,Espresso Drinks,Flat White,2,4.74,Mobile Pay,
ORD13498,C1422,2025-07-26,University Ave,Espresso Drinks,Flat White,2,4.8,Card,1.0
ORD13499,C1175,2025-07-07,university ave,Tea,Chai Latte,1,3.46,Mobile Pay,3.0
ORD13500,C1146,2025-09-04,University Ave,Espresso Drinks,Latte,2,5.13,Gift Card,
ORD13501,C1168,2025-11-06,Riverside,Espresso Drinks,Americano,1,5.72,Mobile Pay,
ORD13502,C1298,2025-02-24,University Ave,Pastries,Cinnamon Roll,2,3.35,Cash,3.0
ORD13503,C1248,2025-06-07,Riverside,Food,Avocado Toast,2,6.26,Mobile Pay,
ORD13504,C1336,2025-09-20,Downtown,Tea,Herbal Tea,1,4.38,Cash,3.0
ORD13505,C1027,2025-10-26,University Ave,Pastries,Croissant,2,2.89,Cash,3.0
ORD13506,C1604,2025-10-11,University Ave,Brewed Coffee,Cold Brew,1,3.99,Mobile Pay,
ORD13507,C1168,2025-10-18,Riverside,Espresso Drinks,Latte,1,4.82,Card,3.0
ORD13508,C1236,2025-11-08,university ave,Brewed Coffee,Drip Coffee,2,4.14,Mobile Pay,
ORD13509,C1163,2025-12-17,Downtown,Pastries,Cinnamon Roll,3,4.35,Card,3.0
ORD13510,C1645,2025-08-10,Downtown,Food,Avocado Toast,2,7.32,Mobile Pay,4.0
ORD13511,C1074,2025-04-01,Downtown,Espresso Drinks,Latte,3,5.11,Mobile Pay,4.0
ORD13512,C1399,2025-07-25,University Ave,Espresso Drinks,Americano,1,4.46,Mobile Pay,3.0
ORD13513,C1086,2025-09-16,Riverside,Pastries,Cinnamon Roll,1,3.17,Card,
ORD13514,C1581,2025-02-06,Downtown,Pastries,Scone,1,3.13,Card,4.0
ORD13515,C1506,2025-10-03,University Ave,Pastries,Muffin,1,3.23,Card,3.0
ORD13516,C1319,2025-07-18,Downtown,Brewed Coffee,Drip Coffee,1,4.09,Mobile Pay,5.0
ORD13517,C1068,2025-12-07,Riverside,Food,Bagel,2,5.9,Card,
ORD13518,C1120,2025-03-19,Downtown,Food,Breakfast Sandwich,1,7.87,Cash,4.0
ORD13519,C1560,2025-11-27,Riverside,Espresso Drinks,Flat White,2,5.05,Cash,
ORD13520,C1407,2025-06-13,Riverside,Espresso Drinks,Latte,2,4.93,Mobile Pay,4.0
ORD13521,C1417,2025-07-28,University Ave,Espresso Drinks,Espresso Shot,2,3.96,Cash,3.0
ORD13522,C1195,2025-08-29,University Ave,Food,Avocado Toast,1,7.16,Mobile Pay,
ORD13523,C1035,2025-07-30,Riverside,Tea,Green Tea,3,3.53,Card,
ORD13524,C1049,2025-11-25,Riverside,Pastries,Croissant,1,4.45,Card,
ORD13525,C1585,2025-03-02,Downtown,Pastries,Muffin,2,3.87,Card,3.0
ORD13526,C1063,2025-09-23,Riverside,Tea,Herbal Tea,1,3.96,Mobile Pay,
ORD13527,C1455,2025-12-21,University Ave,Food,Avocado Toast,1,7.6,Gift Card,3.0
ORD13528,C1378,2025-03-22,Downtown,Espresso Drinks,Flat White,1,5.51,Mobile Pay,
ORD13529,C1286,2025-04-03,Downtown,Espresso Drinks,Flat White,2,3.83,Mobile Pay,5.0
ORD13530,C1254,2025-06-22,Downtown,Pastries,Cinnamon Roll,3,4.05,Card,3.0
ORD13531,C1352,2025-09-21,Riverside,Brewed Coffee,Pour Over,3,4.18,Gift Card,
ORD13532,C1218,2025-12-16,Downtown,Pastries,Croissant,1,4.2,Card,
ORD13533,C1213,2025-10-17, Riverside ,Espresso Drinks,Espresso Shot,1,5.62,Card,
ORD13534,C1458,2025-10-17,University Ave,Brewed Coffee,Pour Over,2,3.51,Mobile Pay,5.0
ORD13535,C1584,2025-06-10,Downtown,Espresso Drinks,Americano,1,5.43,Card,
ORD13536,C1420,2025-08-23,University Ave,Pastries,Cinnamon Roll,1,4.02,Card,
ORD13537,C1075,2025-03-18,University Ave,Tea,Chai Latte,1,4.36,Mobile Pay,
ORD13538,C1641,2025-06-18,university ave,Food,Avocado Toast,1,6.91,Card,5.0
ORD13539,C1248,2025-03-10,University Ave,Espresso Drinks,Latte,2,4.51,Mobile Pay,5.0
ORD13540,C1078,2025-01-10,Riverside,Food,Breakfast Sandwich,1,7.3,Card,4.0
ORD13541,C1526,2025-11-08,Downtown,Brewed Coffee,Cold Brew,2,3.65,Cash,
ORD13542,C1475,2025-10-20,Downtown,Pastries,Muffin,3,4.07,Mobile Pay,
ORD13543,C1172,2025-07-05,University Ave,Espresso Drinks,Espresso Shot,1,4.23,Mobile Pay,
ORD13544,C1620,2025-01-06,Downtown,Espresso Drinks,Espresso Shot,1,4.8,Mobile Pay,4.0
ORD13545,C1511,2025-02-02,Downtown,Espresso Drinks,Americano,1,4.0,Cash,4.0
ORD13546,C1188,2025-02-10,downtown,Food,Bagel,1,8.32,Card,
ORD13547,C1582,2025-09-18,Downtown,Food,Bagel,2,5.97,Card,
ORD13548,C1126,2025-03-16,Downtown,Brewed Coffee,Cold Brew,1,4.13,Card,4.0
ORD13549,C1569,2025-04-02,University Ave,Brewed Coffee,Cold Brew,1,4.13,Gift Card,
ORD13550,C1422,2025-11-10,Riverside,Brewed Coffee,Drip Coffee,1,4.16,Mobile Pay,
ORD13551,C1133,2025-11-16,Downtown,Food,Breakfast Sandwich,1,7.71,Mobile Pay,4.0
ORD13552,C1395,2025-10-05,Downtown,Food,Bagel,1,7.14,Card,3.0
ORD13553,C1365,2025-04-23,Downtown,Tea,Green Tea,2,4.04,Cash,5.0
ORD13554,C1193,2025-07-31,University Ave,Espresso Drinks,Americano,2,4.8,Cash,3.0
ORD13555,C1550,2025-03-14,Downtown,Food,Breakfast Sandwich,3,8.05,Card,
ORD13556,C1394,2025-11-09,Downtown,Tea,Chai Latte,1,3.32,Cash,
ORD13557,C1540,2025-01-31,Downtown,Food,Avocado Toast,2,7.52,Mobile Pay,
ORD13558,C1592,2025-09-28,Downtown,Espresso Drinks,Espresso Shot,1,3.96,Card,
ORD13559,C1064,2025-07-06,Downtown,Espresso Drinks,Cappuccino,1,5.11,Card,
ORD13560,C1647,2025-10-03,Riverside,Espresso Drinks,Latte,2,4.71,Card,
ORD13561,C1044,2025-06-14,Downtown,Brewed Coffee,Drip Coffee,3,3.06,Mobile Pay,3.0
ORD13562,C1216,2025-02-27,Riverside,Brewed Coffee,Cold Brew,3,2.83,Card,
ORD13563,C1402,2025-10-01,Downtown,Espresso Drinks,Flat White,1,5.69,Card,
ORD13564,C1254,2025-08-18,Downtown,Espresso Drinks,Flat White,1,5.22,Card,4.0
ORD13565,C1450,2025-06-19,University Ave,Food,Avocado Toast,2,6.7,Card,4.0
ORD13566,C1275,2025-05-16,University Ave,Pastries,Muffin,2,3.32,Mobile Pay,
ORD13567,C1513,2025-05-06,Downtown,Espresso Drinks,Flat White,1,4.77,Mobile Pay,
ORD13568,C1270,2025-06-25,Riverside,Pastries,Muffin,2,4.4,Gift Card,
ORD13569,C1573,2025-04-06, University Ave ,Espresso Drinks,Americano,1,5.1,Card,1.0
ORD13570,C1504,2025-04-13,Riverside,Tea,Chai Latte,1,4.56,Mobile Pay,4.0
ORD13571,C1002,2025-04-12,Downtown,Food,Bagel,1,6.49,Card,4.0
ORD13572,C1335,2025-01-05,downtown,Pastries,Cinnamon Roll,2,2.76,Card,3.0
ORD13573,C1335,2025-12-04,Downtown,Pastries,Cinnamon Roll,1,3.66,Card,
ORD13574,C1383,2025-03-28,Downtown,Espresso Drinks,Latte,2,3.96,Card,
ORD13575,C1342,2025-03-02, Downtown ,Brewed Coffee,Cold Brew,3,4.16,Card,
ORD13576,C1577,2025-02-25,Riverside,Food,Bagel,3,7.54,Mobile Pay,3.0
ORD13577,C1561,2025-12-26,University Ave,Food,Avocado Toast,1,7.49,Card,5.0
ORD13578,C1360,2025-06-23,Riverside,Brewed Coffee,Pour Over,2,3.57,Card,3.0
ORD13579,C1542,2025-04-29,University Ave,Pastries,Cinnamon Roll,3,3.98,Cash,
ORD13580,C1131,2025-05-28,Riverside,Brewed Coffee,Cold Brew,1,3.57,Mobile Pay,5.0
ORD13581,C1382,2025-02-02,Riverside,Pastries,Croissant,2,3.28,Mobile Pay,
ORD13582,C1497,2025-04-25,Riverside,Food,Breakfast Sandwich,1,5.77,Card,
ORD13583,C1199,2025-04-01,Riverside,Espresso Drinks,Latte,1,3.8,Card,
ORD13584,C1643,2025-10-20,University Ave,Food,Avocado Toast,1,5.6,Card,
ORD13585,C1200,2025-01-22,University Ave,Brewed Coffee,Cold Brew,1,2.91,Mobile Pay,
ORD13586,C1425,2025-06-04,University Ave,Espresso Drinks,Americano,1,4.85,Card,
ORD13587,C1433,2025-10-15,Riverside,Pastries,Muffin,1,2.78,Cash,1.0
ORD13588,C1052,2025-10-31,Riverside,Pastries,Cinnamon Roll,2,4.49,Mobile Pay,2.0
ORD13589,C1081,2025-07-06,Downtown,Brewed Coffee,Pour Over,3,3.46,Card,
ORD13590,C1601,2025-03-22,University Ave,Food,Avocado Toast,1,6.74,Mobile Pay,
ORD13591,C1404,2025-05-03,downtown,Pastries,Muffin,2,2.73,Gift Card,3.0
ORD13592,C1238,2025-03-22,Riverside,Tea,Green Tea,2,3.52,Cash,4.0
ORD13593,C1322,2025-08-29,University Ave,Brewed Coffee,Pour Over,2,3.23,Cash,4.0
ORD13594,C1020,2025-04-17, Downtown ,Tea,Green Tea,3,3.43,Mobile Pay,
ORD13595,C1283,2025-08-18,Riverside,Espresso Drinks,Flat White,1,5.01,Card,
ORD13596,C1322,2025-08-27,Downtown,Brewed Coffee,Pour Over,2,4.03,Card,
ORD13597,C1533,2025-12-09,Downtown,Brewed Coffee,Pour Over,3,3.23,Mobile Pay,4.0
ORD13598,C1178,2025-05-15,Riverside,Pastries,Muffin,1,4.28,Cash,
ORD13599,C1319,2025-12-16,Downtown,Pastries,Scone,3,3.61,Card,
ORD13600,C1178,2025-05-26,University Ave,Espresso Drinks,Cappuccino,1,3.82,Cash,3.0
ORD13601,C1249,2025-09-05,Downtown,Food,Avocado Toast,1,6.7,Cash,3.0
ORD13602,C1612,2025-08-29,Downtown,Pastries,Muffin,1,2.75,Mobile Pay,
ORD13603,C1157,2025-10-25,University Ave,Brewed Coffee,Drip Coffee,1,3.63,Mobile Pay,5.0
ORD13604,C1065,2025-06-20,Riverside,Pastries,Cinnamon Roll,2,2.98,Card,
ORD13605,C1061,2025-10-16,Downtown,Tea,Herbal Tea,2,3.52,Mobile Pay,2.0
ORD13606,C1501,2025-05-10,Downtown,Brewed Coffee,Cold Brew,1,4.18,Mobile Pay,
ORD13607,C1199,2025-06-28,University Ave,Tea,Green Tea,2,3.8,Cash,4.0
ORD13608,C1572,2025-07-01,downtown,Espresso Drinks,Latte,2,3.81,Cash,5.0
ORD13609,C1155,2025-09-14,University Ave,Espresso Drinks,Cappuccino,1,4.91,Gift Card,4.0
ORD13610,C1397,2025-08-14,Downtown,Brewed Coffee,Drip Coffee,2,3.69,Cash,
ORD13611,C1145,2025-01-29,university ave,Espresso Drinks,Cappuccino,2,5.61,Mobile Pay,
ORD13612,C1192,2025-10-22,Downtown,Pastries,Scone,2,2.74,Gift Card,
ORD13613,C1396,2025-10-03,Riverside,Food,Bagel,3,6.57,Card,
ORD13614,C1249,2025-02-08,Riverside,Brewed Coffee,Drip Coffee,2,3.8,Card,3.0
ORD13615,C1625,2025-12-17,Downtown,Espresso Drinks,Americano,1,4.65,Card,
ORD13616,C1121,2025-08-29,Downtown,Espresso Drinks,Latte,1,3.77,Cash,3.0
ORD13617,C1637,2025-01-31,Riverside,Brewed Coffee,Cold Brew,2,4.15,Mobile Pay,4.0
ORD13618,C1601,2025-06-28,Downtown,Pastries,Scone,3,3.98,Card,2.0
ORD13619,C1612,2025-11-01,University Ave,Espresso Drinks,Flat White,2,5.36,Mobile Pay,4.0
ORD13620,C1174,2025-04-12,Downtown,Brewed Coffee,Cold Brew,3,4.18,Mobile Pay,4.0
ORD13621,C1257,2025-12-06,University Ave,Food,Avocado Toast,3,5.59,Gift Card,5.0
ORD13622,C1088,2025-06-02,Downtown,Espresso Drinks,Americano,3,5.36,Mobile Pay,5.0
ORD13623,C1035,2025-03-24,Riverside,Espresso Drinks,Latte,1,5.46,Mobile Pay,4.0
ORD13624,C1480,2025-05-10,University Ave,Brewed Coffee,Drip Coffee,1,2.77,Mobile Pay,5.0
ORD13625,C1395,2025-07-11,Riverside,Espresso Drinks,Cappuccino,2,5.03,Mobile Pay,
ORD13626,C1149,2025-09-08,Downtown,Pastries,Croissant,2,3.17,Card,4.0
ORD13627,C1197,2025-12-04,Downtown,Espresso Drinks,Latte,2,4.78,Card,
ORD13628,C1234,2025-03-12,University Ave,Espresso Drinks,Cappuccino,1,5.26,Cash,
ORD13629,C1455,2025-12-16,Riverside,Espresso Drinks,Americano,2,4.42,Card,4.0
ORD13630,C1417,2025-07-12,Riverside,Food,Bagel,1,5.84,Card,
ORD13631,C1146,2025-02-16,University Ave,Espresso Drinks,Americano,1,3.88,Card,
ORD13632,C1146,2025-12-04,Riverside,Espresso Drinks,Americano,3,4.39,Mobile Pay,
ORD13633,C1160,2025-05-08,Downtown,Tea,Green Tea,2,3.65,Mobile Pay,
ORD13634,C1508,2025-08-14,University Ave,Espresso Drinks,Espresso Shot,1,4.47,Mobile Pay,
ORD13635,C1329,2025-09-12,University Ave,Food,Bagel,2,7.05,Mobile Pay,4.0
ORD13636,C1142,2025-01-05,Downtown,Tea,Herbal Tea,2,4.22,Card,4.0
ORD13637,C1513,2025-03-22,Downtown,Brewed Coffee,Drip Coffee,2,3.4,Mobile Pay,
ORD13638,C1508,2025-09-07,Downtown,Espresso Drinks,Latte,1,3.92,Mobile Pay,
ORD13639,C1163,2025-04-29,Downtown,Brewed Coffee,Cold Brew,1,2.97,Card,
ORD13640,C1245,2025-01-04,Riverside,Tea,Herbal Tea,1,3.7,Card,
ORD13641,C1268,2025-01-09,Riverside,Tea,Herbal Tea,3,3.31,Gift Card,4.0
ORD13642,C1284,2025-10-28,University Ave,Tea,Herbal Tea,1,4.51,Mobile Pay,
ORD13643,C1366,2025-02-25,Downtown,Espresso Drinks,Americano,2,4.05,Mobile Pay,
ORD13644,C1161,2025-02-06,Downtown,Food,Bagel,2,6.6,Card,
ORD13645,C1611,2025-07-24,Downtown,Pastries,Cinnamon Roll,1,4.19,Mobile Pay,3.0
ORD13646,C1195,2025-02-13,Downtown,Brewed Coffee,Pour Over,3,4.15,Mobile Pay,5.0
ORD13647,C1159,2025-08-26,University Ave,Pastries,Scone,2,3.63,Cash,
ORD13648,C1369,2025-07-18,Downtown,Brewed Coffee,Cold Brew,2,4.08,Mobile Pay,
ORD13649,C1525,2025-08-25,Downtown,Espresso Drinks,Americano,1,4.73,Cash,
ORD13650,C1137,2025-06-28,Riverside,Brewed Coffee,Drip Coffee,1,3.39,Card,
ORD13651,C1001,2025-10-11,Downtown,Espresso Drinks,Cappuccino,1,4.6,Card,
ORD13652,C1508,2025-08-23,Downtown,Espresso Drinks,Latte,1,4.45,Cash,
ORD13653,C1457,2025-06-01,Downtown,Food,Breakfast Sandwich,2,6.62,Card,4.0
ORD13654,C1109,2025-01-06,University Ave,Espresso Drinks,Americano,1,4.45,Mobile Pay,
ORD13655,C1648,2025-04-10,Downtown,Food,Bagel,3,7.32,Card,
ORD13656,C1502,2025-02-17,University Ave,Espresso Drinks,Flat White,3,4.82,Cash,
ORD13657,C1269,2025-01-06,Riverside,Espresso Drinks,Cappuccino,2,5.06,Card,
ORD13658,C1142,2025-04-10,University Ave,Espresso Drinks,Cappuccino,2,5.75,Card,
ORD13659,C1077,2025-03-17,Riverside,Tea,Herbal Tea,1,3.85,Card,2.0
ORD13660,C1548,2025-01-28,Riverside,Pastries,Cinnamon Roll,1,4.27,Mobile Pay,3.0
ORD13661,C1169,2025-04-24,University Ave,Brewed Coffee,Cold Brew,2,2.85,Card,
ORD13662,C1498,2025-07-04,University Ave,Espresso Drinks,Cappuccino,2,5.33,Card,4.0
ORD13663,C1318,2025-03-06,Downtown,Espresso Drinks,Flat White,1,4.62,Card,
ORD13664,C1622,2025-04-10,Riverside,Espresso Drinks,Espresso Shot,2,4.58,Card,
ORD13665,C1400,2025-01-08,Riverside,Espresso Drinks,Flat White,2,3.88,Cash,5.0
ORD13666,C1026,2025-01-19,Riverside,Espresso Drinks,Cappuccino,1,5.23,Mobile Pay,2.0
ORD13667,C1360,2025-02-27,Downtown,Espresso Drinks,Latte,2,4.04,Card,5.0
ORD13668,C1300,2025-06-14,Downtown,Food,Avocado Toast,1,6.65,Card,1.0
ORD13669,C1243,2025-08-31,Downtown,Brewed Coffee,Cold Brew,2,4.17,Cash,
ORD13670,C1173,2025-10-14,Downtown,Espresso Drinks,Flat White,1,4.02,Card,
ORD13671,C1336,2025-08-18,Downtown,Espresso Drinks,Espresso Shot,3,4.07,Cash,4.0
ORD13672,C1644,2025-08-13,Riverside,Tea,Herbal Tea,2,3.42,Card,
ORD13673,C1629,2025-12-07,University Ave,Pastries,Cinnamon Roll,2,3.78,Card,3.0
ORD13674,C1338,2025-04-04,Riverside,Brewed Coffee,Cold Brew,1,3.1,Card,4.0
ORD13675,C1446,2025-10-18,University Ave,Brewed Coffee,Drip Coffee,2,3.2,Cash,
ORD13676,C1630,2025-12-08,Downtown,Pastries,Croissant,2,3.55,Card,
ORD13677,C1223,2025-07-26,Downtown,Brewed Coffee,Pour Over,2,3.29,Gift Card,
ORD13678,C1050,2025-11-02,Downtown,Brewed Coffee,Pour Over,1,4.07,Mobile Pay,
ORD13679,C1229,2025-02-20,Downtown,Pastries,Cinnamon Roll,1,3.25,Cash,1.0
ORD13680,C1469,2025-11-16, University Ave ,Pastries,Scone,1,2.54,Card,
ORD13681,C1219,2025-07-25,University Ave,Espresso Drinks,Americano,2,4.89,Mobile Pay,4.0
ORD13682,C1524,2025-03-22,Downtown,Espresso Drinks,Latte,1,4.4,Card,4.0
ORD13683,C1469,2025-01-23,Riverside,Brewed Coffee,Drip Coffee,1,2.8,Gift Card,3.0
ORD13684,C1295,2025-09-20,Riverside,Espresso Drinks,Espresso Shot,2,4.8,Card,
ORD13685,C1590,2025-06-06,University Ave,Tea,Green Tea,1,4.33,Card,
ORD13686,C1084,2025-04-23,University Ave,Pastries,Muffin,3,3.15,Mobile Pay,
ORD13687,C1414,2025-05-23,University Ave,Espresso Drinks,Flat White,1,4.49,Gift Card,
ORD13688,C1565,2025-12-27,University Ave,Tea,Herbal Tea,1,4.44,Card,
ORD13689,C1058,2025-06-05,Riverside,Espresso Drinks,Latte,3,4.53,Cash,
ORD13690,C1176,2025-01-29,Riverside,Pastries,Scone,3,3.05,Mobile Pay,4.0
ORD13691,C1369,2025-04-12,Riverside,Brewed Coffee,Pour Over,1,3.19,Card,
ORD13692,C1037,2025-02-22,Downtown,Food,Bagel,2,6.46,Cash,
ORD13693,C1210,2025-09-07,Downtown,Brewed Coffee,Drip Coffee,1,3.51,Cash,3.0
ORD13694,C1409,2025-10-19,Downtown,Espresso Drinks,Cappuccino,2,5.4,Mobile Pay,
ORD13695,C1596,2025-11-03,University Ave,Food,Avocado Toast,2,7.7,Mobile Pay,
ORD13696,C1264,2025-08-19,Downtown,Food,Avocado Toast,1,5.88,Card,
ORD13697,C1477,2025-10-07,Downtown,Espresso Drinks,Cappuccino,2,4.95,Card,
ORD13698,C1643,2025-06-01,University Ave,Food,Breakfast Sandwich,3,7.23,Card,2.0
ORD13699,C1291,2025-08-17,Riverside,Brewed Coffee,Pour Over,1,3.22,Card,
ORD13700,C1417,2025-02-08,Riverside,Espresso Drinks,Americano,2,4.86,Card,
ORD13701,C1181,2025-07-15,Downtown,Food,Avocado Toast,2,8.44,Card,3.0
ORD13702,C1481,2025-07-22,Downtown,Espresso Drinks,Flat White,1,5.18,Card,
ORD13703,C1169,2025-01-12,University Ave,Food,Breakfast Sandwich,3,8.33,Mobile Pay,
ORD13704,C1219,2025-07-19,Downtown,Pastries,Cinnamon Roll,3,3.6,Cash,
ORD13705,C1261,2025-09-21,University Ave,Food,Bagel,1,7.14,Mobile Pay,
ORD13706,C1447,2025-05-14,Downtown,Espresso Drinks,Cappuccino,2,4.69,Cash,
ORD13707,C1468,2025-07-18,Riverside,Espresso Drinks,Americano,1,5.63,Card,
ORD13708,C1259,2025-04-15,Riverside,Brewed Coffee,Pour Over,1,3.31,Cash,
ORD13709,C1331,2025-04-09,Downtown,Tea,Chai Latte,1,3.91,Card,
ORD13710,C1305,2025-02-17,University Ave,Pastries,Muffin,3,3.06,Mobile Pay,3.0
ORD13711,C1332,2025-04-30,University Ave,Brewed Coffee,Drip Coffee,2,3.17,Cash,2.0
ORD13712,C1394,2025-10-20,Downtown,Pastries,Cinnamon Roll,3,3.08,Mobile Pay,
ORD13713,C1138,2025-12-07,Downtown,Brewed Coffee,Drip Coffee,3,3.49,Card,
ORD13714,C1366,2025-08-20,University Ave,Espresso Drinks,Espresso Shot,1,4.14,Mobile Pay,3.0
ORD13715,C1323,2025-08-16,University Ave,Pastries,Cinnamon Roll,3,4.2,Cash,
ORD13716,C1496,2025-08-12,University Ave,Brewed Coffee,Pour Over,2,4.18,Card,
ORD13717,C1094,2025-06-23,University Ave,Pastries,Croissant,1,3.42,Mobile Pay,2.0
ORD13718,C1099,2025-06-03,Downtown,Tea,Green Tea,3,3.43,Card,
ORD13719,C1099,2025-08-15,Riverside,Tea,Herbal Tea,3,4.55,Card,4.0
ORD13720,C1622,2025-10-13,Riverside,Espresso Drinks,Flat White,3,4.35,Card,5.0
ORD13721,C1017,2025-05-31,Downtown,Food,Avocado Toast,0,6.41,Card,
ORD13722,C1469,2025-07-25,Downtown,Food,Breakfast Sandwich,3,7.8,Card,
ORD13723,C1424,2025-06-21,Downtown,Espresso Drinks,Americano,1,4.16,Mobile Pay,
ORD13724,C1235,2025-04-14,Downtown,Pastries,Muffin,1,2.65,Gift Card,
ORD13725,C1521,2025-04-16,University Ave,Brewed Coffee,Cold Brew,1,2.86,Card,
ORD13726,C1500,2025-01-29,Riverside,Tea,Chai Latte,1,4.44,Card,4.0
ORD13727,C1102,2025-06-10,Riverside,Espresso Drinks,Cappuccino,1,5.25,Mobile Pay,
ORD13728,C1366,2025-09-17,Downtown,Pastries,Croissant,2,2.69,Card,5.0
ORD13729,C1225,2025-09-07,university ave,Pastries,Croissant,2,4.05,Card,3.0
ORD13730,C1015,2025-12-25,University Ave,Espresso Drinks,Cappuccino,1,5.53,Card,
ORD13731,C1228,2025-01-15,Downtown,Brewed Coffee,Cold Brew,3,3.65,Gift Card,5.0
ORD13732,C1246,2025-10-04,Downtown,Espresso Drinks,Flat White,1,4.6,Card,3.0
ORD13733,C1408,2025-10-17,Downtown,Pastries,Scone,2,4.25,Cash,
ORD13734,C1463,2025-06-08,Downtown,Espresso Drinks,Espresso Shot,1,3.99,Cash,
ORD13735,C1326,2025-04-14,University Ave,Espresso Drinks,Flat White,1,4.39,Cash,4.0
ORD13736,C1428,2025-05-10,Downtown,Pastries,Croissant,1,2.86,Cash,4.0
ORD13737,C1558,2025-09-06,Riverside,Pastries,Croissant,1,4.3,Mobile Pay,2.0
ORD13738,C1340,2025-11-10,Downtown,Tea,Herbal Tea,2,3.57,Gift Card,3.0
ORD13739,C1169,2025-08-22,Riverside,Food,Avocado Toast,2,7.95,Card,4.0
ORD13740,C1221,2025-07-07,Riverside,Espresso Drinks,Flat White,1,5.1,Mobile Pay,
ORD13741,C1016,2025-08-26,riverside,Brewed Coffee,Drip Coffee,1,2.87,Mobile Pay,3.0
ORD13742,C1139,2025-01-26,University Ave,Pastries,Scone,2,3.36,Card,4.0
ORD13743,C1129,2025-08-10,Riverside,Pastries,Muffin,1,2.73,Cash,4.0
ORD13744,C1302,2025-01-16,Downtown,Pastries,Muffin,1,3.42,Card,3.0
ORD13745,C1648,2025-12-16,Downtown,Espresso Drinks,Latte,2,4.94,Cash,
ORD13746,C1332,2025-11-20,Riverside,Espresso Drinks,Flat White,3,5.54,Mobile Pay,4.0
ORD13747,C1316,2025-07-05,University Ave,Espresso Drinks,Flat White,2,4.26,Card,
ORD13748,C1201,2025-05-17,University Ave,Tea,Chai Latte,2,4.65,Cash,
ORD13749,C1643,2025-09-24,Downtown,Pastries,Cinnamon Roll,2,3.19,Card,3.0
ORD13750,C1463,2025-08-21,University Ave,Pastries,Cinnamon Roll,1,2.96,Mobile Pay,5.0
ORD13751,C1131,2025-09-14,Riverside,Brewed Coffee,Cold Brew,2,3.18,Card,
ORD13752,C1578,2025-07-07,University Ave,Espresso Drinks,Flat White,1,4.12,Card,5.0
ORD13753,C1052,2025-03-28,Riverside,Brewed Coffee,Pour Over,3,2.92,Gift Card,5.0
ORD13754,C1600,2025-01-27,Downtown,Brewed Coffee,Drip Coffee,2,3.3,Mobile Pay,
ORD13755,C1617,2025-04-14,Riverside,Brewed Coffee,Cold Brew,2,2.89,Card,
ORD13756,C1235,2025-07-12,Downtown,Pastries,Muffin,2,3.98,Card,
ORD13757,C1235,2025-06-04,Downtown,Brewed Coffee,Drip Coffee,3,3.81,Card,
ORD13758,C1449,2025-07-04,Riverside,Espresso Drinks,Flat White,1,5.69,Card,3.0
ORD13759,C1045,2025-04-12,Downtown,Tea,Herbal Tea,1,3.26,Cash,
ORD13760,C1104,2025-12-08,University Ave,Espresso Drinks,Cappuccino,1,5.29,Cash,3.0
ORD13761,C1203,2025-05-14,Riverside,Pastries,Cinnamon Roll,1,3.46,Mobile Pay,3.0
ORD13762,C1363,2025-11-05,Downtown,Food,Bagel,2,6.87,Card,
ORD13763,C1055,2025-05-23,Riverside,Pastries,Croissant,1,3.59,Card,2.0
ORD13764,C1174,2025-06-11,Downtown,Brewed Coffee,Pour Over,3,3.61,Card,5.0
ORD13765,C1646,2025-08-08,Downtown,Espresso Drinks,Latte,1,5.42,Card,5.0
ORD13766,C1069,2025-04-06,Downtown,Brewed Coffee,Drip Coffee,2,4.12,Card,
ORD13767,C1135,2025-03-22,Riverside,Food,Bagel,2,8.3,Mobile Pay,
ORD13768,C1585,2025-05-19,Downtown,Brewed Coffee,Cold Brew,2,3.89,Mobile Pay,3.0
ORD13769,C1411,2025-10-20,Riverside,Brewed Coffee,Cold Brew,2,3.64,Mobile Pay,
ORD13770,C1350,2025-02-22,University Ave,Espresso Drinks,Americano,2,4.13,Card,5.0
ORD13771,C1590,2025-06-09,Riverside,Food,Breakfast Sandwich,2,6.35,Card,3.0
ORD13772,C1418,2025-09-02,Riverside,Pastries,Muffin,3,2.93,Card,5.0
ORD13773,C1410,2025-09-15,Downtown,Espresso Drinks,Flat White,2,4.99,Card,
ORD13774,C1044,2025-06-08,Riverside,Pastries,Croissant,1,3.66,Card,
ORD13775,C1436,2025-01-30,Downtown,Food,Avocado Toast,1,7.12,Mobile Pay,
ORD13776,C1265,2025-01-06,Downtown,Pastries,Muffin,1,3.9,Card,5.0
ORD13777,C1252,2025-06-21,University Ave,Pastries,Muffin,2,3.68,Mobile Pay,5.0
ORD13778,C1544,2025-10-22,Downtown,Brewed Coffee,Cold Brew,3,3.28,Mobile Pay,5.0
ORD13779,C1457,2025-01-11,Riverside,Pastries,Cinnamon Roll,1,2.94,Card,
ORD13780,C1496,2025-11-20,Downtown,Espresso Drinks,Americano,1,5.24,Card,
ORD13781,C1244,2025-09-04,Downtown,Food,Bagel,2,7.55,Mobile Pay,
ORD13782,C1490,2025-01-03,Downtown,Brewed Coffee,Drip Coffee,1,2.89,Card,
ORD13783,C1144,2025-05-06,Riverside,Espresso Drinks,Americano,3,5.14,Card,4.0
ORD13784,C1557,2025-03-22,University Ave,Brewed Coffee,Pour Over,1,3.38,Mobile Pay,4.0
ORD13785,C1615,2025-12-12,Riverside,Brewed Coffee,Cold Brew,1,2.86,Card,
ORD13786,C1172,2025-07-21,Riverside,Food,Bagel,1,7.32,Cash,5.0
ORD13787,C1570,2025-04-28,Downtown,Food,Breakfast Sandwich,2,5.98,Mobile Pay,4.0
ORD13788,C1444,2025-04-12,Downtown,Espresso Drinks,Cappuccino,3,4.95,Gift Card,
ORD13789,C1362,2025-07-25,Downtown,Espresso Drinks,Flat White,1,5.19,Mobile Pay,
ORD13790,C1144,2025-01-02,Downtown,Pastries,Muffin,2,4.13,Card,5.0
ORD13791,C1378,2025-04-04,Downtown,Brewed Coffee,Drip Coffee,2,3.0,Cash,
ORD13792,C1115,2025-03-02,Riverside,Espresso Drinks,Americano,3,5.46,Mobile Pay,
ORD13793,C1049,2025-08-14,University Ave,Espresso Drinks,Americano,1,4.24,Gift Card,3.0
ORD13794,C1558,2025-09-01,University Ave,Pastries,Muffin,1,3.86,Mobile Pay,5.0
ORD13795,C1473,2025-06-20,Downtown,Espresso Drinks,Americano,1,3.96,Card,
ORD13796,C1048,2025-02-20,Downtown,Pastries,Scone,1,4.04,Card,
ORD13797,C1331,2025-05-15,University Ave,Pastries,Scone,1,3.86,Card,5.0
ORD13798,C1215,2025-11-03,University Ave,Brewed Coffee,Pour Over,1,2.98,Mobile Pay,5.0
ORD13799,C1392,2025-03-16,Downtown,Tea,Herbal Tea,2,3.48,Gift Card,5.0
ORD13800,C1392,2025-03-01,Riverside,Tea,Green Tea,1,3.28,Mobile Pay,4.0
ORD13801,C1279,2025-02-10,Riverside,Tea,Chai Latte,2,4.08,Cash,4.0
ORD13802,C1481,2025-10-25,Downtown,Food,Breakfast Sandwich,3,6.59,Gift Card,4.0
ORD13803,C1593,2025-02-13,Riverside,Food,Avocado Toast,3,5.72,Cash,4.0
ORD13804,C1223,2025-07-31,Downtown,Pastries,Croissant,1,3.31,Card,
ORD13805,C1135,2025-12-30,university ave,Brewed Coffee,Drip Coffee,2,3.5,Cash,4.0
ORD13806,C1533,2025-08-22,Riverside,Espresso Drinks,Latte,2,5.51,Card,
ORD13807,C1394,2025-05-31,Downtown,Brewed Coffee,Drip Coffee,1,2.94,Mobile Pay,
ORD13808,C1304,2025-03-17,University Ave,Espresso Drinks,Cappuccino,3,4.21,Gift Card,
ORD13809,C1496,2025-01-01,riverside,Espresso Drinks,Espresso Shot,1,3.8,Mobile Pay,
ORD13810,C1501,2025-02-26,University Ave,Espresso Drinks,Espresso Shot,1,4.25,Card,2.0
ORD13811,C1514,2025-12-13,Riverside,Food,Breakfast Sandwich,2,6.03,Cash,3.0
ORD13812,C1167,2025-02-22,Downtown,Pastries,Croissant,1,3.28,Card,4.0
ORD13813,C1491,2025-01-08,Downtown,Pastries,Cinnamon Roll,3,4.27,Cash,
ORD13814,C1240,2025-10-25,University Ave,Food,Breakfast Sandwich,1,6.09,Card,
ORD13815,C1081,2025-06-02,Riverside,Brewed Coffee,Cold Brew,2,3.9,Mobile Pay,
ORD13816,C1218,2025-05-10,Downtown,Espresso Drinks,Flat White,2,4.12,Mobile Pay,
ORD13817,C1534,2025-09-19,Riverside,Brewed Coffee,Pour Over,2,3.31,Card,
ORD13818,C1643,2025-07-10,riverside,Espresso Drinks,Cappuccino,1,5.71,Card,5.0
ORD13819,C1345,2025-11-29,Downtown,Food,Breakfast Sandwich,1,6.41,Mobile Pay,4.0
ORD13820,C1439,2025-06-20,Downtown,Food,Avocado Toast,3,5.52,Cash,4.0
ORD13821,C1420,2025-09-17,riverside,Pastries,Scone,1,3.38,Mobile Pay,
ORD13822,C1038,2025-11-16,downtown,Espresso Drinks,Americano,2,4.2,Card,4.0
ORD13823,C1293,2025-06-18,Downtown,Brewed Coffee,Cold Brew,2,4.18,Cash,
ORD13824,C1072,2025-04-14,Downtown,Brewed Coffee,Cold Brew,2,3.47,Card,3.0
ORD13825,C1506,2025-12-21,Downtown,Pastries,Croissant,1,3.79,Card,3.0
ORD13826,C1280,2025-03-24,Riverside,Pastries,Muffin,2,2.75,Mobile Pay,4.0
ORD13827,C1424,2025-01-15,Downtown,Pastries,Cinnamon Roll,1,3.41,Card,
ORD13828,C1555,2025-07-30,downtown,Espresso Drinks,Cappuccino,1,4.8,Mobile Pay,4.0
ORD13829,C1466,2025-12-26,University Ave,Espresso Drinks,Cappuccino,1,4.85,Card,5.0
ORD13830,C1290,2025-02-01,Riverside,Espresso Drinks,Americano,3,4.09,Card,3.0
ORD13831,C1559,2025-11-06,Riverside,Brewed Coffee,Drip Coffee,2,3.98,Cash,
ORD13832,C1121,2025-10-30,University Ave,Pastries,Muffin,1,2.71,Card,4.0
ORD13833,C1413,2025-12-05,Downtown,Espresso Drinks,Americano,1,5.49,Cash,
ORD13834,C1003,2025-06-03,Riverside,Food,Breakfast Sandwich,1,7.15,Card,
ORD13835,C1457,2025-04-03,riverside,Espresso Drinks,Americano,2,4.83,Card,
ORD13836,C1231,2025-07-06,Downtown,Brewed Coffee,Drip Coffee,2,2.93,Mobile Pay,4.0
ORD13837,C1264,2025-02-21,Riverside,Espresso Drinks,Americano,1,5.74,Mobile Pay,
ORD13838,C1416,2025-11-03,University Ave,Espresso Drinks,Flat White,1,4.48,Card,
ORD13839,C1128,2025-08-30,Downtown,Brewed Coffee,Cold Brew,3,3.96,Card,
ORD13840,C1076,2025-06-25,Downtown,Espresso Drinks,Espresso Shot,1,5.07,Card,
ORD13841,C1343,2025-07-07,Riverside,Food,Breakfast Sandwich,2,5.74,Cash,
ORD13842,C1499,2025-09-17,University Ave,Pastries,Scone,1,3.54,Card,
ORD13843,C1552,2025-07-10,University Ave,Pastries,Muffin,1,3.16,Card,4.0
ORD13844,C1134,2025-11-02,Downtown,Espresso Drinks,Flat White,2,4.55,Mobile Pay,4.0
ORD13845,C1066,2025-12-03,Downtown,Pastries,Muffin,2,2.83,Card,5.0
ORD13846,C1575,2025-12-12,University Ave,Espresso Drinks,Espresso Shot,1,4.58,Gift Card,
ORD13847,C1542,2025-08-14,Downtown,Tea,Chai Latte,1,4.04,Mobile Pay,
ORD13848,C1474,2025-09-28,Downtown,Pastries,Cinnamon Roll,2,3.2,Mobile Pay,5.0
ORD13849,C1649,2025-04-24,Downtown,Brewed Coffee,Drip Coffee,2,3.56,Mobile Pay,
ORD13850,C1576,2025-01-14,Riverside,Brewed Coffee,Drip Coffee,1,3.36,Card,
ORD13851,C1385,2025-05-26,University Ave,Pastries,Muffin,1,4.47,Card,
ORD13852,C1023,2025-11-14,Riverside,Food,Breakfast Sandwich,1,6.16,Card,
ORD13853,C1333,2025-02-18,Riverside,Espresso Drinks,Cappuccino,3,5.42,Card,
ORD13854,C1177,2025-07-18,Riverside,Brewed Coffee,Drip Coffee,2,3.09,Card,5.0
ORD13855,C1344,2025-03-12,Downtown,Espresso Drinks,Cappuccino,2,4.3,Card,
ORD13856,C1373,2025-06-06,University Ave,Espresso Drinks,Espresso Shot,1,4.0,Cash,
ORD13857,C1633,2025-02-22,Downtown,Food,Avocado Toast,1,8.16,Card,3.0
ORD13858,C1272,2025-09-25,Downtown,Espresso Drinks,Americano,2,4.27,Mobile Pay,4.0
ORD13859,C1045,2025-10-22,Riverside,Food,Breakfast Sandwich,2,6.46,Mobile Pay,5.0
ORD13860,C1006,2025-10-04,Downtown,Brewed Coffee,Pour Over,1,2.81,Card,2.0
ORD13861,C1215,2025-09-14,Riverside,Pastries,Croissant,2,3.0,Mobile Pay,
ORD13862,C1196,2025-03-27,Downtown,Espresso Drinks,Espresso Shot,1,4.46,Gift Card,
ORD13863,C1177,2025-07-13,Riverside,Pastries,Scone,1,3.14,Card,4.0
ORD13864,C1631,2025-02-08,University Ave,Espresso Drinks,Flat White,2,5.07,Mobile Pay,2.0
ORD13865,C1634,2025-05-17,Downtown,Espresso Drinks,Americano,1,4.87,Mobile Pay,
ORD13866,C1486,2025-07-04,Riverside,Food,Bagel,2,6.14,Card,
ORD13867,C1083,2025-09-01,Downtown,Brewed Coffee,Pour Over,1,3.3,Card,2.0
ORD13868,C1198,2025-02-05,Downtown,Tea,Chai Latte,1,3.94,Mobile Pay,
ORD13869,C1405,2025-10-23,University Ave,Pastries,Croissant,3,3.18,Card,
ORD13870,C1516,2025-06-17,Riverside,Tea,Chai Latte,2,4.13,Gift Card,2.0
ORD13871,C1398,2025-11-17,Riverside,Brewed Coffee,Drip Coffee,2,3.95,Gift Card,
ORD13872,C1248,2025-07-12,Downtown,Brewed Coffee,Drip Coffee,1,3.03,Mobile Pay,3.0
ORD13873,C1588,2025-07-19,University Ave,Pastries,Muffin,2,2.67,Gift Card,
ORD13874,C1549,2025-09-10,Riverside,Espresso Drinks,Americano,1,5.34,Card,
ORD13875,C1285,2025-10-26,Downtown,Brewed Coffee,Cold Brew,1,3.57,Card,
ORD13876,C1546,2025-02-27,Riverside,Espresso Drinks,Espresso Shot,1,4.3,Mobile Pay,
ORD13877,C1457,2025-07-06,Riverside,Espresso Drinks,Latte,1,4.95,Card,4.0
ORD13878,C1143,2025-01-11,University Ave,Espresso Drinks,Latte,2,5.37,Mobile Pay,3.0
ORD13879,C1086,2025-06-22,Downtown,Pastries,Muffin,1,4.13,Gift Card,4.0
ORD13880,C1206,2025-10-24,Downtown,Pastries,Cinnamon Roll,2,2.83,Mobile Pay,3.0
ORD13881,C1411,2025-11-12,Downtown,Espresso Drinks,Latte,1,5.36,Mobile Pay,4.0
ORD13882,C1019,2025-04-14,University Ave,Tea,Chai Latte,2,3.56,Card,5.0
ORD13883,C1064,2025-05-21,Riverside,Brewed Coffee,Cold Brew,2,4.19,Card,
ORD13884,C1412,2025-07-20,Downtown,Pastries,Scone,2,2.52,Card,
ORD13885,C1489,2025-05-25,Riverside,Espresso Drinks,Cappuccino,1,5.18,Mobile Pay,
ORD13886,C1455,2025-03-06,Downtown,Pastries,Cinnamon Roll,1,3.53,Mobile Pay,4.0
ORD13887,C1138,2025-04-21,Downtown,Espresso Drinks,Flat White,1,5.25,Mobile Pay,
ORD13888,C1349,2025-05-28,Riverside,Pastries,Croissant,2,4.33,Mobile Pay,
ORD13889,C1308,2025-07-08,Downtown,Food,Avocado Toast,2,5.71,Card,
ORD13890,C1618,2025-12-02,Downtown,Food,Avocado Toast,2,5.74,Cash,
ORD13891,C1518,2025-07-18,University Ave,Pastries,Cinnamon Roll,2,3.17,Card,
ORD13892,C1571,2025-05-21, University Ave ,Food,Breakfast Sandwich,1,7.97,Card,
ORD13893,C1602,2025-08-29,Downtown,Brewed Coffee,Pour Over,1,3.16,Cash,
ORD13894,C1238,2025-10-09,University Ave,Brewed Coffee,Cold Brew,1,3.93,Mobile Pay,3.0
ORD13895,C1506,2025-06-06,Downtown,Brewed Coffee,Drip Coffee,1,3.14,Mobile Pay,
ORD13896,C1483,2025-06-28,University Ave,Espresso Drinks,Americano,2,5.55,Mobile Pay,4.0
ORD13897,C1136,2025-03-21,Downtown,Tea,Green Tea,1,4.66,Card,
ORD13898,C1026,2025-11-11,Downtown,Food,Bagel,1,8.41,Card,4.0
ORD13899,C1429,2025-11-12,Riverside,Pastries,Muffin,3,3.55,Card,4.0
ORD13900,C1146,2025-03-05,University Ave,Brewed Coffee,Cold Brew,3,2.89,Mobile Pay,4.0
ORD13901,C1400,2025-05-06,Riverside,Brewed Coffee,Pour Over,3,3.7,Card,5.0
ORD13902,C1162,2025-04-09,University Ave,Pastries,Cinnamon Roll,1,3.0,Card,
ORD13903,C1042,2025-12-02,Riverside,Food,Avocado Toast,1,7.49,Card,4.0
ORD13904,C1094,2025-01-24,downtown,Food,Avocado Toast,3,6.43,Cash,4.0
ORD13905,C1339,2025-03-17,Riverside,Espresso Drinks,Latte,1,5.48,Gift Card,4.0
ORD13906,C1016,2025-04-25,University Ave,Espresso Drinks,Cappuccino,2,4.23,Mobile Pay,
ORD13907,C1341,2025-07-23,Downtown,Pastries,Scone,1,3.27,Cash,
ORD13908,C1133,2025-04-01,Riverside,Brewed Coffee,Pour Over,3,3.94,Cash,
ORD13909,C1033,2025-07-15,downtown,Food,Breakfast Sandwich,1,8.08,Mobile Pay,
ORD13910,C1596,2025-09-29,University Ave,Brewed Coffee,Pour Over,3,3.0,Cash,4.0
ORD13911,C1330,2025-10-29,University Ave,Food,Bagel,2,7.69,Card,
ORD13912,C1471,2025-02-06,Downtown,Brewed Coffee,Drip Coffee,1,3.71,Mobile Pay,4.0
ORD13913,C1199,2025-02-20,Riverside,Espresso Drinks,Latte,1,5.67,Card,
ORD13914,C1500,2025-02-04,Downtown,Food,Bagel,1,8.04,Card,
ORD13915,C1478,2025-11-28,Downtown,Brewed Coffee,Drip Coffee,2,3.41,Cash,5.0
ORD13916,C1409,2025-08-26,Riverside,Espresso Drinks,Americano,2,5.49,Mobile Pay,
ORD13917,C1461,2025-07-13, University Ave ,Tea,Herbal Tea,1,4.63,Mobile Pay,2.0
ORD13918,C1011,2025-10-15,Riverside,Pastries,Scone,3,4.0,Card,4.0
ORD13919,C1101,2025-08-02,Riverside,Food,Breakfast Sandwich,1,6.34,Cash,
ORD13920,C1160,2025-03-27,Downtown,Food,Bagel,1,8.01,Card,
ORD13921,C1341,2025-07-05,Riverside,Espresso Drinks,Americano,3,5.39,Mobile Pay,5.0
ORD13922,C1468,2025-09-13,University Ave,Pastries,Scone,1,4.37,Card,
ORD13923,C1046,2025-01-14,Downtown,Brewed Coffee,Cold Brew,3,3.85,Card,
ORD13924,C1089,2025-08-09,downtown,Brewed Coffee,Drip Coffee,2,3.71,Card,
ORD13925,C1481,2025-06-30,riverside,Espresso Drinks,Flat White,1,4.29,Mobile Pay,
ORD13926,C1087,2025-01-26,Riverside,Pastries,Croissant,1,4.02,Card,
ORD13927,C1527,2025-04-06,Riverside,Brewed Coffee,Cold Brew,1,3.55,Mobile Pay,
ORD13928,C1311,2025-06-13,Riverside,Food,Breakfast Sandwich,1,6.46,Card,5.0
ORD13929,C1075,2025-05-05,Downtown,Brewed Coffee,Pour Over,3,3.01,Card,3.0
ORD13930,C1355,2025-04-16,Downtown,Food,Breakfast Sandwich,3,7.49,Cash,4.0
ORD13931,C1261,2025-08-25,University Ave,Tea,Green Tea,2,3.99,Card,2.0
ORD13932,C1112,2025-05-28,Riverside,Brewed Coffee,Pour Over,1,3.25,Card,2.0
ORD13933,C1042,2025-07-01,Downtown,Food,Avocado Toast,1,8.39,Card,4.0
ORD13934,C1071,2025-10-18,Riverside,Espresso Drinks,Latte,2,4.81,Card,
ORD13935,C1515,2025-02-03,university ave,Espresso Drinks,Cappuccino,2,3.87,Card,
ORD13936,C1070,2025-05-12,Riverside,Espresso Drinks,Cappuccino,2,4.63,Card,5.0
ORD13937,C1335,2025-01-27,University Ave,Espresso Drinks,Flat White,2,4.51,Mobile Pay,
ORD13938,C1023,2025-12-04,riverside,Pastries,Muffin,1,3.82,Card,5.0
ORD13939,C1420,2025-03-09,University Ave,Brewed Coffee,Cold Brew,2,3.65,Card,4.0
ORD13940,C1288,2025-10-26,Downtown,Food,Breakfast Sandwich,1,6.42,Gift Card,
ORD13941,C1234,2025-03-11,Downtown,Brewed Coffee,Pour Over,1,3.1,Card,
ORD13942,C1197,2025-04-28,Downtown,Brewed Coffee,Cold Brew,1,2.88,Card,
ORD13943,C1623,2025-08-10,Downtown,Pastries,Muffin,1,4.45,Card,5.0
ORD13944,C1086,2025-10-30,Downtown,Espresso Drinks,Flat White,2,3.78,Card,4.0
ORD13945,C1624,2025-03-06,University Ave,Espresso Drinks,Espresso Shot,1,5.07,Card,
ORD13946,C1446,2025-03-19,Downtown,Tea,Chai Latte,2,3.89,Mobile Pay,
ORD13947,C1378,2025-11-17,Downtown,Tea,Herbal Tea,3,3.91,Card,
ORD13948,C1486,2025-04-28,Downtown,Brewed Coffee,Pour Over,1,3.63,Mobile Pay,
ORD13949,C1138,2025-03-18,Downtown,Espresso Drinks,Cappuccino,1,4.17,Gift Card,4.0
ORD13950,C1222,2025-09-28,Riverside,Food,Bagel,2,7.46,Gift Card,
ORD13951,C1123,2025-02-03,Downtown,Espresso Drinks,Flat White,1,5.3,Cash,4.0
ORD13952,C1113,2025-11-12,University Ave,Food,Bagel,2,8.09,Mobile Pay,
ORD13953,C1081,2025-11-15,Downtown,Pastries,Cinnamon Roll,3,3.28,Card,4.0
ORD13954,C1526,2025-11-08,Riverside,Pastries,Croissant,1,3.69,Mobile Pay,
ORD13955,C1512,2025-04-18, Riverside ,Brewed Coffee,Pour Over,2,3.38,Card,4.0
ORD13956,C1170,2025-02-11,downtown,Espresso Drinks,Latte,2,4.76,Cash,4.0
ORD13957,C1167,2025-06-04,Downtown,Brewed Coffee,Pour Over,2,2.92,Card,
ORD13958,C1339,2025-05-02,University Ave,Espresso Drinks,Cappuccino,2,5.29,Card,2.0
ORD13959,C1403,2025-12-16,Riverside,Brewed Coffee,Drip Coffee,3,3.2,Mobile Pay,
ORD13960,C1129,2025-08-18,Riverside,Espresso Drinks,Cappuccino,1,5.53,Mobile Pay,
ORD13961,C1372,2025-12-10,Riverside,Espresso Drinks,Flat White,1,4.58,Card,4.0
ORD13962,C1646,2025-10-01,University Ave,Pastries,Scone,2,2.75,Gift Card,
ORD13963,C1106,2025-09-18,Downtown,Brewed Coffee,Pour Over,1,3.09,Mobile Pay,
ORD13964,C1649,2025-02-10,Downtown,Espresso Drinks,Flat White,1,3.96,Mobile Pay,
ORD13965,C1258,2025-01-26,University Ave,Pastries,Muffin,1,4.15,Cash,5.0
ORD13966,C1017,2025-01-17,Downtown,Tea,Green Tea,3,3.88,Cash,
ORD13967,C1361,2025-08-04,University Ave,Espresso Drinks,Cappuccino,2,5.45,Card,
ORD13968,C1244,2025-03-15,Downtown,Tea,Herbal Tea,1,3.54,Mobile Pay,
ORD13969,C1269,2025-12-27,Riverside,Espresso Drinks,Cappuccino,1,4.85,Card,
ORD13970,C1350,2025-02-18,University Ave,Espresso Drinks,Espresso Shot,1,5.7,Card,4.0
ORD13971,C1537,2025-12-11, Riverside ,Tea,Green Tea,2,4.55,Mobile Pay,4.0
ORD13972,C1465,2025-09-01,Downtown,Brewed Coffee,Cold Brew,1,3.08,Mobile Pay,3.0
ORD13973,C1320,2025-02-08,Riverside,Brewed Coffee,Pour Over,2,3.82,Mobile Pay,
ORD13974,C1103,2025-01-22,Riverside,Brewed Coffee,Drip Coffee,1,2.81,Mobile Pay,
ORD13975,C1594,2025-05-25,University Ave,Brewed Coffee,Cold Brew,1,3.93,Gift Card,
ORD13976,C1387,2025-05-04,Downtown,Espresso Drinks,Cappuccino,1,4.09,Cash,
ORD13977,C1591,2025-04-25,Downtown,Brewed Coffee,Pour Over,3,4.18,Card,3.0
ORD13978,C1560,2025-07-12,Riverside,Espresso Drinks,Espresso Shot,2,4.86,Card,
ORD13979,C1216,2025-02-17,Downtown,Espresso Drinks,Cappuccino,2,5.32,Cash,5.0
ORD13980,C1170,2025-02-17,University Ave,Espresso Drinks,Cappuccino,1,4.89,Card,5.0
ORD13981,C1509,2025-09-10,University Ave,Brewed Coffee,Cold Brew,2,3.63,Card,
ORD13982,C1323,2025-12-27,Downtown,Espresso Drinks,Espresso Shot,1,4.03,Mobile Pay,
ORD13983,C1212,2025-04-10,University Ave,Pastries,Croissant,3,4.34,Card,2.0
ORD13984,C1106,2025-12-06,University Ave,Food,Bagel,1,6.41,Card,
ORD13985,C1286,2025-05-06,Riverside,Tea,Green Tea,1,3.25,Cash,4.0
ORD13986,C1080,2025-05-03,Riverside,Tea,Green Tea,2,4.54,Cash,
ORD13987,C1537,2025-02-02,University Ave,Espresso Drinks,Latte,2,5.11,Card,
ORD13988,C1514,2025-06-04,Riverside,Brewed Coffee,Cold Brew,2,4.09,Card,
ORD13989,C1075,2025-07-01,University Ave,Espresso Drinks,Flat White,1,4.87,Cash,
ORD13990,C1573,2025-08-30,Riverside,Food,Breakfast Sandwich,1,8.21,Card,3.0
ORD13991,C1442,2025-02-27,Downtown,Brewed Coffee,Drip Coffee,2,4.13,Card,
ORD13992,C1573,2025-03-10,Riverside,Espresso Drinks,Cappuccino,1,5.48,Card,5.0
ORD13993,C1031,2025-06-07,Riverside,Brewed Coffee,Pour Over,1,4.02,Cash,5.0
ORD13994,C1034,2025-01-26,Downtown,Brewed Coffee,Pour Over,1,4.09,Gift Card,
ORD13995,C1121,2025-02-22,Downtown,Espresso Drinks,Latte,1,4.48,Card,
ORD13996,C1058,2025-08-17,Riverside,Espresso Drinks,Americano,1,4.45,Card,5.0
ORD13997,C1604,2025-12-14,Riverside,Espresso Drinks,Espresso Shot,1,3.82,Cash,4.0
ORD13998,C1377,2025-07-28,University Ave,Pastries,Muffin,1,2.57,Cash,3.0
ORD13999,C1247,2025-02-22,University Ave,Food,Breakfast Sandwich,2,8.45,Card,3.0
ORD14000,C1509,2025-12-27,Downtown,Tea,Chai Latte,2,3.44,Card,
ORD14001,C1024,2025-07-09, Downtown ,Espresso Drinks,Espresso Shot,1,4.33,Cash,
ORD14002,C1358,2025-09-18,Downtown,Brewed Coffee,Drip Coffee,3,3.43,Card,4.0
ORD14003,C1592,2025-03-13,University Ave,Espresso Drinks,Latte,1,5.2,Mobile Pay,
ORD14004,C1486,2025-07-30,Downtown,Espresso Drinks,Americano,1,4.66,Cash,3.0
ORD14005,C1540,2025-01-28,Downtown,Espresso Drinks,Americano,1,3.88,Card,
ORD14006,C1047,2025-08-16,University Ave,Tea,Herbal Tea,2,3.86,Cash,
ORD14007,C1604,2025-03-15,Downtown,Pastries,Scone,2,3.35,Card,4.0
ORD14008,C1035,2025-11-28,Downtown,Espresso Drinks,Espresso Shot,2,5.59,Card,
ORD14009,C1562,2025-01-20,Riverside,Espresso Drinks,Cappuccino,2,3.77,Card,
ORD14010,C1162,2025-08-26,Downtown,Pastries,Scone,1,4.11,Mobile Pay,
ORD14011,C1607,2025-02-20,Riverside,Pastries,Muffin,1,4.31,Mobile Pay,3.0
ORD14012,C1545,2025-09-08,Riverside,Espresso Drinks,Latte,2,4.89,Card,
ORD14013,C1489,2025-06-29,University Ave,Brewed Coffee,Cold Brew,1,3.32,Card,4.0
ORD14014,C1455,2025-12-19,Riverside,Espresso Drinks,Espresso Shot,3,3.92,Mobile Pay,2.0
ORD14015,C1644,2025-08-26,University Ave,Pastries,Scone,3,4.14,Mobile Pay,
ORD14016,C1214,2025-05-16,Riverside,Brewed Coffee,Pour Over,1,3.42,Mobile Pay,
ORD14017,C1623,2025-02-01,University Ave,Espresso Drinks,Espresso Shot,1,4.03,Card,
ORD14018,C1444,2025-08-05,Downtown,Espresso Drinks,Americano,1,5.34,Mobile Pay,
ORD14019,C1483,2025-06-10,Downtown,Espresso Drinks,Americano,2,4.69,Card,2.0
ORD14020,C1230,2025-01-20,University Ave,Tea,Herbal Tea,1,4.6,Card,
ORD14021,C1398,2025-07-31,Riverside,Espresso Drinks,Cappuccino,2,4.34,Mobile Pay,3.0
ORD14022,C1167,2025-03-18,University Ave,Espresso Drinks,Espresso Shot,2,4.2,Card,3.0
ORD14023,C1001,2025-03-27,University Ave,Pastries,Croissant,1,3.68,Card,
ORD14024,C1201,2025-01-04,Riverside,Food,Breakfast Sandwich,3,5.55,Mobile Pay,
ORD14025,C1241,2025-05-16,Downtown,Espresso Drinks,Flat White,1,5.0,Card,3.0
ORD14026,C1593,2025-03-21,Riverside,Brewed Coffee,Cold Brew,2,3.97,Card,4.0
ORD14027,C1521,2025-01-27,Downtown,Food,Bagel,1,6.91,Card,3.0
ORD14028,C1642,2025-06-08,University Ave,Espresso Drinks,Cappuccino,3,3.85,Mobile Pay,
ORD14029,C1374,2025-03-22,University Ave,Espresso Drinks,Flat White,1,5.09,Mobile Pay,
ORD14030,C1311,2025-02-18,University Ave,Espresso Drinks,Americano,2,4.72,Mobile Pay,2.0
ORD14031,C1642,2025-06-19,University Ave,Espresso Drinks,Cappuccino,1,5.29,Mobile Pay,4.0
ORD14032,C1466,2025-01-24,University Ave,Pastries,Muffin,1,3.12,Card,
ORD14033,C1206,2025-12-27,university ave,Brewed Coffee,Drip Coffee,1,3.3,Mobile Pay,4.0
ORD14034,C1592,2025-06-21,Riverside,Pastries,Muffin,1,3.29,Mobile Pay,
ORD14035,C1166,2025-12-29,Downtown,Pastries,Muffin,2,3.69,Mobile Pay,
ORD14036,C1347,2025-11-17,Downtown,Brewed Coffee,Drip Coffee,1,3.26,Gift Card,
ORD14037,C1371,2025-12-23,Downtown,Espresso Drinks,Latte,2,4.97,Mobile Pay,
ORD14038,C1242,2025-07-17,University Ave,Espresso Drinks,Flat White,3,4.05,Mobile Pay,
ORD14039,C1033,2025-06-04,Riverside,Espresso Drinks,Cappuccino,1,4.05,Card,
ORD14040,C1187,2025-09-20,University Ave,Pastries,Croissant,1,4.17,Cash,
ORD14041,C1632,2025-01-30,Riverside,Brewed Coffee,Pour Over,1,2.88,Mobile Pay,
ORD14042,C1017,2025-11-02,downtown,Pastries,Scone,1,3.83,Card,
ORD14043,C1260,2025-04-28,Riverside,Tea,Chai Latte,3,3.99,Card,5.0
ORD14044,C1082,2025-01-03,Downtown,Espresso Drinks,Cappuccino,2,4.32,Card,5.0
ORD14045,C1011,2025-03-28,Downtown,Espresso Drinks,Flat White,2,5.37,Card,
ORD14046,C1619,2025-03-30,Downtown,Espresso Drinks,Latte,1,5.6,Card,4.0
ORD14047,C1160,2025-01-06,university ave,Brewed Coffee,Cold Brew,1,3.38,Card,4.0
ORD14048,C1257,2025-09-01,Downtown,Brewed Coffee,Drip Coffee,2,4.22,Card,
ORD14049,C1022,2025-02-04,Downtown,Pastries,Scone,1,4.08,Card,
ORD14050,C1363,2025-11-05,Downtown,Pastries,Scone,3,3.43,Card,
ORD14051,C1166,2025-06-14,Downtown,Espresso Drinks,Latte,1,5.54,Card,
ORD14052,C1111,2025-09-19,university ave,Espresso Drinks,Flat White,1,5.53,Mobile Pay,
ORD14053,C1450,2025-05-04,Riverside,Food,Avocado Toast,1,7.85,Mobile Pay,4.0
ORD14054,C1348,2025-02-18,downtown,Pastries,Croissant,1,2.7,Card,
ORD14055,C1293,2025-03-07, Downtown ,Espresso Drinks,Flat White,3,4.65,Mobile Pay,5.0
ORD14056,C1163,2025-08-24,University Ave,Food,Breakfast Sandwich,1,7.49,Card,
ORD14057,C1629,2025-09-18,Downtown,Espresso Drinks,Latte,1,5.32,Card,
ORD14058,C1146,2025-04-08,University Ave,Brewed Coffee,Pour Over,1,2.85,Gift Card,4.0
ORD14059,C1250,2025-05-10,University Ave,Pastries,Muffin,3,4.3,Mobile Pay,
ORD14060,C1009,2025-12-10,Riverside,Brewed Coffee,Cold Brew,2,3.03,Cash,
ORD14061,C1448,2025-11-07,Downtown,Espresso Drinks,Latte,2,3.89,Mobile Pay,
ORD14062,C1580,2025-05-31,Riverside,Brewed Coffee,Pour Over,1,3.3,Card,
ORD14063,C1016,2025-03-29,University Ave,Espresso Drinks,Cappuccino,2,4.59,Cash,
ORD14064,C1461,2025-04-20,riverside,Food,Breakfast Sandwich,1,7.6,Mobile Pay,
ORD14065,C1037,2025-07-15,Riverside,Espresso Drinks,Americano,1,5.16,Gift Card,5.0
ORD14066,C1012,2025-07-26,Downtown,Brewed Coffee,Drip Coffee,2,3.3,Card,5.0
ORD14067,C1340,2025-03-09,university ave,Espresso Drinks,Flat White,2,4.43,Card,
ORD14068,C1119,2025-01-24,Downtown,Espresso Drinks,Americano,1,4.79,Card,
ORD14069,C1011,2025-06-30,University Ave,Pastries,Cinnamon Roll,2,4.26,Card,3.0
ORD14070,C1088,2025-10-18,Downtown,Pastries,Muffin,1,3.53,Mobile Pay,4.0
ORD14071,C1374,2025-02-25,Riverside,Tea,Green Tea,1,4.03,Card,5.0
ORD14072,C1398,2025-05-29,Riverside,Espresso Drinks,Espresso Shot,2,3.93,Card,
ORD14073,C1366,2025-02-28,Riverside,Espresso Drinks,Flat White,1,4.73,Card,
ORD14074,C1266,2025-03-30,Downtown,Brewed Coffee,Cold Brew,1,2.82,Gift Card,3.0
ORD14075,C1000,2025-08-11,Downtown,Pastries,Cinnamon Roll,2,2.59,Mobile Pay,5.0
ORD14076,C1075,2025-04-15,Downtown,Brewed Coffee,Cold Brew,2,2.96,Mobile Pay,
ORD14077,C1082,2025-04-07,University Ave,Tea,Chai Latte,1,3.91,Card,
ORD14078,C1252,2025-12-29,Riverside,Espresso Drinks,Espresso Shot,1,5.64,Card,5.0
ORD14079,C1280,2025-03-04,university ave,Pastries,Croissant,3,3.67,Cash,
ORD14080,C1022,2025-03-10,Riverside,Brewed Coffee,Drip Coffee,1,2.78,Card,5.0
ORD14081,C1250,2025-12-05,riverside,Food,Avocado Toast,1,8.21,Card,
ORD14082,C1606,2025-07-20,Riverside,Espresso Drinks,Flat White,1,5.27,Card,
ORD14083,C1110,2025-01-16,riverside,Espresso Drinks,Espresso Shot,2,4.79,Card,
ORD14084,C1020,2025-06-04,University Ave,Espresso Drinks,Latte,2,3.77,Mobile Pay,
ORD14085,C1133,2025-07-25,University Ave,Brewed Coffee,Cold Brew,2,3.06,Cash,
ORD14086,C1541,2025-04-03,Riverside,Espresso Drinks,Latte,1,5.21,Card,4.0
ORD14087,C1516,2025-07-19,Riverside,Brewed Coffee,Drip Coffee,1,3.27,Cash,
ORD14088,C1543,2025-08-25,Riverside,Pastries,Croissant,1,3.28,Mobile Pay,
ORD14089,C1191,2025-04-02,Riverside,Pastries,Scone,1,4.28,Cash,3.0
ORD14090,C1184,2025-10-23,Downtown,Food,Bagel,2,6.6,Mobile Pay,5.0
ORD14091,C1279,2025-06-14,University Ave,Espresso Drinks,Cappuccino,2,4.85,Card,5.0
ORD14092,C1171,2025-12-17,Riverside,Espresso Drinks,Espresso Shot,1,4.08,Card,3.0
ORD14093,C1117,2025-02-01,Downtown,Pastries,Cinnamon Roll,2,4.32,Card,3.0
ORD14094,C1230,2025-04-29,Downtown,Brewed Coffee,Drip Coffee,2,4.07,Card,
ORD14095,C1125,2025-09-20,Riverside,Espresso Drinks,Espresso Shot,1,4.09,Card,
ORD14096,C1553,2025-11-22,University Ave,Pastries,Scone,2,4.43,Card,4.0
ORD14097,C1094,2025-03-22,Downtown,Espresso Drinks,Latte,3,5.39,Gift Card,4.0
ORD14098,C1152,2025-12-23,Downtown,Pastries,Scone,1,3.53,Mobile Pay,
ORD14099,C1634,2025-03-12,University Ave,Espresso Drinks,Cappuccino,2,5.68,Mobile Pay,
ORD14100,C1140,2025-06-01,Riverside,Pastries,Muffin,2,2.64,Card,
ORD14101,C1618,2025-04-25,Downtown,Espresso Drinks,Espresso Shot,1,5.4,Card,
ORD14102,C1045,2025-06-04,Riverside,Espresso Drinks,Americano,2,4.99,Mobile Pay,4.0
ORD14103,C1155,2025-11-25,University Ave,Tea,Herbal Tea,1,3.87,Mobile Pay,
ORD14104,C1011,2025-09-24,downtown,Espresso Drinks,Americano,1,3.84,Mobile Pay,
ORD14105,C1379,2025-10-17,Downtown,Brewed Coffee,Cold Brew,1,3.98,Card,3.0
ORD14106,C1231,2025-04-03,Riverside,Pastries,Muffin,1,3.47,Mobile Pay,5.0
ORD14107,C1514,2025-12-11,Riverside,Espresso Drinks,Flat White,2,4.36,Card,
ORD14108,C1173,2025-06-08,University Ave,Espresso Drinks,Cappuccino,2,4.58,Card,
ORD14109,C1526,2025-08-26,Riverside,Espresso Drinks,Latte,2,4.52,Card,
ORD14110,C1077,2025-09-11,University Ave,Tea,Chai Latte,1,3.89,Gift Card,
ORD14111,C1599,2025-08-30,University Ave,Espresso Drinks,Flat White,2,4.16,Mobile Pay,
ORD14112,C1363,2025-08-08,Downtown,Espresso Drinks,Cappuccino,1,4.12,Card,
ORD14113,C1137,2025-06-24,Downtown,Espresso Drinks,Americano,1,5.16,Card,
ORD14114,C1158,2025-08-24,Downtown,Pastries,Muffin,3,3.55,Card,
ORD14115,C1329,2025-11-26,University Ave,Brewed Coffee,Cold Brew,1,4.08,Cash,
ORD14116,C1422,2025-05-22,Downtown,Pastries,Croissant,1,3.96,Card,3.0
ORD14117,C1439,2025-07-05,University Ave,Tea,Green Tea,1,4.08,Mobile Pay,
ORD14118,C1357,2025-03-07,Riverside,Brewed Coffee,Cold Brew,1,4.2,Mobile Pay,2.0
ORD14119,C1027,2025-05-10,Riverside,Tea,Green Tea,2,4.28,Mobile Pay,3.0
ORD14120,C1509,2025-10-09,University Ave,Brewed Coffee,Pour Over,1,4.02,Mobile Pay,
ORD14121,C1390,2025-08-22,Riverside,Espresso Drinks,Americano,2,4.4,Mobile Pay,
ORD14122,C1603,2025-03-18,Downtown,Espresso Drinks,Cappuccino,1,5.1,Mobile Pay,
ORD14123,C1547,2025-07-18,riverside,Espresso Drinks,Flat White,1,3.83,Card,3.0
ORD14124,C1309,2025-10-23,University Ave,Espresso Drinks,Latte,2,4.25,Card,4.0
ORD14125,C1499,2025-02-15,Riverside,Espresso Drinks,Espresso Shot,1,5.72,Card,5.0
ORD14126,C1568,2025-01-23,Downtown,Tea,Green Tea,2,4.58,Gift Card,5.0
ORD14127,C1046,2025-05-23,University Ave,Brewed Coffee,Cold Brew,2,4.13,Gift Card,4.0
ORD14128,C1561,2025-08-27,Riverside,Brewed Coffee,Pour Over,3,3.42,Card,5.0
ORD14129,C1027,2025-04-25, downtown ,Brewed Coffee,Cold Brew,1,3.57,Cash,4.0
ORD14130,C1273,2025-10-26,Riverside,Pastries,Croissant,1,4.2,Card,4.0
ORD14131,C1493,2025-11-05,Riverside,Pastries,Muffin,1,3.3,Card,3.0
ORD14132,C1252,2025-07-13,Downtown,Food,Breakfast Sandwich,1,6.37,Card,
ORD14133,C1364,2025-05-18,University Ave,Brewed Coffee,Cold Brew,2,3.12,Card,
ORD14134,C1132,2025-01-16,Riverside,Food,Bagel,3,6.91,Mobile Pay,
ORD14135,C1615,2025-10-27,Riverside,Food,Avocado Toast,2,7.2,Card,5.0
ORD14136,C1618,2025-11-22,University Ave,Espresso Drinks,Americano,2,4.17,Mobile Pay,
ORD14137,C1212,2025-06-11,Riverside,Pastries,Muffin,2,4.46,Card,
ORD14138,C1438,2025-07-07,University Ave,Brewed Coffee,Pour Over,1,3.23,Mobile Pay,5.0
ORD14139,C1105,2025-10-02,Downtown,Pastries,Muffin,1,4.13,Card,
ORD14140,C1617,2025-09-11,Downtown,Pastries,Muffin,2,3.49,Cash,4.0
ORD14141,C1191,2025-02-19,Riverside,Food,Avocado Toast,1,7.26,Card,
ORD14142,C1508,2025-09-02,Riverside,Tea,Green Tea,2,4.1,Mobile Pay,4.0
ORD14143,C1619,2025-12-03,Riverside,Pastries,Scone,2,2.91,Mobile Pay,5.0
ORD14144,C1480,2025-10-01,Downtown,Espresso Drinks,Flat White,2,5.7,Mobile Pay,4.0
ORD14145,C1091,2025-06-24,Riverside,Brewed Coffee,Cold Brew,1,3.15,Card,
ORD14146,C1008,2025-07-10,Riverside,Pastries,Muffin,1,4.35,Mobile Pay,4.0
ORD14147,C1057,2025-04-05,University Ave,Pastries,Muffin,2,2.85,Card,4.0
ORD14148,C1394,2025-08-29,University Ave,Brewed Coffee,Cold Brew,1,3.4,Card,
ORD14149,C1262,2025-03-29,Riverside,Pastries,Muffin,1,3.3,Card,
ORD14150,C1395,2025-05-05,Riverside,Pastries,Scone,1,3.74,Card,
ORD14151,C1352,2025-04-07,University Ave,Espresso Drinks,Flat White,1,4.92,Cash,4.0
ORD14152,C1115,2025-05-03,Downtown,Brewed Coffee,Pour Over,1,3.14,Mobile Pay,
ORD14153,C1510,2025-05-14,Downtown,Pastries,Muffin,2,2.87,Gift Card,
ORD14154,C1617,2025-01-31,University Ave,Pastries,Cinnamon Roll,3,2.78,Cash,
ORD14155,C1303,2025-09-19,Riverside,Espresso Drinks,Espresso Shot,1,3.8,Card,
ORD14156,C1420,2025-06-10,Downtown,Pastries,Scone,1,3.64,Card,5.0
ORD14157,C1529,2025-12-12,University Ave,Tea,Green Tea,2,3.73,Mobile Pay,
ORD14158,C1376,2025-03-07,University Ave,Pastries,Muffin,1,2.88,Mobile Pay,3.0
ORD14159,C1528,2025-09-01,Riverside,Espresso Drinks,Flat White,1,4.81,Card,3.0
ORD14160,C1569,2025-03-07,Riverside,Pastries,Cinnamon Roll,1,3.85,Gift Card,
ORD14161,C1001,2025-07-19,Riverside,Brewed Coffee,Drip Coffee,1,3.86,Cash,
ORD14162,C1022,2025-06-28,Downtown,Brewed Coffee,Pour Over,1,3.05,Card,4.0
ORD14163,C1633,2025-06-13,Riverside,Brewed Coffee,Pour Over,3,3.7,Gift Card,
ORD14164,C1403,2025-08-27,University Ave,Espresso Drinks,Flat White,2,3.91,Card,
ORD14165,C1149,2025-10-29,University Ave,Espresso Drinks,Cappuccino,1,4.06,Card,
ORD14166,C1237,2025-04-26,University Ave,Pastries,Scone,3,2.84,Card,
ORD14167,C1129,2025-11-06,University Ave,Food,Avocado Toast,3,6.92,Cash,
ORD14168,C1208,2025-03-09,University Ave,Espresso Drinks,Cappuccino,2,5.62,Card,
ORD14169,C1193,2025-04-17,Downtown,Pastries,Cinnamon Roll,2,3.01,Gift Card,5.0
ORD14170,C1106,2025-04-24,Downtown,Tea,Chai Latte,1,3.45,Card,2.0
ORD14171,C1277,2025-12-14,University Ave,Espresso Drinks,Espresso Shot,2,3.75,Cash,
ORD14172,C1239,2025-02-13,Downtown,Pastries,Scone,3,3.52,Card,4.0
ORD14173,C1627,2025-05-24,Downtown,Espresso Drinks,Flat White,1,5.09,Mobile Pay,
ORD14174,C1209,2025-06-04,University Ave,Espresso Drinks,Americano,2,5.29,Cash,
ORD14175,C1335,2025-10-19,University Ave,Espresso Drinks,Flat White,1,4.8,Mobile Pay,4.0
ORD14176,C1466,2025-06-26,University Ave,Food,Breakfast Sandwich,2,6.7,Gift Card,5.0
ORD14177,C1581,2025-12-18,Riverside,Pastries,Cinnamon Roll,2,3.81,Card,3.0
ORD14178,C1224,2025-09-27,University Ave,Pastries,Muffin,1,3.27,Mobile Pay,5.0
ORD14179,C1191,2025-09-14,downtown,Food,Bagel,2,5.89,Cash,4.0
ORD14180,C1521,2025-10-02,University Ave,Brewed Coffee,Pour Over,1,3.0,Card,4.0
ORD14181,C1320,2025-02-28,Downtown,Food,Bagel,2,7.89,Cash,3.0
ORD14182,C1204,2025-06-13,Downtown,Brewed Coffee,Drip Coffee,1,3.55,Cash,
ORD14183,C1294,2025-08-02,Downtown,Espresso Drinks,Cappuccino,1,4.97,Card,
ORD14184,C1292,2025-03-17,Riverside,Espresso Drinks,Espresso Shot,3,5.54,Mobile Pay,3.0
ORD14185,C1203,2025-02-13,University Ave,Pastries,Cinnamon Roll,1,3.43,Mobile Pay,5.0
ORD14186,C1059,2025-02-19,Downtown,Brewed Coffee,Pour Over,2,3.53,Card,
ORD14187,C1567,2025-10-15,Riverside,Food,Avocado Toast,2,7.14,Mobile Pay,
ORD14188,C1495,2025-08-28,University Ave,Tea,Green Tea,3,3.51,Card,
ORD14189,C1222,2025-04-13,Riverside,Espresso Drinks,Latte,1,5.05,Gift Card,
ORD14190,C1537,2025-09-26,University Ave,Brewed Coffee,Cold Brew,2,3.72,Card,
ORD14191,C1189,2025-09-11,Riverside,Tea,Chai Latte,1,4.61,Cash,
ORD14192,C1215,2025-10-25,University Ave,Espresso Drinks,Latte,1,3.84,Card,
ORD14193,C1185,2025-11-28,Downtown,Espresso Drinks,Americano,1,5.75,Mobile Pay,4.0
ORD14194,C1642,2025-11-18,Downtown,Espresso Drinks,Flat White,2,4.94,Mobile Pay,4.0
ORD14195,C1174,2025-03-07,Riverside,Tea,Chai Latte,2,4.02,Card,
ORD14196,C1129,2025-10-08,University Ave,Brewed Coffee,Cold Brew,2,3.51,Card,
ORD14197,C1198,2025-05-24,Riverside,Espresso Drinks,Espresso Shot,1,4.48,Card,5.0
ORD14198,C1537,2025-05-27,University Ave,Espresso Drinks,Latte,1,5.03,Mobile Pay,4.0
ORD14199,C1315,2025-08-24,Riverside,Brewed Coffee,Pour Over,3,3.33,Card,
ORD14200,C1101,2025-08-08,Riverside,Espresso Drinks,Latte,1,4.71,Mobile Pay,
ORD14201,C1267,2025-06-02,Downtown,Espresso Drinks,Cappuccino,3,5.61,Mobile Pay,
ORD14202,C1247,2025-12-30,Riverside,Pastries,Scone,1,2.86,Card,4.0
ORD14203,C1088,2025-03-05,Riverside,Espresso Drinks,Cappuccino,1,4.77,Card,5.0
ORD14204,C1409,2025-02-05,University Ave,Tea,Green Tea,0,4.62,Mobile Pay,
ORD14205,C1063,2025-01-11,Downtown,Espresso Drinks,Espresso Shot,1,4.64,Card,2.0
ORD14206,C1593,2025-10-24,Downtown,Brewed Coffee,Pour Over,3,3.29,Cash,
ORD14207,C1455,2025-05-29,Riverside,Food,Breakfast Sandwich,1,6.78,Card,4.0
ORD14208,C1557,2025-06-09,University Ave,Espresso Drinks,Americano,2,4.06,Card,5.0
ORD14209,C1500,2025-08-25,Downtown,Espresso Drinks,Latte,1,5.23,Cash,3.0
ORD14210,C1335,2025-06-08,University Ave,Food,Avocado Toast,1,8.37,Mobile Pay,4.0
ORD14211,C1408,2025-07-28,Downtown,Espresso Drinks,Cappuccino,1,4.41,Card,4.0
ORD14212,C1434,2025-01-22,Downtown,Espresso Drinks,Espresso Shot,1,5.08,Mobile Pay,
ORD14213,C1143,2025-02-26,Downtown,Espresso Drinks,Espresso Shot,1,4.04,Card,
ORD14214,C1162,2025-12-06,University Ave,Espresso Drinks,Americano,1,5.63,Mobile Pay,5.0
ORD14215,C1550,2025-06-14,Riverside,Espresso Drinks,Americano,1,4.54,Card,
ORD14216,C1335,2025-03-02,Riverside,Espresso Drinks,Latte,1,4.75,Cash,
ORD14217,C1025,2025-05-15,Downtown,Pastries,Cinnamon Roll,1,4.18,Card,
ORD14218,C1006,2025-05-02,Downtown,Espresso Drinks,Cappuccino,1,5.69,Card,
ORD14219,C1459,2025-04-10,Riverside,Espresso Drinks,Flat White,1,5.25,Card,5.0
ORD14220,C1422,2025-04-17,Downtown,Espresso Drinks,Latte,1,5.7,Card,5.0
ORD14221,C1642,2025-09-23,Riverside,Espresso Drinks,Espresso Shot,2,3.9,Card,5.0
ORD14222,C1487,2025-02-08,Riverside,Pastries,Cinnamon Roll,3,3.35,Mobile Pay,
ORD14223,C1131,2025-04-23,Riverside,Tea,Chai Latte,3,4.61,Card,5.0
ORD14224,C1271,2025-06-20,Riverside,Espresso Drinks,Flat White,1,4.16,Card,
ORD14225,C1368,2025-07-16,Riverside,Tea,Chai Latte,1,4.59,Gift Card,
ORD14226,C1266,2025-11-17,University Ave,Brewed Coffee,Pour Over,1,4.03,Mobile Pay,
ORD14227,C1616,2025-12-03,Downtown,Espresso Drinks,Espresso Shot,1,4.08,Card,
ORD14228,C1492,2025-04-19,Riverside,Tea,Herbal Tea,1,4.29,Mobile Pay,3.0
ORD14229,C1036,2025-07-16,University Ave,Pastries,Croissant,1,3.4,Card,4.0
ORD14230,C1638,2025-01-09,University Ave,Tea,Green Tea,3,4.4,Mobile Pay,3.0
ORD14231,C1169,2025-08-13,University Ave,Pastries,Scone,1,4.3,Cash,3.0
ORD14232,C1367,2025-02-25,University Ave,Espresso Drinks,Cappuccino,1,4.44,Mobile Pay,3.0
ORD14233,C1280,2025-01-27,Downtown,Brewed Coffee,Cold Brew,1,2.84,Cash,3.0
ORD14234,C1139,2025-09-02,Riverside,Espresso Drinks,Cappuccino,1,3.85,Card,
ORD14235,C1042,2025-03-06,downtown,Food,Breakfast Sandwich,1,7.65,Card,
ORD14236,C1254,2025-06-23,University Ave,Food,Avocado Toast,2,5.95,Gift Card,5.0
ORD14237,C1407,2025-02-06,Downtown,Tea,Herbal Tea,3,3.52,Gift Card,
ORD14238,C1256,2025-09-29,Riverside,Pastries,Cinnamon Roll,1,3.35,Card,
ORD14239,C1300,2025-10-06,University Ave,Tea,Green Tea,2,3.86,Card,
ORD14240,C1077,2025-07-29,Riverside,Pastries,Croissant,1,3.85,Mobile Pay,
ORD14241,C1268,2025-11-01,Downtown,Espresso Drinks,Cappuccino,1,4.2,Card,
ORD14242,C1334,2025-06-08,Riverside,Espresso Drinks,Cappuccino,1,5.05,Card,5.0
ORD14243,C1315,2025-03-09,Downtown,Brewed Coffee,Cold Brew,1,3.59,Card,
ORD14244,C1593,2025-02-25,Downtown,Brewed Coffee,Drip Coffee,1,3.02,Mobile Pay,3.0
ORD14245,C1595,2025-03-21,University Ave,Espresso Drinks,Flat White,2,5.46,Card,
ORD14246,C1033,2025-03-14,Downtown,Espresso Drinks,Espresso Shot,2,4.76,Gift Card,5.0
ORD14247,C1394,2025-04-28,Riverside,Food,Breakfast Sandwich,2,7.74,Card,4.0
ORD14248,C1021,2025-03-20,Riverside,Brewed Coffee,Pour Over,1,4.24,Mobile Pay,
ORD14249,C1094,2025-08-04,Downtown,Espresso Drinks,Flat White,2,5.48,Mobile Pay,
ORD14250,C1344,2025-02-24, University Ave ,Espresso Drinks,Espresso Shot,1,4.58,Gift Card,
ORD14251,C1401,2025-08-15,riverside,Espresso Drinks,Latte,1,5.54,Card,
ORD14252,C1199,2025-05-02,Downtown,Espresso Drinks,Flat White,1,5.13,Mobile Pay,5.0
ORD14253,C1471,2025-09-07,University Ave,Tea,Herbal Tea,2,4.52,Mobile Pay,
ORD14254,C1499,2025-07-06,University Ave,Pastries,Scone,2,3.13,Cash,
ORD14255,C1175,2025-11-26,Riverside,Pastries,Scone,2,3.89,Cash,4.0
ORD14256,C1107,2025-06-10,Downtown,Brewed Coffee,Pour Over,1,3.63,Card,5.0
ORD14257,C1595,2025-04-18,Riverside,Espresso Drinks,Espresso Shot,2,5.44,Card,2.0
ORD14258,C1601,2025-08-03,University Ave,Pastries,Scone,2,2.82,Cash,
ORD14259,C1085,2025-08-28,Downtown,Tea,Chai Latte,3,4.56,Card,
ORD14260,C1465,2025-06-09,University Ave,Pastries,Scone,2,3.26,Cash,
ORD14261,C1611,2025-07-23,University Ave,Pastries,Croissant,1,3.8,Cash,
ORD14262,C1522,2025-06-21,university ave,Pastries,Scone,1,4.11,Cash,5.0
ORD14263,C1447,2025-04-22,Riverside,Tea,Herbal Tea,2,4.24,Cash,
ORD14264,C1536,2025-04-25,Riverside,Food,Bagel,1,7.3,Mobile Pay,5.0
ORD14265,C1130,2025-11-27, Downtown ,Espresso Drinks,Espresso Shot,2,4.45,Card,
ORD14266,C1357,2025-09-03,Downtown,Pastries,Muffin,1,2.76,Mobile Pay,
ORD14267,C1575,2025-02-04,University Ave,Pastries,Cinnamon Roll,2,2.91,Card,
ORD14268,C1609,2025-12-17,Downtown,Espresso Drinks,Espresso Shot,3,4.02,Cash,4.0
ORD14269,C1571,2025-09-17,Riverside,Food,Bagel,2,7.06,Cash,4.0
ORD14270,C1082,2025-01-19,Downtown,Brewed Coffee,Pour Over,2,2.88,Card,3.0
ORD14271,C1641,2025-09-22,university ave,Tea,Green Tea,1,3.79,Cash,
ORD14272,C1030,2025-08-03,Riverside,Brewed Coffee,Cold Brew,1,3.43,Card,
ORD14273,C1377,2025-11-30,Downtown,Brewed Coffee,Drip Coffee,1,3.62,Cash,
ORD14274,C1145,2025-06-28,University Ave,Tea,Green Tea,3,3.3,Card,
ORD14275,C1331,2025-07-08,University Ave,Pastries,Muffin,1,3.41,Mobile Pay,5.0
ORD14276,C1618,2025-04-25,Downtown,Food,Avocado Toast,1,8.24,Mobile Pay,
ORD14277,C1562,2025-04-28,Downtown,Espresso Drinks,Americano,2,4.01,Card,
ORD14278,C1601,2025-08-13,University Ave,Brewed Coffee,Cold Brew,1,3.02,Mobile Pay,3.0
ORD14279,C1167,2025-10-29,Downtown,Espresso Drinks,Flat White,1,5.46,Cash,5.0
ORD14280,C1545,2025-11-21,Riverside,Brewed Coffee,Pour Over,1,3.33,Card,2.0
ORD14281,C1439,2025-10-08,Downtown,Food,Avocado Toast,2,6.77,Card,
ORD14282,C1435,2025-08-10,Downtown,Food,Breakfast Sandwich,1,8.01,Mobile Pay,3.0
ORD14283,C1568,2025-07-02,university ave,Espresso Drinks,Latte,2,3.99,Card,5.0
ORD14284,C1197,2025-05-04,Downtown,Espresso Drinks,Cappuccino,1,3.9,Card,
ORD14285,C1607,2025-10-07,Downtown,Brewed Coffee,Drip Coffee,3,4.02,Mobile Pay,
ORD14286,C1182,2025-04-26,Downtown,Food,Bagel,2,7.98,Card,4.0
ORD14287,C1126,2025-04-08,Riverside,Espresso Drinks,Flat White,1,4.28,Card,4.0
ORD14288,C1397,2025-11-12,University Ave,Brewed Coffee,Cold Brew,1,3.37,Card,
ORD14289,C1609,2025-08-03,Downtown,Pastries,Croissant,1,3.37,Gift Card,4.0
ORD14290,C1532,2025-05-09,University Ave,Espresso Drinks,Americano,1,4.76,Card,5.0
ORD14291,C1220,2025-11-11,Riverside,Brewed Coffee,Pour Over,2,2.91,Card,4.0
ORD14292,C1174,2025-12-17,Downtown,Brewed Coffee,Cold Brew,3,3.05,Mobile Pay,2.0
ORD14293,C1604,2025-04-26,Riverside,Brewed Coffee,Pour Over,1,4.0,Card,4.0
ORD14294,C1491,2025-07-09,Downtown,Espresso Drinks,Espresso Shot,1,3.81,Card,
ORD14295,C1021,2025-06-26,Downtown,Brewed Coffee,Pour Over,2,2.87,Card,
ORD14296,C1379,2025-09-13,Riverside,Espresso Drinks,Espresso Shot,2,4.84,Card,1.0
ORD14297,C1174,2025-12-13,Downtown,Food,Breakfast Sandwich,2,6.37,Mobile Pay,
ORD14298,C1360,2025-07-19,Downtown,Tea,Green Tea,3,3.6,Card,
ORD14299,C1067,2025-10-18,University Ave,Food,Avocado Toast,1,6.41,Mobile Pay,
ORD14300,C1214,2025-08-05,University Ave,Espresso Drinks,Cappuccino,2,5.59,Mobile Pay,
ORD14301,C1456,2025-11-19,riverside,Pastries,Croissant,1,3.36,Mobile Pay,
ORD14302,C1618,2025-05-28,University Ave,Pastries,Cinnamon Roll,2,2.66,Cash,4.0
ORD14303,C1497,2025-05-21,Riverside,Pastries,Croissant,1,2.78,Card,
ORD14304,C1616,2025-06-03,Downtown,Espresso Drinks,Cappuccino,2,4.83,Cash,
ORD14305,C1010,2025-12-29,Riverside,Espresso Drinks,Latte,3,5.58,Card,
ORD14306,C1048,2025-08-11,Downtown,Espresso Drinks,Latte,1,4.58,Card,
ORD14307,C1165,2025-02-25,Riverside,Espresso Drinks,Latte,2,5.29,Card,
ORD14308,C1439,2025-01-15,Riverside,Espresso Drinks,Espresso Shot,1,4.3,Mobile Pay,4.0
ORD14309,C1604,2025-07-08,Riverside,Tea,Chai Latte,3,4.32,Card,
ORD14310,C1006,2025-10-21,Riverside,Espresso Drinks,Espresso Shot,3,4.18,Cash,1.0
ORD14311,C1319,2025-06-24,Downtown,Tea,Green Tea,1,3.49,Card,4.0
ORD14312,C1499,2025-07-23,Downtown,Food,Avocado Toast,1,6.13,Mobile Pay,4.0
ORD14313,C1447,2025-10-18,University Ave,Espresso Drinks,Latte,3,3.78,Cash,
ORD14314,C1248,2025-07-07,Downtown,Brewed Coffee,Pour Over,1,3.71,Card,5.0
ORD14315,C1587,2025-11-27,Riverside,Espresso Drinks,Americano,1,4.32,Card,4.0
ORD14316,C1649,2025-08-21,Downtown,Food,Breakfast Sandwich,2,5.74,Card,
ORD14317,C1367,2025-09-24,Riverside,Brewed Coffee,Drip Coffee,1,3.39,Cash,5.0
ORD14318,C1505,2025-10-12,Downtown,Espresso Drinks,Latte,2,4.47,Mobile Pay,3.0
ORD14319,C1368,2025-08-17,University Ave,Espresso Drinks,Americano,1,5.11,Card,4.0
ORD14320,C1330,2025-01-19,Downtown,Espresso Drinks,Americano,3,4.71,Card,3.0
ORD14321,C1559,2025-06-05,Downtown,Tea,Chai Latte,2,3.56,Mobile Pay,
ORD14322,C1569,2025-02-21,University Ave,Brewed Coffee,Drip Coffee,1,3.68,Card,
ORD14323,C1423,2025-07-05,Riverside,Tea,Chai Latte,2,3.97,Card,5.0
ORD14324,C1564,2025-02-22,Downtown,Brewed Coffee,Drip Coffee,3,3.83,Cash,5.0
ORD14325,C1482,2025-07-05,University Ave,Espresso Drinks,Americano,1,5.09,Card,
ORD14326,C1185,2025-05-06,Downtown,Pastries,Muffin,2,3.6,Cash,
ORD14327,C1459,2025-01-08,Riverside,Tea,Herbal Tea,3,3.36,Mobile Pay,4.0
ORD14328,C1156,2025-02-15,Downtown,Tea,Green Tea,2,4.5,Mobile Pay,
ORD14329,C1006,2025-07-03,Riverside,Espresso Drinks,Cappuccino,2,5.25,Cash,4.0
ORD14330,C1404,2025-01-29,University Ave,Tea,Green Tea,2,3.78,Mobile Pay,
ORD14331,C1194,2025-11-08,Downtown,Pastries,Scone,2,3.16,Card,
ORD14332,C1062,2025-10-04,University Ave,Brewed Coffee,Pour Over,1,3.82,Card,3.0
ORD14333,C1169,2025-09-16,Downtown,Brewed Coffee,Drip Coffee,2,3.92,Mobile Pay,5.0
ORD14334,C1590,2025-03-04,Riverside,Brewed Coffee,Pour Over,2,3.3,Mobile Pay,4.0
ORD14335,C1428,2025-10-17,University Ave,Pastries,Scone,2,3.1,Gift Card,4.0
ORD14336,C1380,2025-08-20,Riverside,Pastries,Croissant,2,3.81,Mobile Pay,
ORD14337,C1593,2025-05-23,University Ave,Food,Bagel,1,7.04,Card,4.0
ORD14338,C1524,2025-01-01,Downtown,Espresso Drinks,Latte,2,3.9,Card,4.0
ORD14339,C1230,2025-07-12,Riverside,Espresso Drinks,Americano,1,5.54,Mobile Pay,
ORD14340,C1060,2025-10-17,Riverside,Espresso Drinks,Espresso Shot,1,5.6,Mobile Pay,
ORD14341,C1372,2025-01-13, Downtown ,Espresso Drinks,Latte,1,5.21,Mobile Pay,3.0
ORD14342,C1263,2025-01-20, Downtown ,Pastries,Cinnamon Roll,1,2.7,Mobile Pay,
ORD14343,C1192,2025-05-20,University Ave,Espresso Drinks,Cappuccino,1,4.78,Mobile Pay,5.0
ORD14344,C1494,2025-07-06,Downtown,Pastries,Scone,1,2.55,Card,
ORD14345,C1019,2025-06-22,riverside,Espresso Drinks,Latte,1,5.38,Mobile Pay,
ORD14346,C1183,2025-06-05,Downtown,Espresso Drinks,Cappuccino,1,5.11,Card,
ORD14347,C1245,2025-04-03,Downtown,Espresso Drinks,Americano,1,4.46,Cash,
ORD14348,C1346,2025-01-22,Downtown,Brewed Coffee,Drip Coffee,1,3.88,Card,
ORD14349,C1131,2025-01-12,Downtown,Espresso Drinks,Cappuccino,1,4.36,Card,2.0
ORD14350,C1573,2025-02-05,Downtown,Pastries,Scone,2,3.45,Mobile Pay,
ORD14351,C1621,2025-09-09,Riverside,Espresso Drinks,Flat White,1,5.13,Gift Card,
ORD14352,C1399,2025-10-14,University Ave,Food,Avocado Toast,2,6.39,Card,
ORD14353,C1156,2025-06-08,Riverside,Brewed Coffee,Pour Over,1,3.51,Card,5.0
ORD14354,C1426,2025-01-29,Riverside,Espresso Drinks,Flat White,1,4.11,Card,
ORD14355,C1519,2025-06-01,University Ave,Espresso Drinks,Americano,2,4.43,Mobile Pay,
ORD14356,C1007,2025-12-25,Riverside,Tea,Herbal Tea,1,4.18,Cash,4.0
ORD14357,C1234,2025-04-01,Downtown,Pastries,Croissant,2,2.55,Mobile Pay,2.0
ORD14358,C1620,2025-06-28,Downtown,Pastries,Scone,1,4.38,Gift Card,3.0
ORD14359,C1574,2025-07-15,Downtown,Brewed Coffee,Cold Brew,1,3.39,Mobile Pay,
ORD14360,C1111,2025-05-01,Riverside,Espresso Drinks,Latte,2,4.82,Card,
ORD14361,C1154,2025-06-09,Riverside,Pastries,Muffin,2,4.17,Cash,3.0
ORD14362,C1128,2025-06-21,Riverside,Brewed Coffee,Cold Brew,2,3.66,Cash,
ORD14363,C1152,2025-06-22,Riverside,Food,Avocado Toast,1,5.77,Mobile Pay,4.0
ORD14364,C1604,2025-09-19,university ave,Espresso Drinks,Americano,2,3.93,Card,
ORD14365,C1321,2025-07-31,Downtown,Brewed Coffee,Pour Over,3,3.1,Gift Card,3.0
ORD14366,C1241,2025-01-20,Downtown,Brewed Coffee,Cold Brew,1,3.86,Cash,
ORD14367,C1526,2025-01-03,Riverside,Tea,Herbal Tea,1,3.55,Mobile Pay,
ORD14368,C1334,2025-05-30,Riverside,Espresso Drinks,Latte,1,5.52,Card,
ORD14369,C1378,2025-11-27,Downtown,Food,Avocado Toast,1,6.87,Mobile Pay,5.0
ORD14370,C1535,2025-01-14,University Ave,Brewed Coffee,Pour Over,2,3.46,Card,
ORD14371,C1130,2025-01-26,Riverside,Pastries,Croissant,3,3.89,Card,5.0
ORD14372,C1209,2025-09-05, Downtown ,Brewed Coffee,Cold Brew,1,2.98,Card,4.0
ORD14373,C1535,2025-06-14,Riverside,Espresso Drinks,Flat White,1,4.59,Card,
ORD14374,C1105,2025-03-25,Riverside,Tea,Green Tea,1,4.11,Mobile Pay,
ORD14375,C1626,2025-03-17,Downtown,Food,Avocado Toast,1,8.39,Mobile Pay,
ORD14376,C1135,2025-08-31,Riverside,Food,Avocado Toast,2,7.26,Mobile Pay,
ORD14377,C1364,2025-07-10,Downtown,Brewed Coffee,Pour Over,1,4.0,Mobile Pay,3.0
ORD14378,C1389,2025-08-21,Downtown,Brewed Coffee,Drip Coffee,2,3.01,Card,
ORD14379,C1072,2025-04-13,Downtown,Espresso Drinks,Americano,1,4.76,Gift Card,
ORD14380,C1403,2025-07-11,University Ave,Espresso Drinks,Flat White,1,5.61,Card,
ORD14381,C1288,2025-11-10,University Ave,Espresso Drinks,Espresso Shot,3,5.73,Card,
ORD14382,C1454,2025-04-26,Downtown,Brewed Coffee,Pour Over,1,4.11,Card,4.0
ORD14383,C1527,2025-05-25,Riverside,Food,Avocado Toast,1,7.59,Cash,4.0
ORD14384,C1410,2025-03-01,Downtown,Tea,Chai Latte,2,4.67,Mobile Pay,
ORD14385,C1290,2025-08-21,Downtown,Espresso Drinks,Flat White,1,5.71,Mobile Pay,
ORD14386,C1289,2025-01-12,Downtown,Pastries,Croissant,3,3.88,Mobile Pay,
ORD14387,C1301,2025-04-01,Downtown,Brewed Coffee,Drip Coffee,1,3.76,Mobile Pay,
ORD14388,C1485,2025-09-17,University Ave,Espresso Drinks,Espresso Shot,3,5.14,Mobile Pay,
ORD14389,C1283,2025-01-08,Riverside,Brewed Coffee,Pour Over,1,3.9,Card,
ORD14390,C1593,2025-12-27, Riverside ,Espresso Drinks,Flat White,1,3.76,Mobile Pay,4.0
ORD14391,C1100,2025-05-28,Riverside,Food,Bagel,1,7.34,Card,
ORD14392,C1436,2025-05-26,Downtown,Pastries,Scone,1,3.69,Card,4.0
ORD14393,C1608,2025-07-15,Riverside,Brewed Coffee,Cold Brew,1,3.96,Card,3.0
ORD14394,C1645,2025-08-21,Riverside,Espresso Drinks,Cappuccino,1,4.92,Card,
ORD14395,C1282,2025-06-17,University Ave,Espresso Drinks,Cappuccino,1,5.67,Cash,
ORD14396,C1033,2025-11-18,Riverside,Food,Avocado Toast,1,6.26,Cash,
ORD14397,C1391,2025-12-17,University Ave,Brewed Coffee,Cold Brew,1,2.97,Mobile Pay,
ORD14398,C1463,2025-03-14,Riverside,Brewed Coffee,Pour Over,2,3.23,Cash,
ORD14399,C1289,2025-09-15,University Ave,Pastries,Scone,3,2.79,Mobile Pay,3.0
ORD14400,C1026,2025-04-20,Downtown,Espresso Drinks,Cappuccino,1,4.63,Cash,2.0
ORD14401,C1092,2025-12-29,University Ave,Pastries,Muffin,2,2.66,Cash,5.0
ORD14402,C1401,2025-04-03,Downtown,Brewed Coffee,Cold Brew,2,2.9,Cash,
ORD14403,C1013,2025-04-18,Downtown,Espresso Drinks,Espresso Shot,2,4.01,Cash,4.0
ORD14404,C1295,2025-09-17,Riverside,Espresso Drinks,Americano,1,5.46,Card,
ORD14405,C1259,2025-10-15,Downtown,Tea,Herbal Tea,3,3.64,Card,5.0
ORD14406,C1130,2025-02-16,University Ave,Tea,Chai Latte,1,4.42,Card,3.0
ORD14407,C1356,2025-07-22,University Ave,Tea,Herbal Tea,2,4.28,Card,
ORD14408,C1435,2025-05-06,University Ave,Food,Bagel,2,7.29,Card,5.0
ORD14409,C1308,2025-08-11,University Ave,Food,Avocado Toast,2,5.89,Mobile Pay,5.0
ORD14410,C1376,2025-07-22,riverside,Pastries,Muffin,2,3.93,Card,
ORD14411,C1334,2025-12-25,Downtown,Pastries,Muffin,1,3.7,Card,4.0
ORD14412,C1647,2025-12-06,Downtown,Espresso Drinks,Americano,1,4.99,Mobile Pay,
ORD14413,C1474,2025-08-27,Downtown,Brewed Coffee,Cold Brew,1,3.29,Card,
ORD14414,C1523,2025-09-05,University Ave,Food,Breakfast Sandwich,3,7.48,Mobile Pay,
ORD14415,C1264,2025-11-24,Riverside,Espresso Drinks,Latte,2,5.04,Card,4.0
ORD14416,C1517,2025-03-08,university ave,Espresso Drinks,Cappuccino,1,5.37,Gift Card,
ORD14417,C1266,2025-09-22,Downtown,Food,Bagel,1,6.04,Gift Card,4.0
ORD14418,C1260,2025-10-09,Riverside,Pastries,Cinnamon Roll,1,2.51,Card,
ORD14419,C1189,2025-02-16,Riverside,Espresso Drinks,Latte,1,4.28,Card,
ORD14420,C1396,2025-11-17,downtown,Brewed Coffee,Drip Coffee,2,2.83,Gift Card,
ORD14421,C1443,2025-09-12,Riverside,Pastries,Croissant,1,3.09,Card,4.0
ORD14422,C1290,2025-05-07,Riverside,Brewed Coffee,Cold Brew,1,3.47,Card,4.0
ORD14423,C1382,2025-06-26,Downtown,Pastries,Muffin,1,4.0,Gift Card,
ORD14424,C1515,2025-06-28,Riverside,Espresso Drinks,Espresso Shot,2,4.55,Card,5.0
ORD14425,C1580,2025-12-01,University Ave,Food,Avocado Toast,2,6.75,Mobile Pay,
ORD14426,C1493,2025-12-19,Downtown,Food,Breakfast Sandwich,1,6.35,Card,4.0
ORD14427,C1388,2025-10-21,Downtown,Espresso Drinks,Flat White,1,5.18,Card,
ORD14428,C1389,2025-08-26,University Ave,Espresso Drinks,Espresso Shot,3,5.0,Card,
ORD14429,C1212,2025-02-07,Riverside,Espresso Drinks,Espresso Shot,1,4.74,Card,
ORD14430,C1633,2025-11-29,Downtown,Espresso Drinks,Espresso Shot,2,4.08,Mobile Pay,
ORD14431,C1496,2025-02-18,downtown,Brewed Coffee,Drip Coffee,2,3.18,Cash,
ORD14432,C1497,2025-03-02,Downtown,Espresso Drinks,Cappuccino,2,5.57,Card,
ORD14433,C1090,2025-01-26,Riverside,Tea,Chai Latte,2,3.65,Card,
ORD14434,C1433,2025-12-11,Riverside,Espresso Drinks,Flat White,1,4.63,Card,4.0
ORD14435,C1135,2025-06-29,Downtown,Espresso Drinks,Espresso Shot,1,5.54,Card,5.0
ORD14436,C1397,2025-03-27,Riverside,Brewed Coffee,Drip Coffee,1,3.28,Card,
ORD14437,C1166,2025-01-30,University Ave,Tea,Chai Latte,2,3.31,Cash,
ORD14438,C1438,2025-05-30,Downtown,Espresso Drinks,Americano,1,3.95,Card,
ORD14439,C1263,2025-09-21,Downtown,Espresso Drinks,Cappuccino,1,4.35,Card,3.0
ORD14440,C1288,2025-12-29,Downtown,Tea,Chai Latte,1,3.26,Mobile Pay,
ORD14441,C1442,2025-07-21,Downtown,Espresso Drinks,Espresso Shot,3,4.34,Card,
ORD14442,C1347,2025-08-09,Riverside,Food,Avocado Toast,1,7.26,Cash,
ORD14443,C1303,2025-11-01,Riverside,Espresso Drinks,Flat White,2,5.27,Mobile Pay,4.0
ORD14444,C1240,2025-11-25,Downtown,Brewed Coffee,Drip Coffee,1,3.26,Mobile Pay,4.0
ORD14445,C1348,2025-04-12,Downtown,Food,Breakfast Sandwich,3,5.71,Card,
ORD14446,C1021,2025-12-28,University Ave,Brewed Coffee,Pour Over,2,3.87,Card,
ORD14447,C1366,2025-07-08,University Ave,Espresso Drinks,Flat White,3,5.32,Mobile Pay,5.0
ORD14448,C1465,2025-12-05,Riverside,Pastries,Scone,3,3.73,Mobile Pay,4.0
ORD14449,C1626,2025-02-12,University Ave,Espresso Drinks,Espresso Shot,3,4.76,Mobile Pay,4.0
ORD14450,C1195,2025-02-05,Downtown,Espresso Drinks,Latte,2,4.98,Card,5.0
ORD14451,C1422,2025-11-18,Downtown,Espresso Drinks,Cappuccino,2,5.74,Card,4.0
ORD14452,C1073,2025-09-02,Downtown,Pastries,Cinnamon Roll,2,3.0,Card,3.0
ORD14453,C1416,2025-03-05,University Ave,Espresso Drinks,Americano,1,5.56,Card,
ORD14454,C1156,2025-11-22,Downtown,Brewed Coffee,Cold Brew,1,3.66,Mobile Pay,
ORD14455,C1335,2025-02-07,Downtown,Brewed Coffee,Pour Over,1,2.98,Mobile Pay,
ORD14456,C1162,2025-09-06, Downtown ,Brewed Coffee,Drip Coffee,1,3.0,Mobile Pay,5.0
ORD14457,C1225,2025-03-16,Downtown,Brewed Coffee,Drip Coffee,2,4.0,Card,3.0
ORD14458,C1642,2025-01-26,Riverside,Food,Avocado Toast,1,6.57,Mobile Pay,4.0
ORD14459,C1416,2025-10-21,University Ave,Brewed Coffee,Cold Brew,2,3.74,Cash,
ORD14460,C1419,2025-11-05,Riverside,Brewed Coffee,Pour Over,1,3.1,Cash,4.0
ORD14461,C1633,2025-02-08,Riverside,Food,Avocado Toast,1,6.72,Card,
ORD14462,C1064,2025-02-03,University Ave,Brewed Coffee,Cold Brew,2,3.27,Mobile Pay,
ORD14463,C1110,2025-08-12,Downtown,Brewed Coffee,Cold Brew,2,3.24,Mobile Pay,
ORD14464,C1087,2025-01-11,University Ave,Espresso Drinks,Latte,3,4.87,Card,
ORD14465,C1138,2025-09-29,Downtown,Pastries,Croissant,1,4.37,Mobile Pay,
ORD14466,C1415,2025-11-30,University Ave,Tea,Herbal Tea,1,3.91,Mobile Pay,
ORD14467,C1428,2025-10-01,Riverside,Tea,Herbal Tea,1,4.02,Gift Card,
ORD14468,C1082,2025-03-25,Downtown,Tea,Chai Latte,1,3.49,Card,
ORD14469,C1627,2025-03-11,Riverside,Food,Bagel,1,6.97,Card,
ORD14470,C1458,2025-09-05,Riverside,Brewed Coffee,Cold Brew,3,4.25,Card,4.0
ORD14471,C1626,2025-01-23,University Ave,Pastries,Cinnamon Roll,3,4.29,Cash,3.0
ORD14472,C1205,2025-07-15,University Ave,Espresso Drinks,Americano,1,4.63,Mobile Pay,
ORD14473,C1553,2025-06-13,Riverside,Espresso Drinks,Latte,1,4.07,Mobile Pay,
ORD14474,C1368,2025-09-29,University Ave,Espresso Drinks,Flat White,1,4.58,Card,
ORD14475,C1372,2025-03-15,University Ave,Espresso Drinks,Latte,1,4.75,Mobile Pay,
ORD14476,C1470,2025-10-05,Riverside,Tea,Green Tea,1,4.66,Cash,
ORD14477,C1400,2025-09-12,University Ave,Food,Bagel,1,6.76,Mobile Pay,
ORD14478,C1117,2025-03-28,Riverside,Pastries,Cinnamon Roll,1,3.23,Card,4.0
ORD14479,C1533,2025-05-10,Downtown,Espresso Drinks,Latte,2,5.15,Cash,
ORD14480,C1044,2025-01-25,University Ave,Pastries,Muffin,1,3.65,Cash,
ORD14481,C1443,2025-06-13,Riverside,Tea,Chai Latte,2,3.31,Card,3.0
ORD14482,C1556,2025-04-05, Riverside ,Pastries,Scone,2,4.27,Mobile Pay,3.0
ORD14483,C1529,2025-02-11,Downtown,Espresso Drinks,Cappuccino,3,4.59,Card,
ORD14484,C1403,2025-07-23,Riverside,Espresso Drinks,Cappuccino,1,5.37,Mobile Pay,5.0
ORD14485,C1107,2025-07-26,Downtown,Espresso Drinks,Espresso Shot,1,5.63,Card,
ORD14486,C1039,2025-02-01,Riverside,Pastries,Muffin,2,4.15,Cash,
ORD14487,C1345,2025-03-09,Riverside,Brewed Coffee,Pour Over,2,3.5,Cash,4.0
ORD14488,C1090,2025-01-31,Downtown,Brewed Coffee,Cold Brew,1,3.96,Card,4.0
ORD14489,C1601,2025-09-05,Downtown,Espresso Drinks,Latte,3,5.31,Card,4.0
ORD14490,C1521,2025-05-04,University Ave,Espresso Drinks,Cappuccino,1,4.35,Card,
ORD14491,C1002,2025-01-26,Downtown,Espresso Drinks,Americano,3,5.03,Card,
ORD14492,C1606,2025-03-11,Downtown,Espresso Drinks,Latte,3,4.53,Mobile Pay,4.0
ORD14493,C1447,2025-12-22,University Ave,Food,Bagel,1,7.91,Mobile Pay,
ORD14494,C1571,2025-04-04,Riverside,Pastries,Muffin,1,3.21,Card,3.0
ORD14495,C1613,2025-09-07,Riverside,Espresso Drinks,Americano,1,3.86,Mobile Pay,
ORD14496,C1074,2025-06-20,Riverside,Espresso Drinks,Cappuccino,1,5.42,Card,4.0
ORD14497,C1517,2025-03-08,University Ave,Espresso Drinks,Flat White,1,4.47,Card,
ORD14498,C1536,2025-04-22,University Ave,Tea,Green Tea,1,4.18,Cash,4.0
ORD14499,C1100,2025-01-06,Downtown,Pastries,Cinnamon Roll,2,3.23,Card,
ORD14500,C1453,2025-09-29,Riverside,Espresso Drinks,Americano,1,4.25,Gift Card,
ORD14501,C1356,2025-05-02,University Ave,Espresso Drinks,Americano,1,4.98,Card,4.0
ORD14502,C1582,2025-07-01,Downtown,Brewed Coffee,Pour Over,1,3.89,Cash,
ORD14503,C1324,2025-02-25,downtown,Brewed Coffee,Cold Brew,1,3.93,Card,3.0
ORD14504,C1569,2025-10-28,Downtown,Pastries,Cinnamon Roll,3,3.74,Mobile Pay,4.0
ORD14505,C1473,2025-03-21,Riverside,Espresso Drinks,Cappuccino,1,5.38,Mobile Pay,3.0
ORD14506,C1301,2025-07-26,Downtown,Espresso Drinks,Espresso Shot,3,4.85,Card,5.0
ORD14507,C1371,2025-11-14,Downtown,Espresso Drinks,Espresso Shot,1,4.32,Card,
ORD14508,C1499,2025-09-17,Downtown,Pastries,Croissant,1,2.62,Card,
ORD14509,C1280,2025-08-08,Downtown,Brewed Coffee,Drip Coffee,1,4.09,Mobile Pay,4.0
ORD14510,C1129,2025-11-20,University Ave,Pastries,Muffin,1,4.12,Card,
ORD14511,C1186,2025-03-06,Riverside,Brewed Coffee,Pour Over,2,3.86,Cash,4.0
ORD14512,C1424,2025-12-17,University Ave,Food,Avocado Toast,1,6.75,Mobile Pay,5.0
ORD14513,C1228,2025-07-22,Downtown,Pastries,Croissant,2,3.06,Card,
ORD14514,C1403,2025-05-30,University Ave,Espresso Drinks,Espresso Shot,2,3.99,Card,
ORD14515,C1428,2025-04-04,Downtown,Pastries,Scone,1,3.41,Cash,
ORD14516,C1574,2025-09-29, Downtown ,Food,Avocado Toast,1,6.92,Card,4.0
ORD14517,C1477,2025-12-22,Downtown,Tea,Herbal Tea,2,3.51,Card,3.0
ORD14518,C1162,2025-09-09,Riverside,Espresso Drinks,Americano,2,4.2,Card,
ORD14519,C1321,2025-01-12,Downtown,Brewed Coffee,Cold Brew,2,4.14,Mobile Pay,
ORD14520,C1151,2025-06-20,Downtown,Pastries,Muffin,1,4.22,Card,4.0
ORD14521,C1227,2025-09-24,Downtown,Brewed Coffee,Drip Coffee,1,3.61,Card,4.0
ORD14522,C1265,2025-05-25,Riverside,Tea,Herbal Tea,1,3.92,Mobile Pay,4.0
ORD14523,C1318,2025-10-09,University Ave,Pastries,Cinnamon Roll,3,3.77,Mobile Pay,
ORD14524,C1550,2025-09-15,Downtown,Brewed Coffee,Pour Over,1,3.32,Card,
ORD14525,C1449,2025-01-25,Riverside,Espresso Drinks,Latte,1,3.92,Card,
ORD14526,C1142,2025-07-23,Riverside,Pastries,Cinnamon Roll,2,4.19,Gift Card,
ORD14527,C1173,2025-03-04,Riverside,Pastries,Croissant,1,2.57,Cash,5.0
ORD14528,C1070,2025-06-27,Riverside,Espresso Drinks,Espresso Shot,1,4.73,Mobile Pay,4.0
ORD14529,C1417,2025-05-20,Riverside,Espresso Drinks,Americano,2,4.01,Card,5.0
ORD14530,C1042,2025-10-21,University Ave,Tea,Herbal Tea,3,4.06,Card,
ORD14531,C1177,2025-11-13,riverside,Espresso Drinks,Espresso Shot,1,5.72,Card,
ORD14532,C1348,2025-06-17,University Ave,Espresso Drinks,Flat White,2,4.96,Cash,3.0
ORD14533,C1028,2025-07-15,University Ave,Brewed Coffee,Pour Over,1,3.74,Card,
ORD14534,C1588,2025-08-16,Riverside,Tea,Green Tea,1,4.03,Cash,4.0
ORD14535,C1126,2025-08-27,Downtown,Brewed Coffee,Drip Coffee,1,3.35,Gift Card,
ORD14536,C1201,2025-08-20,Downtown,Tea,Green Tea,1,3.41,Card,4.0
ORD14537,C1330,2025-10-13,Downtown,Espresso Drinks,Latte,3,5.49,Cash,
ORD14538,C1220,2025-12-24,Riverside,Pastries,Croissant,1,3.0,Card,
ORD14539,C1562,2025-10-29,Riverside,Pastries,Scone,1,4.08,Card,5.0
ORD14540,C1421,2025-02-19,Downtown,Pastries,Cinnamon Roll,3,2.94,Card,5.0
ORD14541,C1334,2025-06-23,Downtown,Espresso Drinks,Flat White,3,4.71,Cash,
ORD14542,C1295,2025-06-17,Riverside,Food,Bagel,1,6.27,Card,
ORD14543,C1472,2025-07-05,Riverside,Pastries,Scone,1,4.41,Mobile Pay,
ORD14544,C1467,2025-07-12,University Ave,Tea,Green Tea,2,4.05,Cash,5.0
ORD14545,C1026,2025-09-19,Downtown,Espresso Drinks,Cappuccino,1,5.08,Mobile Pay,
ORD14546,C1588,2025-06-03,Riverside,Espresso Drinks,Espresso Shot,1,4.6,Card,
ORD14547,C1185,2025-04-06,Riverside,Brewed Coffee,Pour Over,3,3.11,Card,4.0
ORD14548,C1637,2025-06-16,Riverside,Espresso Drinks,Americano,2,4.59,Mobile Pay,
ORD14549,C1100,2025-11-08,Downtown,Food,Bagel,1,5.94,Mobile Pay,
ORD14550,C1294,2025-04-24,Downtown,Espresso Drinks,Flat White,2,4.88,Mobile Pay,
ORD14551,C1508,2025-01-08,Downtown,Brewed Coffee,Cold Brew,3,3.27,Mobile Pay,4.0
ORD14552,C1578,2025-12-22,University Ave,Brewed Coffee,Pour Over,1,3.91,Card,3.0
ORD14553,C1054,2025-03-13,Riverside,Food,Bagel,2,7.86,Mobile Pay,4.0
ORD14554,C1530,2025-08-08,Riverside,Pastries,Scone,2,4.41,Card,5.0
ORD14555,C1142,2025-10-19,University Ave,Espresso Drinks,Cappuccino,2,5.72,Card,
ORD14556,C1164,2025-04-10, Downtown ,Brewed Coffee,Pour Over,1,3.31,Card,
ORD14557,C1609,2025-05-04,University Ave,Pastries,Scone,2,4.27,Card,
ORD14558,C1204,2025-04-13,University Ave,Espresso Drinks,Flat White,1,4.97,Mobile Pay,4.0
ORD14559,C1327,2025-02-24,Downtown,Brewed Coffee,Cold Brew,1,3.59,Card,
ORD14560,C1607,2025-02-25,University Ave,Espresso Drinks,Latte,1,3.76,Card,
ORD14561,C1097,2025-03-09,Riverside,Espresso Drinks,Flat White,1,5.3,Card,3.0
ORD14562,C1540,2025-06-16,University Ave,Espresso Drinks,Americano,3,4.83,Mobile Pay,4.0
ORD14563,C1389,2025-07-13,Downtown,Espresso Drinks,Espresso Shot,2,5.19,Card,2.0
ORD14564,C1440,2025-01-06,Downtown,Pastries,Croissant,1,4.04,Card,
ORD14565,C1247,2025-11-05,Riverside,Espresso Drinks,Americano,1,5.47,Mobile Pay,
ORD14566,C1142,2025-09-04,Downtown,Pastries,Croissant,1,3.7,Card,5.0
ORD14567,C1394,2025-01-26,Downtown,Espresso Drinks,Flat White,3,4.38,Card,
ORD14568,C1454,2025-11-03,University Ave,Pastries,Cinnamon Roll,1,4.07,Card,
ORD14569,C1567,2025-01-12,University Ave,Espresso Drinks,Americano,1,5.11,Card,3.0
ORD14570,C1114,2025-07-24,University Ave,Espresso Drinks,Flat White,3,4.69,Mobile Pay,
ORD14571,C1113,2025-06-19,Downtown,Espresso Drinks,Americano,2,4.46,Card,3.0
ORD14572,C1462,2025-07-02,Riverside,Tea,Herbal Tea,1,3.36,Card,5.0
ORD14573,C1278,2025-12-15,Downtown,Espresso Drinks,Espresso Shot,2,5.4,Mobile Pay,
ORD14574,C1222,2025-12-04,Downtown,Brewed Coffee,Pour Over,1,4.24,Card,3.0
ORD14575,C1319,2025-04-12,University Ave,Brewed Coffee,Pour Over,1,3.96,Card,4.0
ORD14576,C1295,2025-07-30,downtown,Pastries,Muffin,1,3.03,Gift Card,3.0
ORD14577,C1144,2025-12-16,Downtown,Espresso Drinks,Flat White,2,4.39,Mobile Pay,
ORD14578,C1145,2025-09-23,University Ave,Pastries,Muffin,1,3.32,Card,
ORD14579,C1118,2025-11-20,Downtown,Brewed Coffee,Cold Brew,2,3.11,Card,5.0
ORD14580,C1010,2025-06-08,University Ave,Espresso Drinks,Espresso Shot,1,3.97,Gift Card,
ORD14581,C1394,2025-04-14,Riverside,Espresso Drinks,Flat White,1,4.1,Mobile Pay,
ORD14582,C1000,2025-07-05,Downtown,Espresso Drinks,Flat White,1,5.44,Gift Card,
ORD14583,C1548,2025-10-25,Downtown,Espresso Drinks,Cappuccino,2,3.84,Mobile Pay,5.0
ORD14584,C1184,2025-12-05,Downtown,Tea,Herbal Tea,3,4.29,Mobile Pay,
ORD14585,C1627,2025-09-07,University Ave,Espresso Drinks,Americano,1,4.63,Mobile Pay,1.0
ORD14586,C1543,2025-09-15,Downtown,Brewed Coffee,Cold Brew,2,3.87,Card,5.0
ORD14587,C1342,2025-07-06,Riverside,Espresso Drinks,Cappuccino,2,3.85,Card,
ORD14588,C1619,2025-04-27,University Ave,Food,Avocado Toast,3,6.9,Mobile Pay,3.0
ORD14589,C1356,2025-06-03,downtown,Brewed Coffee,Cold Brew,2,3.56,Cash,4.0
ORD14590,C1335,2025-07-01,Downtown,Brewed Coffee,Pour Over,1,2.98,Mobile Pay,
ORD14591,C1536,2025-10-24,University Ave,Espresso Drinks,Cappuccino,3,4.74,Mobile Pay,5.0
ORD14592,C1422,2025-07-22,Downtown,Brewed Coffee,Cold Brew,1,2.89,Card,
ORD14593,C1427,2025-10-16,Riverside,Food,Bagel,1,7.97,Mobile Pay,4.0
ORD14594,C1541,2025-01-10,Riverside,Food,Breakfast Sandwich,1,6.33,Card,
ORD14595,C1061,2025-10-03,University Ave,Espresso Drinks,Americano,1,5.14,Card,
ORD14596,C1377,2025-07-04,Riverside,Food,Bagel,3,6.98,Cash,
ORD14597,C1491,2025-12-30,University Ave,Espresso Drinks,Americano,2,5.05,Card,3.0
ORD14598,C1494,2025-06-21,Downtown,Pastries,Scone,1,2.88,Gift Card,5.0
ORD14599,C1169,2025-06-24,Downtown,Pastries,Scone,3,2.85,Card,
ORD14600,C1169,2025-02-16,University Ave,Espresso Drinks,Espresso Shot,1,4.64,Card,5.0
ORD14601,C1447,2025-10-21,University Ave,Brewed Coffee,Cold Brew,1,2.98,Card,4.0
ORD14602,C1019,2025-09-13,Downtown,Tea,Chai Latte,3,3.6,Card,4.0
ORD14603,C1051,2025-11-10,university ave,Brewed Coffee,Cold Brew,1,4.16,Card,
ORD14604,C1575,2025-02-03,University Ave,Espresso Drinks,Cappuccino,3,4.58,Card,3.0
ORD14605,C1496,2025-03-19,University Ave,Food,Avocado Toast,2,7.7,Card,
ORD14606,C1089,2025-11-16,Downtown,Pastries,Croissant,1,3.99,Cash,3.0
ORD14607,C1468,2025-01-16,University Ave,Pastries,Cinnamon Roll,1,2.81,Cash,
ORD14608,C1283,2025-07-04,Downtown,Espresso Drinks,Latte,1,5.14,Gift Card,
ORD14609,C1119,2025-05-28,Riverside,Brewed Coffee,Drip Coffee,1,3.79,Card,
ORD14610,C1402,2025-12-08,Downtown,Brewed Coffee,Drip Coffee,1,3.99,Card,
ORD14611,C1427,2025-11-08,Downtown,Pastries,Cinnamon Roll,2,2.56,Card,
ORD14612,C1198,2025-11-23,Riverside,Brewed Coffee,Drip Coffee,2,4.1,Card,4.0
ORD14613,C1524,2025-04-16,Downtown,Espresso Drinks,Flat White,2,3.79,Card,4.0
ORD14614,C1648,2025-08-02,University Ave,Tea,Herbal Tea,3,3.53,Cash,4.0
ORD14615,C1277,2025-09-12,University Ave,Food,Breakfast Sandwich,1,5.65,Card,
ORD14616,C1125,2025-12-19,Riverside,Brewed Coffee,Drip Coffee,3,3.76,Card,4.0
ORD14617,C1157,2025-01-03,Riverside,Pastries,Cinnamon Roll,1,2.91,Mobile Pay,
ORD14618,C1317,2025-12-22,Downtown,Pastries,Muffin,1,3.62,Card,3.0
ORD14619,C1298,2025-05-10,Downtown,Food,Breakfast Sandwich,1,6.32,Card,
ORD14620,C1062,2025-02-16,Downtown,Tea,Chai Latte,1,4.27,Card,
ORD14621,C1065,2025-08-13,University Ave,Food,Breakfast Sandwich,2,7.8,Mobile Pay,
ORD14622,C1124,2025-10-12,Downtown,Pastries,Cinnamon Roll,1,4.06,Cash,2.0
ORD14623,C1201,2025-02-17,Downtown,Espresso Drinks,Americano,1,4.41,Mobile Pay,2.0
ORD14624,C1241,2025-01-15,Riverside,Food,Avocado Toast,3,7.61,Card,4.0
ORD14625,C1438,2025-11-23,Riverside,Brewed Coffee,Drip Coffee,3,3.09,Mobile Pay,
ORD14626,C1539,2025-12-06,Riverside,Espresso Drinks,Americano,1,5.09,Cash,5.0
ORD14627,C1141,2025-02-26,Downtown,Food,Bagel,3,7.31,Card,5.0
ORD14628,C1070,2025-11-26,University Ave,Espresso Drinks,Flat White,2,5.53,Mobile Pay,4.0
ORD14629,C1434,2025-11-28,Riverside,Pastries,Cinnamon Roll,1,4.26,Mobile Pay,5.0
ORD14630,C1305,2025-12-30,University Ave,Pastries,Muffin,1,4.36,Mobile Pay,
ORD14631,C1529,2025-03-20,Riverside,Espresso Drinks,Flat White,2,5.22,Card,
ORD14632,C1168,2025-07-30,University Ave,Pastries,Cinnamon Roll,2,3.29,Mobile Pay,
ORD14633,C1576,2025-12-28,Downtown,Espresso Drinks,Flat White,1,4.59,Cash,
ORD14634,C1112,2025-11-25,Riverside,Tea,Green Tea,1,4.55,Mobile Pay,
ORD14635,C1641,2025-08-09,Riverside,Pastries,Croissant,2,3.31,Card,3.0
ORD14636,C1640,2025-03-13,Riverside,Food,Breakfast Sandwich,3,6.42,Mobile Pay,4.0
ORD14637,C1373,2025-01-31,Riverside,Espresso Drinks,Flat White,1,4.19,Card,4.0
ORD14638,C1249,2025-04-05,Downtown,Espresso Drinks,Cappuccino,2,4.93,Card,
ORD14639,C1323,2025-01-24,Riverside,Tea,Green Tea,1,3.86,Mobile Pay,
ORD14640,C1194,2025-03-13,Downtown,Food,Bagel,1,5.84,Card,
ORD14641,C1361,2025-01-28,Riverside,Pastries,Scone,1,3.75,Card,
ORD14642,C1016,2025-10-05,University Ave,Espresso Drinks,Latte,1,4.37,Card,
ORD14643,C1406,2025-08-03,Downtown,Pastries,Croissant,1,2.99,Card,
ORD14644,C1162,2025-07-08,Riverside,Brewed Coffee,Cold Brew,2,3.79,Mobile Pay,
ORD14645,C1256,2025-10-22,Riverside,Pastries,Muffin,2,2.58,Card,3.0
ORD14646,C1556,2025-05-30,University Ave,Tea,Chai Latte,1,4.19,Mobile Pay,3.0
ORD14647,C1507,2025-05-27,University Ave,Brewed Coffee,Drip Coffee,1,4.19,Mobile Pay,
ORD14648,C1444,2025-03-17,Downtown,Pastries,Muffin,1,3.18,Card,
ORD14649,C1284,2025-06-11,Downtown,Brewed Coffee,Cold Brew,1,2.75,Mobile Pay,4.0
ORD14650,C1627,2025-03-05,University Ave,Pastries,Croissant,1,2.57,Mobile Pay,
ORD14651,C1298,2025-08-03,Downtown,Espresso Drinks,Americano,2,5.09,Card,2.0
ORD14652,C1306,2025-12-30,Downtown,Pastries,Croissant,1,4.23,Card,3.0
ORD14653,C1265,2025-07-14,Downtown,Food,Bagel,1,5.76,Mobile Pay,3.0
ORD14654,C1332,2025-04-19,Downtown,Pastries,Scone,3,2.56,Cash,
ORD14655,C1235,2025-09-08,University Ave,Pastries,Muffin,3,2.89,Mobile Pay,
ORD14656,C1212,2025-10-26,Downtown,Food,Avocado Toast,2,7.31,Gift Card,5.0
ORD14657,C1483,2025-06-21,Downtown,Tea,Herbal Tea,3,4.41,Card,
ORD14658,C1462,2025-04-02, Downtown ,Brewed Coffee,Drip Coffee,2,4.06,Mobile Pay,5.0
ORD14659,C1619,2025-09-17,Riverside,Pastries,Cinnamon Roll,3,3.92,Gift Card,4.0
ORD14660,C1545,2025-03-10,university ave,Espresso Drinks,Cappuccino,1,5.43,Mobile Pay,
ORD14661,C1610,2025-12-30,University Ave,Espresso Drinks,Americano,2,5.22,Mobile Pay,3.0
ORD14662,C1289,2025-04-26,Downtown,Espresso Drinks,Cappuccino,1,5.18,Cash,
ORD14663,C1121,2025-05-08,Riverside,Espresso Drinks,Americano,3,4.19,Cash,4.0
ORD14664,C1274,2025-09-22,Riverside,Espresso Drinks,Latte,3,4.14,Card,
ORD14665,C1016,2025-01-05,Riverside,Tea,Herbal Tea,1,3.61,Gift Card,
ORD14666,C1642,2025-03-15,Riverside,Brewed Coffee,Drip Coffee,1,3.56,Card,
ORD14667,C1115,2025-02-15,University Ave,Pastries,Scone,1,4.27,Mobile Pay,
ORD14668,C1506,2025-05-23,Downtown,Brewed Coffee,Pour Over,2,3.7,Mobile Pay,4.0
ORD14669,C1462,2025-07-21,riverside,Tea,Green Tea,1,3.75,Mobile Pay,
ORD14670,C1107,2025-03-07,Downtown,Espresso Drinks,Americano,2,5.18,Card,2.0
ORD14671,C1062,2025-05-06,Riverside,Brewed Coffee,Cold Brew,3,3.15,Mobile Pay,
ORD14672,C1347,2025-10-09,Riverside,Pastries,Scone,2,2.81,Card,
ORD14673,C1263,2025-12-09,University Ave,Tea,Herbal Tea,2,4.45,Card,
ORD14674,C1221,2025-01-06,Riverside,Brewed Coffee,Pour Over,1,4.24,Card,
ORD14675,C1601,2025-08-17,University Ave,Espresso Drinks,Latte,3,4.27,Card,3.0
ORD14676,C1129,2025-01-10,Downtown,Espresso Drinks,Americano,2,5.58,Mobile Pay,
ORD14677,C1003,2025-07-09,Riverside,Espresso Drinks,Espresso Shot,2,4.54,Mobile Pay,
ORD14678,C1125,2025-11-17,Downtown,Tea,Green Tea,2,4.61,Cash,
ORD14679,C1507,2025-10-18,Downtown,Brewed Coffee,Pour Over,1,4.11,Card,5.0
ORD14680,C1460,2025-03-26,Downtown,Brewed Coffee,Pour Over,3,2.96,Mobile Pay,
ORD14681,C1007,2025-04-05,University Ave,Pastries,Muffin,2,2.65,Card,
ORD14682,C1026,2025-10-13,Riverside,Brewed Coffee,Cold Brew,1,3.36,Card,
ORD14683,C1543,2025-10-26, Downtown ,Brewed Coffee,Drip Coffee,1,3.23,Cash,
ORD14684,C1384,2025-04-13,Downtown,Brewed Coffee,Pour Over,1,2.81,Mobile Pay,
ORD14685,C1568,2025-01-02,Riverside,Pastries,Cinnamon Roll,2,2.85,Card,
ORD14686,C1510,2025-06-11,Riverside,Brewed Coffee,Pour Over,1,2.88,Card,
ORD14687,C1305,2025-08-14,Downtown,Espresso Drinks,Americano,2,3.78,Card,
ORD14688,C1028,2025-06-11,Downtown,Brewed Coffee,Drip Coffee,2,3.71,Mobile Pay,
ORD14689,C1145,2025-12-07,Riverside,Food,Avocado Toast,2,7.24,Card,
ORD14690,C1426,2025-10-24,University Ave,Espresso Drinks,Latte,3,5.6,Card,4.0
ORD14691,C1365,2025-10-14,Riverside,Espresso Drinks,Espresso Shot,2,4.47,Card,3.0
ORD14692,C1215,2025-01-08,Downtown,Espresso Drinks,Americano,2,3.76,Card,
ORD14693,C1500,2025-11-07,Riverside,Espresso Drinks,Latte,2,3.83,Card,
ORD14694,C1586,2025-10-02,Downtown,Brewed Coffee,Drip Coffee,3,4.19,Cash,
ORD14695,C1353,2025-05-25,downtown,Espresso Drinks,Americano,1,5.05,Card,4.0
ORD14696,C1235,2025-08-03,Downtown,Espresso Drinks,Cappuccino,1,4.2,Cash,
ORD14697,C1285,2025-10-28,University Ave,Tea,Green Tea,1,3.9,Card,4.0
ORD14698,C1509,2025-11-26,Riverside,Brewed Coffee,Pour Over,2,3.63,Cash,
ORD14699,C1501,2025-07-20, Riverside ,Tea,Herbal Tea,1,3.52,Mobile Pay,4.0
ORD14700,C1137,2025-01-16,University Ave,Brewed Coffee,Pour Over,1,4.13,Card,
ORD14701,C1079,2025-08-14,Downtown,Tea,Herbal Tea,1,4.02,Cash,
ORD14702,C1360,2025-09-05,Downtown,Espresso Drinks,Cappuccino,3,5.01,Cash,
ORD14703,C1473,2025-01-22,Downtown,Brewed Coffee,Cold Brew,1,3.11,Card,2.0
ORD14704,C1638,2025-10-25,Riverside,Brewed Coffee,Cold Brew,1,3.93,Gift Card,4.0
ORD14705,C1574,2025-03-15,Downtown,Brewed Coffee,Drip Coffee,1,3.33,Card,
ORD14706,C1086,2025-11-21,riverside,Espresso Drinks,Cappuccino,2,5.22,Card,5.0
ORD14707,C1539,2025-07-20,Riverside,Food,Avocado Toast,3,7.21,Card,5.0
ORD14708,C1134,2025-04-28,University Ave,Espresso Drinks,Espresso Shot,1,5.02,Mobile Pay,4.0
ORD14709,C1489,2025-01-22,University Ave,Espresso Drinks,Americano,2,3.91,Card,4.0
ORD14710,C1395,2025-01-07,Riverside,Espresso Drinks,Cappuccino,2,5.72,Gift Card,
ORD14711,C1079,2025-09-27,Downtown,Pastries,Cinnamon Roll,1,2.68,Card,5.0
ORD14712,C1219,2025-05-18,Downtown,Pastries,Croissant,1,4.45,Card,
ORD14713,C1495,2025-11-02,University Ave,Pastries,Croissant,1,3.5,Cash,
ORD14714,C1118,2025-03-25,University Ave,Pastries,Cinnamon Roll,2,3.8,Card,3.0
ORD14715,C1030,2025-12-02,Downtown,Food,Avocado Toast,2,6.69,Card,4.0
ORD14716,C1455,2025-12-09,University Ave,Espresso Drinks,Flat White,2,4.44,Mobile Pay,3.0
ORD14717,C1189,2025-02-07,University Ave,Food,Bagel,1,7.3,Card,4.0
ORD14718,C1481,2025-08-24,University Ave,Brewed Coffee,Drip Coffee,3,3.33,Cash,5.0
ORD14719,C1318,2025-12-09,Downtown,Tea,Herbal Tea,1,3.65,Cash,
ORD14720,C1541,2025-04-28,Riverside,Tea,Herbal Tea,2,4.33,Mobile Pay,4.0
ORD14721,C1080,2025-01-25,University Ave,Pastries,Muffin,3,4.0,Mobile Pay,
ORD14722,C1548,2025-11-15,Downtown,Espresso Drinks,Espresso Shot,1,5.13,Card,
ORD14723,C1348,2025-06-22,University Ave,Food,Bagel,1,7.87,Card,
ORD14724,C1162,2025-01-10,Riverside,Tea,Chai Latte,2,4.05,Mobile Pay,
ORD14725,C1430,2025-11-02,University Ave,Pastries,Croissant,1,3.94,Card,
ORD14726,C1544,2025-09-05,Riverside,Pastries,Cinnamon Roll,3,4.08,Card,
ORD14727,C1228,2025-01-26,Downtown,Pastries,Muffin,1,3.99,Mobile Pay,
ORD14728,C1220,2025-04-05,University Ave,Espresso Drinks,Flat White,1,4.94,Card,
ORD14729,C1221,2025-01-07,University Ave,Food,Breakfast Sandwich,1,7.39,Mobile Pay,
ORD14730,C1414,2025-12-14,Riverside,Tea,Green Tea,1,3.48,Card,
ORD14731,C1452,2025-01-10,Downtown,Food,Avocado Toast,2,8.13,Cash,
ORD14732,C1051,2025-10-17,Downtown,Tea,Herbal Tea,3,3.61,Gift Card,3.0
ORD14733,C1340,2025-07-06,Downtown,Espresso Drinks,Espresso Shot,2,4.25,Card,5.0
ORD14734,C1228,2025-08-01,university ave,Espresso Drinks,Flat White,1,4.79,Card,
ORD14735,C1515,2025-10-23,Riverside,Pastries,Scone,1,4.33,Gift Card,
ORD14736,C1536,2025-11-22, Riverside ,Food,Avocado Toast,2,6.63,Card,
ORD14737,C1170,2025-02-16,downtown,Tea,Chai Latte,3,3.9,Card,
ORD14738,C1145,2025-01-07,University Ave,Espresso Drinks,Latte,1,5.71,Card,
ORD14739,C1626,2025-02-15,Riverside,Espresso Drinks,Espresso Shot,2,5.68,Card,
ORD14740,C1647,2025-09-06,Downtown,Espresso Drinks,Cappuccino,1,5.06,Mobile Pay,4.0
ORD14741,C1162,2025-07-26,University Ave,Espresso Drinks,Espresso Shot,1,5.16,Card,
ORD14742,C1511,2025-01-31,Downtown,Espresso Drinks,Americano,2,3.78,Cash,
ORD14743,C1396,2025-03-27,University Ave,Food,Bagel,1,7.27,Gift Card,4.0
ORD14744,C1445,2025-07-15,University Ave,Brewed Coffee,Cold Brew,1,3.87,Card,
ORD14745,C1267,2025-09-23,Riverside,Espresso Drinks,Cappuccino,1,4.0,Mobile Pay,2.0
ORD14746,C1184,2025-05-05,Riverside,Espresso Drinks,Flat White,1,4.07,Cash,5.0
ORD14747,C1507,2025-12-12,Downtown,Espresso Drinks,Flat White,1,4.85,Card,
ORD14748,C1121,2025-12-28,Riverside,Espresso Drinks,Americano,1,4.54,Card,5.0
ORD14749,C1136,2025-10-06,University Ave,Food,Breakfast Sandwich,1,6.8,Card,4.0
ORD14750,C1640,2025-06-15,Riverside,Espresso Drinks,Cappuccino,1,5.03,Mobile Pay,
ORD14751,C1313,2025-11-16,Downtown,Espresso Drinks,Americano,2,3.86,Mobile Pay,
ORD14752,C1012,2025-09-22,Downtown,Brewed Coffee,Cold Brew,3,3.27,Card,5.0
ORD14753,C1293,2025-07-09,Downtown,Food,Bagel,1,6.34,Card,3.0
ORD14754,C1540,2025-06-11,riverside,Brewed Coffee,Drip Coffee,3,2.76,Cash,
ORD14755,C1634,2025-10-30,University Ave,Espresso Drinks,Flat White,3,4.63,Mobile Pay,
ORD14756,C1382,2025-07-22,Riverside,Espresso Drinks,Americano,2,4.26,Card,
ORD14757,C1155,2025-03-08,Downtown,Food,Bagel,2,8.02,Card,
ORD14758,C1048,2025-12-30,riverside,Espresso Drinks,Cappuccino,2,5.68,Mobile Pay,4.0
ORD14759,C1306,2025-01-25,Downtown,Brewed Coffee,Cold Brew,2,3.51,Card,
ORD14760,C1069,2025-09-10,University Ave,Brewed Coffee,Cold Brew,3,3.97,Mobile Pay,3.0
ORD14761,C1408,2025-08-27,Riverside,Brewed Coffee,Cold Brew,2,3.37,Card,5.0
ORD14762,C1205,2025-08-02,Riverside,Pastries,Scone,2,2.77,Card,
ORD14763,C1144,2025-01-19,Downtown,Brewed Coffee,Cold Brew,2,4.08,Mobile Pay,
ORD14764,C1076,2025-06-29, Riverside ,Tea,Green Tea,1,3.41,Mobile Pay,4.0
ORD14765,C1475,2025-11-21,Riverside,Tea,Green Tea,3,4.7,Card,4.0
ORD14766,C1643,2025-03-29,Downtown,Espresso Drinks,Latte,2,4.21,Mobile Pay,
ORD14767,C1367,2025-09-09,University Ave,Food,Bagel,1,7.08,Cash,
ORD14768,C1600,2025-11-09,University Ave,Espresso Drinks,Espresso Shot,2,4.71,Mobile Pay,
ORD14769,C1437,2025-12-13,Riverside,Pastries,Muffin,3,4.08,Mobile Pay,
ORD14770,C1256,2025-07-07,Downtown,Pastries,Scone,1,2.76,Mobile Pay,
ORD14771,C1121,2025-04-25,Riverside,Pastries,Croissant,2,2.99,Mobile Pay,3.0
ORD14772,C1060,2025-09-12,university ave,Espresso Drinks,Latte,2,4.1,Card,
ORD14773,C1419,2025-06-26,Downtown,Brewed Coffee,Pour Over,1,2.95,Cash,
ORD14774,C1517,2025-08-17,University Ave,Tea,Chai Latte,1,4.64,Cash,
ORD14775,C1432,2025-09-27,Downtown,Espresso Drinks,Cappuccino,1,4.64,Mobile Pay,4.0
ORD14776,C1549,2025-09-16, Riverside ,Pastries,Croissant,3,2.77,Card,3.0
ORD14777,C1388,2025-03-30,Downtown,Food,Breakfast Sandwich,2,7.8,Card,4.0
ORD14778,C1258,2025-10-03,Riverside,Brewed Coffee,Drip Coffee,1,2.92,Gift Card,4.0
ORD14779,C1397,2025-07-17,Downtown,Espresso Drinks,Espresso Shot,3,4.92,Card,
ORD14780,C1001,2025-12-05,Riverside,Tea,Chai Latte,2,4.41,Mobile Pay,
ORD14781,C1451,2025-08-29,Downtown,Pastries,Muffin,1,3.63,Gift Card,
ORD14782,C1532,2025-11-21,Downtown,Pastries,Cinnamon Roll,1,2.54,Mobile Pay,
ORD14783,C1496,2025-12-23,Riverside,Pastries,Muffin,1,2.51,Card,3.0
ORD14784,C1200,2025-12-29,University Ave,Pastries,Muffin,1,3.04,Mobile Pay,
ORD14785,C1641,2025-09-29,Riverside,Espresso Drinks,Flat White,2,4.37,Card,
ORD14786,C1177,2025-08-06,Downtown,Tea,Green Tea,2,4.44,Card,4.0
ORD14787,C1133,2025-02-12,University Ave,Espresso Drinks,Flat White,1,4.99,Mobile Pay,
ORD14788,C1380,2025-05-21,Downtown,Espresso Drinks,Cappuccino,1,4.67,Card,
ORD14789,C1560,2025-06-23,Riverside,Espresso Drinks,Espresso Shot,2,5.55,Card,
ORD14790,C1222,2025-10-12,Downtown,Pastries,Scone,1,4.18,Mobile Pay,
ORD14791,C1082,2025-08-03,Downtown,Pastries,Muffin,1,4.45,Mobile Pay,
ORD14792,C1420,2025-06-09, Riverside ,Espresso Drinks,Latte,3,4.72,Card,2.0
ORD14793,C1178,2025-02-23,Downtown,Espresso Drinks,Latte,3,5.17,Card,
ORD14794,C1295,2025-09-18,Downtown,Pastries,Cinnamon Roll,2,3.94,Card,3.0
ORD14795,C1560,2025-06-07,Riverside,Espresso Drinks,Latte,1,4.71,Cash,4.0
ORD14796,C1471,2025-01-14,Riverside,Espresso Drinks,Espresso Shot,3,4.38,Card,4.0
ORD14797,C1060,2025-04-14,University Ave,Espresso Drinks,Flat White,1,5.54,Gift Card,
ORD14798,C1043,2025-11-17,Downtown,Espresso Drinks,Americano,2,5.08,Card,5.0
ORD14799,C1234,2025-02-13,university ave,Espresso Drinks,Espresso Shot,1,5.22,Card,
ORD14800,C1182,2025-05-28,Downtown,Pastries,Muffin,1,3.92,Card,2.0
ORD14801,C1305,2025-07-06,Downtown,Tea,Green Tea,3,3.71,Card,3.0
ORD14802,C1548,2025-01-31,University Ave,Brewed Coffee,Drip Coffee,1,2.8,Card,4.0
ORD14803,C1124,2025-03-02,University Ave,Tea,Green Tea,2,3.38,Card,
ORD14804,C1276,2025-12-09,Riverside,Brewed Coffee,Pour Over,1,4.02,Gift Card,3.0
ORD14805,C1601,2025-08-03,Downtown,Pastries,Cinnamon Roll,1,3.55,Gift Card,
ORD14806,C1379,2025-03-18,Downtown,Food,Avocado Toast,2,8.38,Card,
ORD14807,C1121,2025-03-03,Downtown,Tea,Green Tea,1,3.72,Mobile Pay,
ORD14808,C1509,2025-06-04,Riverside,Pastries,Muffin,1,2.81,Cash,5.0
ORD14809,C1047,2025-09-21,Riverside,Brewed Coffee,Cold Brew,1,3.83,Card,
ORD14810,C1129,2025-09-23,University Ave,Brewed Coffee,Drip Coffee,2,3.39,Cash,
ORD14811,C1420,2025-03-13,Downtown,Espresso Drinks,Cappuccino,1,5.09,Card,4.0
ORD14812,C1089,2025-09-22,University Ave,Tea,Herbal Tea,1,4.56,Gift Card,
ORD14813,C1394,2025-11-23,Riverside,Espresso Drinks,Flat White,1,5.2,Mobile Pay,
ORD14814,C1089,2025-03-24,Downtown,Pastries,Cinnamon Roll,1,4.25,Card,
ORD14815,C1249,2025-01-10,Riverside,Pastries,Cinnamon Roll,2,3.18,Cash,
ORD14816,C1102,2025-12-16,University Ave,Brewed Coffee,Drip Coffee,1,3.03,Mobile Pay,
ORD14817,C1147,2025-07-10,University Ave,Tea,Chai Latte,3,4.73,Card,4.0
ORD14818,C1586,2025-10-10,downtown,Tea,Green Tea,1,4.56,Card,3.0
ORD14819,C1234,2025-04-27,Downtown,Tea,Herbal Tea,1,4.73,Card,3.0
ORD14820,C1127,2025-04-19,Riverside,Tea,Herbal Tea,1,4.55,Mobile Pay,
ORD14821,C1569,2025-03-23,University Ave,Espresso Drinks,Flat White,1,4.19,Mobile Pay,
ORD14822,C1420,2025-03-20,Riverside,Tea,Chai Latte,2,4.57,Card,5.0
ORD14823,C1376,2025-06-21,University Ave,Tea,Herbal Tea,1,3.46,Card,
ORD14824,C1480,2025-02-08,Downtown,Espresso Drinks,Americano,1,5.23,Card,
ORD14825,C1398,2025-11-03,University Ave,Espresso Drinks,Latte,2,4.13,Card,
ORD14826,C1217,2025-07-06,downtown,Brewed Coffee,Pour Over,2,3.45,Cash,
ORD14827,C1548,2025-11-30,University Ave,Espresso Drinks,Latte,3,5.34,Card,
ORD14828,C1489,2025-07-02,Riverside,Espresso Drinks,Espresso Shot,1,3.84,Card,
ORD14829,C1169,2025-04-21,University Ave,Food,Avocado Toast,1,6.37,Card,5.0
ORD14830,C1328,2025-07-07,Riverside,Pastries,Muffin,1,2.62,Card,3.0
ORD14831,C1212,2025-02-26,Riverside,Brewed Coffee,Cold Brew,3,3.85,Card,
ORD14832,C1590,2025-10-27,Downtown,Brewed Coffee,Drip Coffee,3,3.81,Card,
ORD14833,C1108,2025-09-20,University Ave,Pastries,Scone,2,3.16,Card,3.0
ORD14834,C1010,2025-02-23,Riverside,Espresso Drinks,Flat White,3,5.49,Card,3.0
ORD14835,C1430,2025-07-31,Riverside,Espresso Drinks,Cappuccino,3,5.55,Card,
ORD14836,C1002,2025-07-15,Riverside,Espresso Drinks,Latte,1,5.61,Cash,
ORD14837,C1052,2025-03-15,University Ave,Brewed Coffee,Pour Over,2,3.02,Mobile Pay,
ORD14838,C1574,2025-02-14,Downtown,Espresso Drinks,Flat White,3,4.26,Mobile Pay,4.0
ORD14839,C1370,2025-10-04,University Ave,Pastries,Muffin,1,4.28,Cash,
ORD14840,C1272,2025-04-07,university ave,Brewed Coffee,Cold Brew,2,4.21,Card,
ORD14841,C1444,2025-07-08,Downtown,Espresso Drinks,Cappuccino,1,5.57,Card,
ORD14842,C1369,2025-04-01,Downtown,Brewed Coffee,Drip Coffee,1,3.96,Card,5.0
ORD14843,C1387,2025-08-26,Riverside,Tea,Herbal Tea,2,4.63,Card,
ORD14844,C1522,2025-01-18,Downtown,Brewed Coffee,Cold Brew,3,3.64,Card,
ORD14845,C1053,2025-05-11,University Ave,Espresso Drinks,Latte,3,5.73,Card,
ORD14846,C1062,2025-07-19,Riverside,Pastries,Scone,2,4.28,Card,
ORD14847,C1123,2025-06-09,University Ave,Pastries,Cinnamon Roll,3,4.34,Card,
ORD14848,C1372,2025-08-11,Riverside,Pastries,Cinnamon Roll,2,3.66,Mobile Pay,
ORD14849,C1293,2025-03-07,Downtown,Brewed Coffee,Pour Over,1,3.92,Gift Card,
ORD14850,C1140,2025-06-10,Riverside,Food,Bagel,1,8.49,Mobile Pay,2.0
ORD14851,C1467,2025-10-03,Downtown,Brewed Coffee,Pour Over,1,3.57,Card,4.0
ORD14852,C1106,2025-05-02,Downtown,Food,Bagel,2,5.56,Card,
ORD14853,C1213,2025-02-27,University Ave,Espresso Drinks,Americano,1,3.8,Card,4.0
ORD14854,C1574,2025-11-05,Riverside,Food,Bagel,1,7.23,Mobile Pay,
ORD14855,C1565,2025-10-11,University Ave,Tea,Herbal Tea,1,4.56,Mobile Pay,5.0
ORD14856,C1337,2025-09-05,Downtown,Brewed Coffee,Pour Over,2,2.99,Card,4.0
ORD14857,C1461,2025-10-18,Downtown,Food,Bagel,1,7.47,Card,5.0
ORD14858,C1499,2025-10-11,riverside,Tea,Green Tea,1,4.49,Mobile Pay,
ORD14859,C1088,2025-09-29,University Ave,Brewed Coffee,Drip Coffee,1,3.42,Card,4.0
ORD14860,C1031,2025-07-05,Riverside,Espresso Drinks,Americano,1,4.42,Card,
ORD14861,C1050,2025-01-08,University Ave,Espresso Drinks,Flat White,2,5.22,Card,
ORD14862,C1198,2025-08-06,Riverside,Espresso Drinks,Latte,2,5.44,Mobile Pay,4.0
ORD14863,C1304,2025-04-10,Riverside,Pastries,Scone,1,4.13,Card,
ORD14864,C1464,2025-10-09,Riverside,Espresso Drinks,Flat White,1,5.21,Card,3.0
ORD14865,C1326,2025-06-20,Downtown,Tea,Chai Latte,3,4.74,Card,
ORD14866,C1402,2025-11-26,Downtown,Brewed Coffee,Drip Coffee,3,3.57,Card,4.0
ORD14867,C1298,2025-08-05,downtown,Brewed Coffee,Drip Coffee,1,3.42,Mobile Pay,
ORD14868,C1610,2025-07-20,University Ave,Brewed Coffee,Drip Coffee,1,2.92,Gift Card,4.0
ORD14869,C1414,2025-12-01,Riverside,Tea,Herbal Tea,2,4.46,Card,
ORD14870,C1086,2025-06-22,Downtown,Pastries,Croissant,1,3.54,Card,
ORD14871,C1020,2025-05-17,Downtown,Food,Bagel,3,7.43,Cash,
ORD14872,C1169,2025-05-16,Downtown,Pastries,Cinnamon Roll,1,2.79,Cash,4.0
ORD14873,C1356,2025-11-15,Riverside,Espresso Drinks,Cappuccino,1,4.12,Card,5.0
ORD14874,C1356,2025-10-03,Riverside,Espresso Drinks,Cappuccino,2,5.24,Mobile Pay,4.0
ORD14875,C1343,2025-03-01,Downtown,Tea,Herbal Tea,2,3.62,Gift Card,4.0
ORD14876,C1274,2025-06-29, Downtown ,Espresso Drinks,Latte,1,4.06,Mobile Pay,2.0
ORD14877,C1566,2025-05-16,University Ave,Espresso Drinks,Espresso Shot,1,4.56,Mobile Pay,5.0
ORD14878,C1571,2025-08-24,University Ave,Tea,Chai Latte,2,4.28,Card,3.0
ORD14879,C1031,2025-01-20,University Ave,Brewed Coffee,Drip Coffee,2,3.42,Mobile Pay,
ORD14880,C1352,2025-09-17,Riverside,Pastries,Muffin,2,2.59,Gift Card,
ORD14881,C1053,2025-09-28,Downtown,Food,Avocado Toast,1,7.77,Mobile Pay,4.0
ORD14882,C1463,2025-03-24,University Ave,Pastries,Scone,2,3.05,Card,5.0
ORD14883,C1589,2025-02-24,Downtown,Brewed Coffee,Cold Brew,2,3.14,Card,5.0
ORD14884,C1577,2025-08-17,Downtown,Espresso Drinks,Latte,2,4.46,Mobile Pay,5.0
ORD14885,C1353,2025-04-04,University Ave,Pastries,Scone,1,2.72,Mobile Pay,2.0
ORD14886,C1272,2025-12-09,Downtown,Espresso Drinks,Cappuccino,1,4.42,Mobile Pay,
ORD14887,C1349,2025-10-10,Downtown,Espresso Drinks,Latte,3,4.65,Cash,5.0
ORD14888,C1074,2025-12-14,Riverside,Espresso Drinks,Americano,1,5.21,Mobile Pay,5.0
ORD14889,C1411,2025-07-14,Downtown,Food,Bagel,1,7.22,Card,5.0
ORD14890,C1079,2025-12-08,Riverside,Espresso Drinks,Espresso Shot,1,5.34,Card,2.0
ORD14891,C1016,2025-01-06,University Ave,Espresso Drinks,Latte,1,4.19,Mobile Pay,
ORD14892,C1079,2025-04-16,Downtown,Espresso Drinks,Latte,2,4.13,Card,
ORD14893,C1175,2025-01-01,Riverside,Brewed Coffee,Pour Over,2,2.88,Mobile Pay,3.0
ORD14894,C1216,2025-09-04,University Ave,Brewed Coffee,Cold Brew,1,3.46,Mobile Pay,4.0
ORD14895,C1543,2025-07-05,Riverside,Tea,Herbal Tea,2,4.07,Mobile Pay,
ORD14896,C1293,2025-04-15,University Ave,Food,Bagel,2,5.85,Card,3.0
ORD14897,C1454,2025-04-22,Downtown,Tea,Green Tea,3,4.53,Card,
ORD14898,C1040,2025-08-23,Riverside,Food,Breakfast Sandwich,2,6.16,Mobile Pay,
ORD14899,C1419,2025-03-07,Riverside,Brewed Coffee,Drip Coffee,1,3.36,Mobile Pay,
ORD14900,C1469,2025-07-07,Riverside,Pastries,Muffin,1,4.21,Cash,3.0
ORD14901,C1002,2025-08-12,Downtown,Espresso Drinks,Americano,3,4.33,Card,4.0
ORD14902,C1281,2025-03-29,University Ave,Food,Breakfast Sandwich,3,6.38,Card,
ORD14903,C1023,2025-03-25,Downtown,Food,Bagel,3,7.88,Mobile Pay,
ORD14904,C1017,2025-05-09,Riverside,Tea,Herbal Tea,1,4.18,Card,
ORD14905,C1112,2025-08-04,University Ave,Brewed Coffee,Cold Brew,1,3.33,Card,
ORD14906,C1538,2025-04-03,Downtown,Tea,Herbal Tea,3,3.61,Card,4.0
ORD14907,C1087,2025-05-19,Riverside,Espresso Drinks,Americano,1,3.95,Card,
ORD14908,C1257,2025-07-17,Riverside,Food,Breakfast Sandwich,2,7.45,Card,4.0
ORD14909,C1110,2025-03-09,Downtown,Espresso Drinks,Flat White,3,4.92,Cash,3.0
ORD14910,C1309,2025-07-27,Riverside,Espresso Drinks,Espresso Shot,1,3.82,Card,4.0
ORD14911,C1289,2025-02-20,Riverside,Espresso Drinks,Cappuccino,1,5.29,Mobile Pay,
ORD14912,C1515,2025-02-21,University Ave,Espresso Drinks,Flat White,2,4.09,Card,
ORD14913,C1190,2025-03-28,Downtown,Espresso Drinks,Latte,3,3.78,Cash,4.0
ORD14914,C1538,2025-04-15,Riverside,Brewed Coffee,Drip Coffee,2,3.03,Gift Card,
ORD14915,C1004,2025-01-11,Riverside,Food,Avocado Toast,1,6.87,Card,
ORD14916,C1308,2025-12-17,University Ave,Tea,Green Tea,1,4.71,Mobile Pay,3.0
ORD14917,C1517,2025-04-23,Downtown,Espresso Drinks,Latte,2,4.47,Cash,
ORD14918,C1328,2025-10-20,Downtown,Pastries,Cinnamon Roll,3,3.12,Card,4.0
ORD14919,C1492,2025-11-25,University Ave,Tea,Green Tea,1,3.35,Mobile Pay,
ORD14920,C1191,2025-10-19,downtown,Espresso Drinks,Latte,1,5.08,Cash,2.0
ORD14921,C1409,2025-10-30,University Ave,Espresso Drinks,Flat White,2,5.08,Card,4.0
ORD14922,C1015,2025-02-06, University Ave ,Brewed Coffee,Drip Coffee,3,3.31,Card,
ORD14923,C1113,2025-05-16,Riverside,Pastries,Croissant,1,2.7,Card,
ORD14924,C1129,2025-09-29,Downtown,Espresso Drinks,Espresso Shot,1,4.63,Mobile Pay,
ORD14925,C1333,2025-07-29,Downtown,Pastries,Cinnamon Roll,2,4.21,Cash,
ORD14926,C1016,2025-01-03,University Ave,Espresso Drinks,Cappuccino,1,3.83,Card,4.0
ORD14927,C1564,2025-07-26,University Ave,Tea,Herbal Tea,3,4.45,Mobile Pay,
ORD14928,C1272,2025-10-20,Riverside,Espresso Drinks,Flat White,1,4.92,Cash,
ORD14929,C1200,2025-10-29,University Ave,Brewed Coffee,Pour Over,3,3.37,Card,5.0
ORD14930,C1396,2025-05-20,Downtown,Espresso Drinks,Americano,2,4.59,Cash,
ORD14931,C1558,2025-03-28,University Ave,Espresso Drinks,Espresso Shot,3,3.94,Card,5.0
ORD14932,C1601,2025-04-23,Riverside,Espresso Drinks,Americano,2,5.4,Mobile Pay,
ORD14933,C1640,2025-04-18,Riverside,Brewed Coffee,Cold Brew,2,3.43,Card,3.0
ORD14934,C1192,2025-05-07,Downtown,Food,Bagel,1,8.43,Card,
ORD14935,C1406,2025-04-20,University Ave,Espresso Drinks,Flat White,3,3.94,Cash,3.0
ORD14936,C1008,2025-06-16,Riverside,Brewed Coffee,Cold Brew,1,4.21,Mobile Pay,
ORD14937,C1415,2025-01-15,University Ave,Brewed Coffee,Cold Brew,1,3.63,Gift Card,
ORD14938,C1630,2025-04-11,University Ave,Food,Breakfast Sandwich,2,6.57,Card,
ORD14939,C1649,2025-04-25,Downtown,Food,Avocado Toast,3,8.15,Mobile Pay,
ORD14940,C1166,2025-02-25,Riverside,Pastries,Cinnamon Roll,2,3.73,Mobile Pay,3.0
ORD14941,C1324,2025-11-16,Riverside,Espresso Drinks,Cappuccino,2,4.09,Mobile Pay,4.0
ORD14942,C1463,2025-09-03,Downtown,Food,Avocado Toast,2,6.7,Mobile Pay,3.0
ORD14943,C1535,2025-11-28,Riverside,Food,Bagel,1,5.57,Cash,
ORD14944,C1149,2025-07-24,University Ave,Espresso Drinks,Flat White,2,4.31,Gift Card,
ORD14945,C1065,2025-02-09,Riverside,Pastries,Muffin,1,3.22,Card,
ORD14946,C1263,2025-11-26,Riverside,Food,Breakfast Sandwich,1,6.67,Card,3.0
ORD14947,C1148,2025-06-16,Riverside,Tea,Herbal Tea,1,4.42,Cash,5.0
ORD14948,C1332,2025-09-07,Riverside,Tea,Herbal Tea,1,4.03,Card,4.0
ORD14949,C1344,2025-05-19,Downtown,Pastries,Croissant,3,4.29,Cash,
ORD14950,C1183,2025-06-29,riverside,Brewed Coffee,Pour Over,1,3.59,Card,
ORD14951,C1079,2025-06-28,Riverside,Brewed Coffee,Cold Brew,2,4.07,Gift Card,
ORD14952,C1113,2025-04-14,University Ave,Pastries,Scone,2,3.44,Card,
ORD14953,C1596,2025-07-21,Downtown,Espresso Drinks,Cappuccino,2,5.47,Card,4.0
ORD14954,C1197,2025-09-25,Riverside,Pastries,Croissant,1,3.6,Gift Card,
ORD14955,C1525,2025-01-08,Riverside,Food,Breakfast Sandwich,1,6.42,Card,
ORD14956,C1234,2025-02-17,Downtown,Tea,Chai Latte,1,3.66,Gift Card,4.0
ORD14957,C1138,2025-11-03,Downtown,Food,Avocado Toast,2,6.75,Gift Card,
ORD14958,C1118,2025-07-27,Riverside,Brewed Coffee,Drip Coffee,1,3.29,Cash,
ORD14959,C1355,2025-12-21,University Ave,Food,Avocado Toast,2,5.65,Mobile Pay,
ORD14960,C1502,2025-08-09,Downtown,Food,Breakfast Sandwich,2,8.33,Card,2.0
ORD14961,C1461,2025-08-26,university ave,Pastries,Cinnamon Roll,2,3.8,Card,
ORD14962,C1587,2025-11-24,Downtown,Brewed Coffee,Cold Brew,1,4.13,Card,4.0
ORD14963,C1518,2025-08-29,Downtown,Tea,Chai Latte,2,3.69,Gift Card,
ORD14964,C1489,2025-04-30,Riverside,Food,Bagel,3,5.72,Gift Card,3.0
ORD14965,C1375,2025-07-12,Downtown,Brewed Coffee,Cold Brew,1,3.58,Card,
ORD14966,C1227,2025-03-27,University Ave,Food,Bagel,1,5.63,Cash,5.0
ORD14967,C1382,2025-05-02,University Ave,Espresso Drinks,Latte,1,5.15,Card,
ORD14968,C1250,2025-09-05,Riverside,Pastries,Muffin,1,2.55,Cash,5.0
ORD14969,C1116,2025-02-24,Downtown,Espresso Drinks,Cappuccino,2,5.15,Cash,5.0
ORD14970,C1097,2025-09-02,Downtown,Espresso Drinks,Latte,1,4.34,Gift Card,
ORD14971,C1483,2025-08-01,Downtown,Pastries,Cinnamon Roll,1,2.77,Cash,5.0
ORD14972,C1244,2025-04-23,Downtown,Food,Bagel,1,7.18,Card,
ORD14973,C1428,2025-01-17,Riverside,Espresso Drinks,Flat White,1,3.83,Card,
ORD14974,C1195,2025-09-14,University Ave,Brewed Coffee,Drip Coffee,1,3.76,Mobile Pay,4.0
ORD14975,C1313,2025-10-28,Riverside,Food,Avocado Toast,2,7.23,Card,4.0
ORD14976,C1183,2025-09-23,Riverside,Espresso Drinks,Americano,1,4.45,Card,
ORD14977,C1314,2025-06-03,Downtown,Pastries,Cinnamon Roll,1,3.09,Card,
ORD14978,C1635,2025-08-26,Downtown,Brewed Coffee,Pour Over,1,3.25,Mobile Pay,
ORD14979,C1083,2025-05-31,Downtown,Pastries,Muffin,3,2.75,Card,
ORD14980,C1518,2025-05-11,Downtown,Brewed Coffee,Pour Over,3,2.81,Card,
ORD14981,C1625,2025-04-30,Riverside,Pastries,Cinnamon Roll,1,2.77,Mobile Pay,4.0
ORD14982,C1183,2025-03-18,University Ave,Brewed Coffee,Pour Over,1,3.23,Card,4.0
ORD14983,C1180,2025-12-19,Riverside,Espresso Drinks,Latte,2,4.74,Card,3.0
ORD14984,C1536,2025-08-31,Downtown,Espresso Drinks,Flat White,1,4.84,Card,4.0
ORD14985,C1213,2025-03-05,University Ave,Espresso Drinks,Americano,1,5.72,Card,2.0
ORD14986,C1512,2025-11-11,Downtown,Pastries,Croissant,2,4.2,Mobile Pay,
ORD14987,C1360,2025-02-25,Riverside,Pastries,Cinnamon Roll,1,4.29,Cash,
ORD14988,C1339,2025-08-05,Riverside,Espresso Drinks,Flat White,2,5.63,Cash,4.0
ORD14989,C1556,2025-03-02,Downtown,Espresso Drinks,Americano,1,5.71,Cash,
ORD14990,C1133,2025-05-12,Downtown,Espresso Drinks,Flat White,2,3.96,Cash,
ORD14991,C1411,2025-08-28,Riverside,Pastries,Scone,2,4.15,Mobile Pay,4.0
ORD14992,C1540,2025-12-30,Riverside,Espresso Drinks,Cappuccino,2,3.81,Card,4.0
ORD14993,C1178,2025-12-28,Riverside,Tea,Chai Latte,3,3.94,Card,
ORD14994,C1178,2025-11-22,Downtown,Espresso Drinks,Americano,1,5.36,Card,5.0
ORD14995,C1460,2025-03-27,Downtown,Pastries,Cinnamon Roll,1,4.33,Cash,
ORD14996,C1070,2025-02-04,University Ave,Food,Avocado Toast,1,7.99,Card,
ORD14997,C1315,2025-11-26,Downtown,Espresso Drinks,Espresso Shot,2,4.08,Mobile Pay,4.0
ORD14998,C1052,2025-12-03,Riverside,Pastries,Croissant,1,3.22,Gift Card,4.0
ORD14999,C1111,2025-04-12,Downtown,Espresso Drinks,Flat White,1,4.56,Card,
ORD15000,C1412,2025-01-07,Downtown,Espresso Drinks,Espresso Shot,1,5.32,Mobile Pay,
ORD15001,C1622,2025-08-24,Downtown,Tea,Green Tea,1,4.74,Card,
ORD15002,C1510,2025-01-28,Downtown,Pastries,Muffin,1,4.43,Card,
ORD15003,C1064,2025-01-15,Downtown,Tea,Herbal Tea,2,3.35,Gift Card,
ORD15004,C1136,2025-12-08,University Ave,Brewed Coffee,Cold Brew,1,3.86,Cash,
ORD15005,C1623,2025-06-30,Downtown,Pastries,Scone,1,2.86,Card,
ORD15006,C1579,2025-02-10,University Ave,Espresso Drinks,Flat White,1,4.62,Card,2.0
ORD15007,C1375,2025-08-27,University Ave,Tea,Green Tea,2,3.72,Mobile Pay,
ORD15008,C1518,2025-05-15,Riverside,Espresso Drinks,Latte,2,5.49,Gift Card,
ORD15009,C1381,2025-07-15,Downtown,Pastries,Croissant,1,4.07,Cash,
ORD15010,C1041,2025-11-24,Downtown,Food,Bagel,2,8.23,Card,4.0
ORD15011,C1568,2025-03-28,Riverside,Espresso Drinks,Americano,1,4.29,Card,
ORD15012,C1458,2025-08-24, Riverside ,Espresso Drinks,Espresso Shot,2,5.73,Card,
ORD15013,C1475,2025-10-29,Riverside,Pastries,Croissant,2,4.4,Card,5.0
ORD15014,C1500,2025-06-04,downtown,Food,Breakfast Sandwich,1,7.7,Mobile Pay,
ORD15015,C1049,2025-12-20,Downtown,Food,Avocado Toast,1,6.36,Card,4.0
ORD15016,C1440,2025-06-13,Downtown,Brewed Coffee,Drip Coffee,2,4.02,Cash,2.0
ORD15017,C1257,2025-06-17,Downtown,Espresso Drinks,Latte,1,4.87,Cash,3.0
ORD15018,C1534,2025-11-18,Riverside,Pastries,Muffin,1,3.23,Cash,
ORD15019,C1492,2025-08-20,Riverside,Brewed Coffee,Pour Over,2,3.03,Mobile Pay,4.0
ORD15020,C1475,2025-11-13,University Ave,Espresso Drinks,Cappuccino,1,3.94,Mobile Pay,5.0
ORD15021,C1570,2025-10-15,Riverside,Espresso Drinks,Espresso Shot,1,3.94,Card,4.0
ORD15022,C1316,2025-09-17,Riverside,Pastries,Cinnamon Roll,1,2.67,Card,
ORD15023,C1518,2025-03-29,Downtown,Espresso Drinks,Latte,1,4.02,Cash,4.0
ORD15024,C1541,2025-05-26,Riverside,Espresso Drinks,Cappuccino,2,3.76,Card,
ORD15025,C1612,2025-11-11,University Ave,Brewed Coffee,Cold Brew,3,3.84,Card,3.0
ORD15026,C1119,2025-08-13,University Ave,Food,Bagel,2,6.0,Card,
ORD15027,C1268,2025-04-12,Riverside,Food,Avocado Toast,3,6.88,Cash,
ORD15028,C1236,2025-04-30,Riverside,Espresso Drinks,Latte,1,5.28,Card,2.0
ORD15029,C1139,2025-10-10,Riverside,Food,Bagel,3,6.6,Card,2.0
ORD15030,C1034,2025-03-06,Downtown,Pastries,Scone,2,2.73,Gift Card,
ORD15031,C1547,2025-02-10,Downtown,Brewed Coffee,Pour Over,2,2.92,Mobile Pay,
ORD15032,C1045,2025-10-06,Downtown,Tea,Chai Latte,2,4.08,Card,
ORD15033,C1477,2025-04-15,Riverside,Espresso Drinks,Cappuccino,2,4.31,Cash,
ORD15034,C1325,2025-10-06,Downtown,Espresso Drinks,Americano,3,3.92,Mobile Pay,4.0
ORD15035,C1022,2025-07-14,Riverside,Food,Breakfast Sandwich,2,7.82,Cash,
ORD15036,C1118,2025-12-30,University Ave,Espresso Drinks,Cappuccino,3,4.4,Mobile Pay,
ORD15037,C1483,2025-07-11,Downtown,Tea,Green Tea,3,3.46,Gift Card,
ORD15038,C1314,2025-11-12,Downtown,Brewed Coffee,Pour Over,1,3.05,Card,5.0
ORD15039,C1160,2025-11-06,University Ave,Brewed Coffee,Cold Brew,2,4.09,Gift Card,
ORD15040,C1632,2025-03-19,Downtown,Brewed Coffee,Drip Coffee,1,3.96,Gift Card,
ORD15041,C1327,2025-12-29,Downtown,Tea,Herbal Tea,2,4.01,Card,5.0
ORD15042,C1481,2025-09-29,Downtown,Pastries,Croissant,2,4.39,Card,
ORD15043,C1129,2025-02-09,Downtown,Brewed Coffee,Drip Coffee,3,3.85,Mobile Pay,
ORD15044,C1238,2025-01-03,Riverside,Espresso Drinks,Americano,1,5.2,Mobile Pay,5.0
ORD15045,C1202,2025-04-09,University Ave,Tea,Chai Latte,2,4.26,Mobile Pay,
ORD15046,C1466,2025-01-06,Downtown,Food,Breakfast Sandwich,2,8.08,Mobile Pay,
ORD15047,C1204,2025-05-11,Riverside,Espresso Drinks,Cappuccino,1,4.39,Card,4.0
ORD15048,C1299,2025-12-29,Riverside,Brewed Coffee,Cold Brew,1,3.19,Card,
ORD15049,C1569,2025-06-24,Downtown,Espresso Drinks,Espresso Shot,3,5.37,Mobile Pay,2.0
ORD15050,C1344,2025-01-09,Downtown,Brewed Coffee,Drip Coffee,1,2.82,Card,
ORD15051,C1290,2025-06-29,Riverside,Espresso Drinks,Flat White,3,4.29,Mobile Pay,
ORD15052,C1128,2025-03-21,Downtown,Espresso Drinks,Espresso Shot,1,3.86,Card,2.0
ORD15053,C1192,2025-11-08,Riverside,Espresso Drinks,Latte,3,4.75,Mobile Pay,
ORD15054,C1265,2025-02-02,riverside,Brewed Coffee,Pour Over,1,4.11,Cash,
ORD15055,C1241,2025-10-08,Downtown,Pastries,Croissant,2,2.84,Mobile Pay,3.0
ORD15056,C1289,2025-06-12,riverside,Tea,Green Tea,1,3.71,Card,
ORD15057,C1013,2025-01-07,Downtown,Brewed Coffee,Drip Coffee,3,3.25,Mobile Pay,4.0
ORD15058,C1274,2025-09-03,Downtown,Tea,Green Tea,2,4.36,Mobile Pay,5.0
ORD15059,C1385,2025-06-15,Riverside,Pastries,Muffin,1,4.32,Mobile Pay,
ORD15060,C1537,2025-10-08,Downtown,Brewed Coffee,Pour Over,1,3.73,Card,
ORD15061,C1342,2025-08-13,university ave,Espresso Drinks,Latte,1,4.93,Card,2.0
ORD15062,C1401,2025-10-14,Riverside,Pastries,Croissant,2,2.57,Mobile Pay,5.0
ORD15063,C1460,2025-06-17,downtown,Brewed Coffee,Cold Brew,3,4.09,Card,4.0
ORD15064,C1406,2025-01-03,University Ave,Brewed Coffee,Drip Coffee,1,2.92,Card,4.0
ORD15065,C1445,2025-02-17,University Ave,Brewed Coffee,Drip Coffee,2,3.81,Gift Card,
ORD15066,C1585,2025-06-17,University Ave,Espresso Drinks,Latte,1,3.77,Cash,
ORD15067,C1263,2025-05-25,Downtown,Espresso Drinks,Flat White,1,4.98,Card,
ORD15068,C1629,2025-10-17,University Ave,Pastries,Muffin,3,4.35,Mobile Pay,4.0
ORD15069,C1416,2025-05-30,Downtown,Brewed Coffee,Cold Brew,1,3.7,Mobile Pay,4.0
ORD15070,C1263,2025-11-10,Riverside,Brewed Coffee,Pour Over,2,4.04,Mobile Pay,3.0
ORD15071,C1379,2025-03-10,Downtown,Brewed Coffee,Drip Coffee,2,3.6,Card,5.0
ORD15072,C1055,2025-05-21,University Ave,Brewed Coffee,Drip Coffee,3,3.88,Mobile Pay,
ORD15073,C1250,2025-10-03,Downtown,Tea,Herbal Tea,2,4.25,Mobile Pay,5.0
ORD15074,C1234,2025-02-15,Riverside,Espresso Drinks,Latte,2,5.25,Cash,4.0
ORD15075,C1471,2025-04-27,Downtown,Food,Bagel,2,5.54,Card,
ORD15076,C1135,2025-10-01,Downtown,Tea,Chai Latte,2,3.28,Mobile Pay,
ORD15077,C1512,2025-08-03,University Ave,Brewed Coffee,Cold Brew,2,4.02,Card,5.0
ORD15078,C1014,2025-10-11,University Ave,Pastries,Cinnamon Roll,1,2.82,Mobile Pay,4.0
ORD15079,C1069,2025-07-07,Downtown,Food,Bagel,1,5.64,Mobile Pay,4.0
ORD15080,C1007,2025-11-09,Riverside,Brewed Coffee,Cold Brew,2,4.18,Mobile Pay,5.0
ORD15081,C1045,2025-11-16,University Ave,Pastries,Scone,1,3.48,Cash,4.0
ORD15082,C1415,2025-12-21,Riverside,Pastries,Muffin,2,4.39,Mobile Pay,
ORD15083,C1187,2025-02-14,Riverside,Brewed Coffee,Cold Brew,1,3.33,Mobile Pay,
ORD15084,C1253,2025-08-04,Downtown,Espresso Drinks,Espresso Shot,2,5.29,Card,2.0
ORD15085,C1197,2025-02-11,Downtown,Pastries,Croissant,1,3.02,Mobile Pay,5.0
ORD15086,C1259,2025-03-25,University Ave,Brewed Coffee,Pour Over,1,3.26,Cash,
ORD15087,C1369,2025-04-20,university ave,Pastries,Cinnamon Roll,1,3.04,Card,4.0
ORD15088,C1373,2025-08-24,University Ave,Brewed Coffee,Drip Coffee,2,2.78,Mobile Pay,3.0
ORD15089,C1335,2025-06-06,University Ave,Brewed Coffee,Cold Brew,1,3.4,Mobile Pay,
ORD15090,C1574,2025-11-11,Downtown,Espresso Drinks,Cappuccino,2,4.19,Card,3.0
ORD15091,C1421,2025-04-19,Downtown,Brewed Coffee,Drip Coffee,2,3.45,Card,
ORD15092,C1154,2025-08-13,Riverside,Espresso Drinks,Espresso Shot,1,4.51,Mobile Pay,4.0
ORD15093,C1007,2025-10-05,Riverside,Pastries,Croissant,1,2.93,Card,5.0
ORD15094,C1546,2025-12-23,Downtown,Espresso Drinks,Americano,1,4.96,Mobile Pay,4.0
ORD15095,C1040,2025-03-31,Riverside,Food,Breakfast Sandwich,2,7.1,Cash,
ORD15096,C1480,2025-09-25,Downtown,Espresso Drinks,Cappuccino,1,5.6,Card,4.0
ORD15097,C1369,2025-01-31,Riverside,Brewed Coffee,Drip Coffee,3,3.97,Card,4.0
ORD15098,C1047,2025-07-17,University Ave,Espresso Drinks,Latte,1,3.92,Card,
ORD15099,C1362,2025-05-31,Downtown,Espresso Drinks,Americano,3,4.41,Card,
ORD15100,C1116,2025-12-15,University Ave,Pastries,Croissant,2,3.99,Gift Card,5.0
ORD15101,C1549,2025-10-09,Riverside,Espresso Drinks,Latte,3,4.0,Mobile Pay,4.0
ORD15102,C1382,2025-12-04,Riverside,Espresso Drinks,Cappuccino,2,4.17,Card,3.0
ORD15103,C1258,2025-11-06,Downtown,Brewed Coffee,Drip Coffee,2,4.04,Cash,4.0
ORD15104,C1546,2025-05-30,Downtown,Brewed Coffee,Cold Brew,1,3.13,Cash,4.0
ORD15105,C1485,2025-09-24,University Ave,Espresso Drinks,Cappuccino,2,4.94,Card,
ORD15106,C1308,2025-01-12, University Ave ,Pastries,Cinnamon Roll,1,3.34,Gift Card,
ORD15107,C1523,2025-07-23,Riverside,Espresso Drinks,Cappuccino,2,4.23,Mobile Pay,4.0
ORD15108,C1607,2025-01-18,Downtown,Pastries,Cinnamon Roll,2,3.25,Mobile Pay,
ORD15109,C1201,2025-09-21,Riverside,Brewed Coffee,Drip Coffee,1,4.22,Card,
ORD15110,C1214,2025-12-18,Riverside,Brewed Coffee,Drip Coffee,1,2.86,Card,4.0
ORD15111,C1452,2025-09-06,Riverside,Food,Breakfast Sandwich,1,7.32,Card,
ORD15112,C1053,2025-11-02,Downtown,Espresso Drinks,Flat White,1,5.1,Card,3.0
ORD15113,C1056,2025-03-27,University Ave,Food,Avocado Toast,2,6.45,Cash,
ORD15114,C1262,2025-12-28,Downtown,Pastries,Muffin,2,2.72,Card,
ORD15115,C1001,2025-07-20,Riverside,Brewed Coffee,Cold Brew,1,3.65,Mobile Pay,
ORD15116,C1633,2025-09-03,Riverside,Espresso Drinks,Cappuccino,2,4.25,Card,4.0
ORD15117,C1611,2025-10-08,University Ave,Food,Bagel,1,8.1,Mobile Pay,
ORD15118,C1004,2025-08-21,Downtown,Espresso Drinks,Cappuccino,1,4.42,Card,2.0
ORD15119,C1502,2025-04-26,Downtown,Espresso Drinks,Latte,1,4.51,Cash,5.0
ORD15120,C1248,2025-08-11,University Ave,Espresso Drinks,Flat White,2,4.96,Mobile Pay,3.0
ORD15121,C1117,2025-08-27,Downtown,Espresso Drinks,Flat White,3,5.41,Card,
ORD15122,C1327,2025-11-09,Riverside,Pastries,Muffin,1,3.87,Card,
ORD15123,C1215,2025-06-25,Downtown,Pastries,Scone,2,3.35,Card,3.0
ORD15124,C1514,2025-07-02,Riverside,Espresso Drinks,Americano,1,4.22,Card,3.0
ORD15125,C1322,2025-07-03,riverside,Brewed Coffee,Pour Over,2,4.02,Card,
ORD15126,C1382,2025-02-11,Riverside,Pastries,Muffin,1,2.54,Card,
ORD15127,C1118,2025-02-02,Riverside,Espresso Drinks,Latte,2,4.14,Cash,
ORD15128,C1252,2025-01-08,Riverside,Pastries,Scone,3,3.58,Cash,
ORD15129,C1348,2025-08-31,Riverside,Tea,Chai Latte,2,3.4,Gift Card,5.0
ORD15130,C1264,2025-06-02,Downtown,Espresso Drinks,Flat White,2,4.08,Gift Card,
ORD15131,C1401,2025-11-12,University Ave,Espresso Drinks,Flat White,2,5.25,Mobile Pay,
ORD15132,C1412,2025-09-13,Riverside,Espresso Drinks,Americano,3,4.83,Mobile Pay,
ORD15133,C1422,2025-02-21,University Ave,Espresso Drinks,Latte,1,4.63,Card,
ORD15134,C1203,2025-02-06,Riverside,Pastries,Muffin,1,3.8,Cash,5.0
ORD15135,C1487,2025-05-14,Downtown,Pastries,Scone,1,4.02,Cash,4.0
ORD15136,C1602,2025-12-02,Downtown,Espresso Drinks,Espresso Shot,1,4.27,Mobile Pay,4.0
ORD15137,C1091,2025-01-18,Downtown,Espresso Drinks,Espresso Shot,2,3.99,Mobile Pay,
ORD15138,C1321,2025-03-10,Downtown,Espresso Drinks,Espresso Shot,1,5.38,Card,
ORD15139,C1356,2025-01-11,University Ave,Food,Avocado Toast,2,7.47,Card,4.0
ORD15140,C1098,2025-05-31,Riverside,Espresso Drinks,Flat White,1,5.25,Cash,
ORD15141,C1237,2025-12-27,University Ave,Espresso Drinks,Latte,1,4.37,Cash,4.0
ORD15142,C1493,2025-09-06,Downtown,Pastries,Cinnamon Roll,1,3.27,Cash,
ORD15143,C1339,2025-06-29,Downtown,Espresso Drinks,Espresso Shot,3,4.68,Cash,
ORD15144,C1455,2025-02-22,Riverside,Espresso Drinks,Cappuccino,2,4.94,Mobile Pay,
ORD15145,C1092,2025-05-10,Downtown,Espresso Drinks,Flat White,1,4.92,Card,
ORD15146,C1142,2025-07-10,Riverside,Espresso Drinks,Espresso Shot,1,5.26,Card,3.0
ORD15147,C1298,2025-04-11,Downtown,Brewed Coffee,Pour Over,2,3.63,Card,
ORD15148,C1365,2025-09-14,University Ave,Pastries,Scone,2,4.42,Card,
ORD15149,C1464,2025-12-23,Downtown,Pastries,Scone,2,4.38,Card,5.0
ORD15150,C1291,2025-03-16,University Ave,Pastries,Cinnamon Roll,1,4.32,Card,4.0
ORD15151,C1180,2025-04-02,Riverside,Espresso Drinks,Cappuccino,3,4.86,Mobile Pay,
ORD15152,C1091,2025-02-15,Downtown,Food,Avocado Toast,1,8.05,Cash,5.0
ORD15153,C1272,2025-09-22,Downtown,Espresso Drinks,Americano,1,5.47,Cash,
ORD15154,C1497,2025-06-18,Riverside,Espresso Drinks,Espresso Shot,1,4.71,Mobile Pay,2.0
ORD15155,C1599,2025-04-14,Downtown,Food,Avocado Toast,1,5.68,Mobile Pay,4.0
ORD15156,C1524,2025-03-21,Riverside,Food,Avocado Toast,2,7.83,Cash,3.0
ORD15157,C1363,2025-01-26,downtown,Espresso Drinks,Cappuccino,2,5.21,Gift Card,
ORD15158,C1323,2025-06-23,University Ave,Espresso Drinks,Cappuccino,3,5.73,Gift Card,
ORD15159,C1269,2025-09-06,Riverside,Brewed Coffee,Drip Coffee,1,3.37,Gift Card,4.0
ORD15160,C1414,2025-03-27,University Ave,Food,Avocado Toast,1,7.9,Mobile Pay,3.0
ORD15161,C1335,2025-01-01,Riverside,Brewed Coffee,Pour Over,3,3.1,Card,
ORD15162,C1433,2025-06-22,Riverside,Espresso Drinks,Flat White,2,5.0,Card,5.0
ORD15163,C1347,2025-09-03,Downtown,Brewed Coffee,Drip Coffee,1,3.48,Card,5.0
ORD15164,C1584,2025-05-06,University Ave,Pastries,Scone,1,3.92,Card,4.0
ORD15165,C1500,2025-04-02,Riverside,Espresso Drinks,Espresso Shot,2,5.0,Card,3.0
ORD15166,C1255,2025-02-26,Downtown,Brewed Coffee,Cold Brew,3,4.17,Card,5.0
ORD15167,C1424,2025-09-29,Downtown,Pastries,Cinnamon Roll,3,3.92,Mobile Pay,
ORD15168,C1261,2025-11-10,University Ave,Tea,Herbal Tea,2,4.66,Cash,5.0
ORD15169,C1309,2025-10-08,Downtown,Pastries,Cinnamon Roll,3,3.84,Card,1.0
ORD15170,C1335,2025-07-08,Riverside,Espresso Drinks,Cappuccino,3,4.3,Card,
ORD15171,C1508,2025-09-21,University Ave,Espresso Drinks,Americano,2,4.22,Card,
ORD15172,C1341,2025-05-25,University Ave,Espresso Drinks,Espresso Shot,3,4.29,Mobile Pay,3.0
ORD15173,C1136,2025-01-09,Riverside,Brewed Coffee,Cold Brew,1,3.16,Card,4.0
ORD15174,C1442,2025-05-14,Downtown,Pastries,Scone,2,3.79,Card,2.0
ORD15175,C1489,2025-09-14,University Ave,Brewed Coffee,Pour Over,1,3.76,Gift Card,
ORD15176,C1153,2025-08-24,Downtown,Espresso Drinks,Americano,2,4.36,Card,
ORD15177,C1144,2025-12-27,Downtown,Brewed Coffee,Drip Coffee,1,3.02,Card,
ORD15178,C1314,2025-12-30,Downtown,Espresso Drinks,Espresso Shot,1,4.67,Card,4.0
ORD15179,C1074,2025-03-30,Riverside,Espresso Drinks,Americano,1,4.64,Card,4.0
ORD15180,C1007,2025-01-04,Downtown,Pastries,Croissant,1,2.58,Mobile Pay,
ORD15181,C1238,2025-04-10,University Ave,Espresso Drinks,Americano,2,3.96,Cash,4.0
ORD15182,C1260,2025-11-15,Downtown,Espresso Drinks,Espresso Shot,1,4.66,Card,5.0
ORD15183,C1190,2025-10-24,downtown,Food,Bagel,1,6.8,Card,
ORD15184,C1556,2025-02-05,Riverside,Espresso Drinks,Latte,2,4.55,Mobile Pay,1.0
ORD15185,C1415,2025-02-28,Downtown,Espresso Drinks,Flat White,2,4.5,Card,
ORD15186,C1168,2025-07-25,University Ave,Espresso Drinks,Flat White,1,5.48,Card,5.0
ORD15187,C1199,2025-08-29,Riverside,Pastries,Scone,1,3.57,Card,5.0
ORD15188,C1585,2025-12-24,University Ave,Brewed Coffee,Drip Coffee,3,3.43,Cash,
ORD15189,C1313,2025-10-02,Downtown,Food,Avocado Toast,2,6.55,Card,
ORD15190,C1633,2025-03-19,University Ave,Espresso Drinks,Flat White,1,4.06,Card,
ORD15191,C1045,2025-01-14,Downtown,Pastries,Scone,2,3.85,Mobile Pay,
ORD15192,C1007,2025-08-19,Riverside,Pastries,Croissant,2,3.3,Card,
ORD15193,C1379,2025-07-21,Riverside,Food,Breakfast Sandwich,3,7.63,Mobile Pay,4.0
ORD15194,C1536,2025-12-02,University Ave,Pastries,Scone,3,4.5,Card,
ORD15195,C1422,2025-07-29,Downtown,Espresso Drinks,Latte,3,4.4,Mobile Pay,5.0
ORD15196,C1275,2025-07-02,Downtown,Pastries,Croissant,1,3.22,Cash,
ORD15197,C1345,2025-04-21,University Ave,Food,Breakfast Sandwich,1,8.31,Card,
ORD15198,C1582,2025-02-01,University Ave,Espresso Drinks,Latte,3,5.61,Card,2.0
ORD15199,C1392,2025-11-15,Riverside,Espresso Drinks,Cappuccino,3,5.3,Card,
ORD15200,C1000,2025-10-28,Downtown,Espresso Drinks,Espresso Shot,3,5.71,Card,4.0
ORD15201,C1469,2025-03-01,Downtown,Food,Breakfast Sandwich,1,8.42,Cash,
ORD15202,C1118,2025-09-14,University Ave,Espresso Drinks,Espresso Shot,2,4.71,Mobile Pay,
ORD15203,C1227,2025-05-13,University Ave,Brewed Coffee,Pour Over,1,3.18,Card,
ORD15204,C1384,2025-06-09,Downtown,Pastries,Scone,3,2.61,Card,4.0
ORD15205,C1176,2025-11-05,University Ave,Espresso Drinks,Americano,3,4.37,Card,5.0
ORD15206,C1602,2025-11-03,Downtown,Espresso Drinks,Flat White,3,3.82,Cash,
ORD15207,C1113,2025-03-11,Riverside,Tea,Chai Latte,1,4.32,Gift Card,
ORD15208,C1175,2025-04-22,Downtown,Tea,Chai Latte,2,4.52,Card,
ORD15209,C1493,2025-10-26,Riverside,Brewed Coffee,Cold Brew,2,3.83,Card,
ORD15210,C1456,2025-11-30,university ave,Food,Bagel,1,6.59,Card,4.0
ORD15211,C1300,2025-01-29,Downtown,Espresso Drinks,Americano,2,4.94,Gift Card,
ORD15212,C1602,2025-10-31,Downtown,Brewed Coffee,Cold Brew,3,4.07,Card,
ORD15213,C1000,2025-06-28,Downtown,Brewed Coffee,Cold Brew,2,4.16,Card,2.0
ORD15214,C1384,2025-08-03,Downtown,Tea,Herbal Tea,2,3.37,Card,
ORD15215,C1352,2025-01-28,University Ave,Espresso Drinks,Cappuccino,1,4.84,Mobile Pay,
ORD15216,C1641,2025-09-05,Riverside,Espresso Drinks,Americano,2,4.96,Gift Card,4.0
ORD15217,C1069,2025-09-04,Riverside,Pastries,Muffin,2,4.4,Mobile Pay,
ORD15218,C1182,2025-08-30,Downtown,Brewed Coffee,Cold Brew,1,3.34,Cash,3.0
ORD15219,C1364,2025-10-15,University Ave,Food,Breakfast Sandwich,1,8.33,Mobile Pay,4.0
ORD15220,C1006,2025-12-11,University Ave,Espresso Drinks,Espresso Shot,1,5.62,Card,
ORD15221,C1213,2025-11-06,university ave,Espresso Drinks,Flat White,1,5.11,Mobile Pay,3.0
ORD15222,C1167,2025-09-29,Riverside,Pastries,Cinnamon Roll,2,4.31,Mobile Pay,
ORD15223,C1600,2025-12-24,University Ave,Espresso Drinks,Espresso Shot,1,4.47,Card,5.0
ORD15224,C1364,2025-09-03,Downtown,Espresso Drinks,Latte,1,5.04,Mobile Pay,4.0
ORD15225,C1072,2025-09-02,Downtown,Espresso Drinks,Latte,1,4.82,Card,4.0
ORD15226,C1539,2025-07-17,Riverside,Pastries,Muffin,3,4.1,Mobile Pay,
ORD15227,C1307,2025-10-07,Riverside,Pastries,Scone,3,3.88,Cash,5.0
ORD15228,C1460,2025-01-26,Downtown,Espresso Drinks,Flat White,1,5.61,Card,1.0
ORD15229,C1191,2025-07-04,Riverside,Espresso Drinks,Cappuccino,1,5.59,Card,4.0
ORD15230,C1104,2025-06-04,Downtown,Espresso Drinks,Cappuccino,3,5.24,Card,4.0
ORD15231,C1624,2025-11-29,Downtown,Espresso Drinks,Cappuccino,3,4.84,Card,4.0
ORD15232,C1083,2025-01-27,University Ave,Pastries,Cinnamon Roll,1,2.98,Card,
ORD15233,C1461,2025-08-23,Downtown,Espresso Drinks,Flat White,1,5.09,Card,
ORD15234,C1600,2025-03-09,University Ave,Espresso Drinks,Americano,1,5.28,Cash,
ORD15235,C1466,2025-11-18,university ave,Pastries,Croissant,1,3.63,Gift Card,
ORD15236,C1519,2025-11-07,Downtown,Brewed Coffee,Cold Brew,2,2.83,Card,
ORD15237,C1119,2025-03-27,University Ave,Espresso Drinks,Latte,3,3.81,Card,
ORD15238,C1220,2025-11-14,Downtown,Pastries,Croissant,1,3.12,Card,1.0
ORD15239,C1006,2025-06-30,Riverside,Food,Bagel,2,7.78,Card,3.0
ORD15240,C1030,2025-12-20,Downtown,Brewed Coffee,Pour Over,2,3.0,Mobile Pay,4.0
ORD15241,C1041,2025-09-23,University Ave,Brewed Coffee,Cold Brew,2,3.93,Mobile Pay,2.0
ORD15242,C1291,2025-01-13,Riverside,Espresso Drinks,Cappuccino,1,5.07,Cash,
ORD15243,C1408,2025-03-15,University Ave,Espresso Drinks,Latte,1,4.08,Card,5.0
ORD15244,C1387,2025-05-27,Downtown,Brewed Coffee,Drip Coffee,3,2.8,Card,
ORD15245,C1196,2025-03-18,university ave,Espresso Drinks,Americano,1,5.42,Cash,4.0
ORD15246,C1218,2025-02-18,University Ave,Espresso Drinks,Latte,1,4.53,Mobile Pay,
ORD15247,C1223,2025-12-23,University Ave,Food,Bagel,1,5.97,Gift Card,
ORD15248,C1630,2025-11-13,Riverside,Brewed Coffee,Pour Over,1,3.9,Card,4.0
ORD15249,C1557,2025-06-08,University Ave,Pastries,Cinnamon Roll,1,4.36,Mobile Pay,2.0
ORD15250,C1306,2025-03-20,Riverside,Food,Breakfast Sandwich,3,5.76,Mobile Pay,5.0
ORD15251,C1300,2025-03-08,Downtown,Pastries,Scone,1,2.7,Card,5.0
ORD15252,C1258,2025-11-30,Downtown,Pastries,Croissant,1,4.36,Card,
ORD15253,C1194,2025-05-01,University Ave,Pastries,Cinnamon Roll,1,3.32,Cash,
ORD15254,C1327,2025-01-05,Downtown,Espresso Drinks,Cappuccino,2,3.86,Mobile Pay,4.0
ORD15255,C1193,2025-05-25,Riverside,Espresso Drinks,Cappuccino,1,4.75,Card,
ORD15256,C1582,2025-06-15,Downtown,Espresso Drinks,Flat White,2,5.72,Cash,5.0
ORD15257,C1444,2025-08-15,University Ave,Espresso Drinks,Latte,2,5.01,Mobile Pay,
ORD15258,C1023,2025-05-04,Downtown,Espresso Drinks,Espresso Shot,2,5.69,Card,
ORD15259,C1288,2025-12-02,University Ave,Brewed Coffee,Drip Coffee,2,3.36,Cash,2.0
ORD15260,C1442,2025-08-23,Riverside,Tea,Chai Latte,3,4.44,Cash,4.0
ORD15261,C1222,2025-12-26,Downtown,Espresso Drinks,Espresso Shot,1,5.31,Cash,
ORD15262,C1396,2025-05-14,university ave,Espresso Drinks,Flat White,1,5.47,Card,3.0
ORD15263,C1135,2025-08-26,Riverside,Tea,Chai Latte,3,3.69,Cash,
ORD15264,C1294,2025-05-13,Riverside,Espresso Drinks,Flat White,3,4.22,Gift Card,2.0
ORD15265,C1538,2025-09-12,Downtown,Food,Breakfast Sandwich,1,8.13,Card,
ORD15266,C1471,2025-09-29,Downtown,Pastries,Croissant,1,3.3,Mobile Pay,
ORD15267,C1623,2025-04-28,Downtown,Brewed Coffee,Cold Brew,2,3.56,Card,
ORD15268,C1370,2025-12-08,Riverside,Food,Breakfast Sandwich,2,7.73,Card,4.0
ORD15269,C1096,2025-11-09,Riverside,Tea,Green Tea,1,3.34,Card,4.0
ORD15270,C1571,2025-11-22,Downtown,Espresso Drinks,Cappuccino,2,5.74,Card,
ORD15271,C1602,2025-03-21, Downtown ,Espresso Drinks,Americano,1,4.55,Card,
ORD15272,C1135,2025-09-19,Riverside,Pastries,Croissant,2,4.25,Card,
ORD15273,C1579,2025-02-08,University Ave,Brewed Coffee,Cold Brew,1,4.03,Mobile Pay,4.0
ORD15274,C1254,2025-02-08, University Ave ,Espresso Drinks,Americano,3,4.4,Gift Card,5.0
ORD15275,C1344,2025-12-21,University Ave,Brewed Coffee,Cold Brew,2,2.95,Card,
ORD15276,C1618,2025-02-25,University Ave,Pastries,Scone,3,2.58,Card,3.0
ORD15277,C1266,2025-11-11,Downtown,Espresso Drinks,Cappuccino,2,4.7,Mobile Pay,5.0
ORD15278,C1195,2025-06-06,Downtown,Tea,Herbal Tea,1,3.81,Card,
ORD15279,C1400,2025-04-21,Downtown,Food,Avocado Toast,2,6.95,Mobile Pay,
ORD15280,C1303,2025-01-27,Downtown,Pastries,Muffin,2,3.17,Card,4.0
ORD15281,C1153,2025-09-03,Riverside,Espresso Drinks,Flat White,1,4.81,Card,4.0
ORD15282,C1207,2025-09-20,Downtown,Food,Avocado Toast,1,8.19,Mobile Pay,
ORD15283,C1508,2025-06-19,University Ave,Brewed Coffee,Cold Brew,1,4.16,Mobile Pay,
ORD15284,C1499,2025-10-22,Downtown,Espresso Drinks,Flat White,1,4.19,Card,
ORD15285,C1647,2025-04-28,Downtown,Pastries,Croissant,1,2.56,Card,
ORD15286,C1429,2025-07-20,Riverside,Food,Bagel,2,8.26,Card,5.0
ORD15287,C1550,2025-04-15,University Ave,Espresso Drinks,Flat White,1,4.49,Card,4.0
ORD15288,C1300,2025-07-31,University Ave,Espresso Drinks,Cappuccino,3,5.4,Mobile Pay,
ORD15289,C1065,2025-02-19,University Ave,Espresso Drinks,Latte,3,5.18,Mobile Pay,
ORD15290,C1631,2025-06-23,Downtown,Pastries,Scone,1,4.02,Mobile Pay,
ORD15291,C1278,2025-07-19,University Ave,Espresso Drinks,Espresso Shot,3,4.62,Mobile Pay,
ORD15292,C1461,2025-07-22,Riverside,Espresso Drinks,Cappuccino,1,4.2,Card,4.0
ORD15293,C1034,2025-06-12,Riverside,Pastries,Cinnamon Roll,2,3.05,Mobile Pay,4.0
ORD15294,C1095,2025-08-23, University Ave ,Pastries,Scone,3,3.71,Card,3.0
ORD15295,C1330,2025-07-06,Downtown,Pastries,Cinnamon Roll,1,3.55,Card,5.0
ORD15296,C1470,2025-04-14,university ave,Food,Bagel,1,7.58,Card,5.0
ORD15297,C1062,2025-03-20,Riverside,Food,Avocado Toast,1,6.82,Card,4.0
ORD15298,C1164,2025-08-24,Downtown,Espresso Drinks,Americano,2,4.48,Cash,4.0
ORD15299,C1190,2025-12-08,Downtown,Pastries,Croissant,3,3.25,Card,
ORD15300,C1467,2025-10-02,University Ave,Pastries,Scone,3,3.38,Card,3.0
ORD15301,C1396,2025-08-21,University Ave,Food,Avocado Toast,1,6.95,Mobile Pay,4.0
ORD15302,C1270,2025-12-02,Riverside,Tea,Chai Latte,2,4.43,Mobile Pay,
ORD15303,C1441,2025-11-24,University Ave,Espresso Drinks,Cappuccino,1,5.54,Card,
ORD15304,C1085,2025-07-04,Downtown,Brewed Coffee,Pour Over,3,4.01,Card,5.0
ORD15305,C1552,2025-02-09,university ave,Espresso Drinks,Americano,1,4.29,Mobile Pay,
ORD15306,C1537,2025-08-19,Riverside,Espresso Drinks,Americano,1,4.99,Cash,
ORD15307,C1019,2025-08-15,Downtown,Pastries,Croissant,3,2.82,Card,
ORD15308,C1627,2025-04-11,Downtown,Pastries,Cinnamon Roll,3,3.85,Card,4.0
ORD15309,C1499,2025-11-06,University Ave,Brewed Coffee,Drip Coffee,1,2.89,Card,3.0
ORD15310,C1621,2025-11-13,Downtown,Brewed Coffee,Pour Over,1,3.27,Card,5.0
ORD15311,C1011,2025-05-01,University Ave,Pastries,Scone,1,4.1,Card,
ORD15312,C1508,2025-06-23,University Ave,Tea,Green Tea,3,4.43,Card,
ORD15313,C1159,2025-03-13,University Ave,Food,Breakfast Sandwich,3,6.94,Mobile Pay,2.0
ORD15314,C1236,2025-03-06,Riverside,Espresso Drinks,Flat White,2,4.1,Card,4.0
ORD15315,C1595,2025-04-07,Downtown,Brewed Coffee,Cold Brew,2,2.94,Card,3.0
ORD15316,C1625,2025-05-14,University Ave,Tea,Herbal Tea,2,4.39,Mobile Pay,
ORD15317,C1285,2025-04-10,University Ave,Espresso Drinks,Cappuccino,2,4.88,Cash,
ORD15318,C1135,2025-02-25,Downtown,Pastries,Croissant,1,3.44,Card,3.0
ORD15319,C1107,2025-06-12,Riverside,Espresso Drinks,Espresso Shot,1,4.03,Card,1.0
ORD15320,C1553,2025-08-15,Riverside,Espresso Drinks,Cappuccino,3,4.67,Mobile Pay,4.0
ORD15321,C1353,2025-04-29,Downtown,Brewed Coffee,Drip Coffee,2,3.47,Card,
ORD15322,C1182,2025-07-14,riverside,Espresso Drinks,Espresso Shot,2,4.76,Cash,
ORD15323,C1445,2025-04-09,Riverside,Food,Avocado Toast,3,6.13,Card,
ORD15324,C1466,2025-09-14,Downtown,Espresso Drinks,Espresso Shot,3,4.8,Gift Card,
ORD15325,C1552,2025-08-25,Riverside,Espresso Drinks,Espresso Shot,3,4.42,Card,
ORD15326,C1009,2025-12-16,Downtown,Pastries,Muffin,3,3.83,Card,4.0
ORD15327,C1480,2025-01-20,Riverside,Tea,Herbal Tea,1,3.74,Mobile Pay,
ORD15328,C1352,2025-11-07,Riverside,Pastries,Croissant,2,3.38,Mobile Pay,
ORD15329,C1349,2025-05-04,Downtown,Espresso Drinks,Americano,2,4.3,Card,
ORD15330,C1043,2025-01-25,Riverside,Pastries,Muffin,2,3.37,Cash,
ORD15331,C1497,2025-09-09,Downtown,Espresso Drinks,Cappuccino,1,4.63,Card,3.0
ORD15332,C1594,2025-03-04,Riverside,Pastries,Croissant,1,2.51,Card,
ORD15333,C1476,2025-03-06,Riverside,Food,Breakfast Sandwich,2,7.92,Gift Card,3.0
ORD15334,C1130,2025-12-23,Downtown,Food,Breakfast Sandwich,1,8.42,Mobile Pay,4.0
ORD15335,C1058,2025-03-22,Downtown,Espresso Drinks,Americano,1,5.24,Card,5.0
ORD15336,C1620,2025-07-19,University Ave,Brewed Coffee,Drip Coffee,2,3.2,Card,
ORD15337,C1141,2025-03-15,University Ave,Espresso Drinks,Latte,2,5.49,Gift Card,5.0
ORD15338,C1150,2025-02-15,Riverside,Food,Avocado Toast,3,6.65,Card,4.0
ORD15339,C1575,2025-01-01,Downtown,Espresso Drinks,Flat White,2,5.48,Card,
ORD15340,C1047,2025-01-06,Riverside,Pastries,Scone,1,3.04,Cash,
ORD15341,C1344,2025-06-22,Riverside,Espresso Drinks,Latte,3,5.47,Cash,
ORD15342,C1247,2025-06-07,Riverside,Espresso Drinks,Flat White,1,4.39,Card,
ORD15343,C1490,2025-01-15, Riverside ,Espresso Drinks,Latte,1,5.16,Card,
ORD15344,C1332,2025-05-08,Riverside,Brewed Coffee,Cold Brew,3,3.38,Mobile Pay,4.0
ORD15345,C1287,2025-04-10,Riverside,Pastries,Scone,1,2.74,Gift Card,
ORD15346,C1371,2025-07-27,Downtown,Espresso Drinks,Americano,2,5.03,Card,
ORD15347,C1646,2025-12-29,Riverside,Espresso Drinks,Flat White,3,4.91,Cash,
ORD15348,C1067,2025-09-09,Riverside,Pastries,Croissant,1,4.36,Card,
ORD15349,C1200,2025-12-01,University Ave,Espresso Drinks,Latte,2,5.05,Cash,
ORD15350,C1270,2025-03-11,Riverside,Espresso Drinks,Flat White,2,5.09,Mobile Pay,
ORD15351,C1448,2025-03-20,Downtown,Pastries,Scone,2,3.97,Card,
ORD15352,C1467,2025-10-01,riverside,Espresso Drinks,Flat White,2,4.18,Cash,
ORD15353,C1037,2025-04-23,Downtown,Tea,Herbal Tea,3,4.56,Card,
ORD15354,C1313,2025-11-05,Riverside,Pastries,Muffin,2,3.08,Mobile Pay,4.0
ORD15355,C1441,2025-06-18,Downtown,Pastries,Croissant,2,3.65,Mobile Pay,
ORD15356,C1331,2025-03-15,University Ave,Espresso Drinks,Americano,2,5.3,Cash,
ORD15357,C1314,2025-11-04,University Ave,Espresso Drinks,Americano,1,5.15,Card,
ORD15358,C1159,2025-07-20,Downtown,Espresso Drinks,Americano,1,3.97,Card,
ORD15359,C1490,2025-10-20,University Ave,Pastries,Scone,2,3.84,Mobile Pay,
ORD15360,C1330,2025-06-14,University Ave,Brewed Coffee,Drip Coffee,1,4.25,Card,2.0
ORD15361,C1209,2025-02-15,University Ave,Brewed Coffee,Cold Brew,1,3.75,Card,4.0
ORD15362,C1006,2025-09-05,Downtown,Espresso Drinks,Latte,3,3.93,Mobile Pay,
ORD15363,C1568,2025-02-15,University Ave,Pastries,Scone,1,3.68,Cash,4.0
ORD15364,C1443,2025-08-30,Riverside,Food,Breakfast Sandwich,2,7.81,Mobile Pay,4.0
ORD15365,C1608,2025-06-01,Riverside,Brewed Coffee,Pour Over,3,3.48,Cash,4.0
ORD15366,C1594,2025-10-16,Riverside,Espresso Drinks,Latte,1,4.88,Mobile Pay,
ORD15367,C1634,2025-11-13,Downtown,Tea,Green Tea,1,4.33,Card,1.0
ORD15368,C1033,2025-05-29,Downtown,Tea,Green Tea,2,3.87,Card,5.0
ORD15369,C1243,2025-11-18,Downtown,Pastries,Scone,1,4.25,Mobile Pay,
ORD15370,C1405,2025-02-10,Riverside,Pastries,Croissant,1,2.95,Card,
ORD15371,C1453,2025-02-09,University Ave,Espresso Drinks,Flat White,1,4.91,Mobile Pay,
ORD15372,C1628,2025-12-28,Riverside,Brewed Coffee,Pour Over,3,3.46,Card,
ORD15373,C1234,2025-07-29,Downtown,Brewed Coffee,Drip Coffee,3,2.88,Mobile Pay,3.0
ORD15374,C1585,2025-06-14,University Ave,Espresso Drinks,Flat White,1,5.07,Card,4.0
ORD15375,C1376,2025-02-26,Downtown,Brewed Coffee,Drip Coffee,1,3.58,Cash,5.0
ORD15376,C1483,2025-04-16,University Ave,Pastries,Scone,1,3.53,Mobile Pay,
ORD15377,C1294,2025-09-07,University Ave,Espresso Drinks,Flat White,2,3.91,Mobile Pay,
ORD15378,C1188,2025-10-27,Downtown,Espresso Drinks,Flat White,1,4.72,Cash,
ORD15379,C1637,2025-11-30,Riverside,Espresso Drinks,Flat White,1,4.19,Card,4.0
ORD15380,C1066,2025-05-29,Riverside,Tea,Herbal Tea,1,4.22,Card,
ORD15381,C1610,2025-06-15,Riverside,Brewed Coffee,Pour Over,2,3.16,Gift Card,3.0
ORD15382,C1575,2025-03-01,Downtown,Pastries,Muffin,1,3.82,Mobile Pay,3.0
ORD15383,C1208,2025-01-31,University Ave,Espresso Drinks,Flat White,1,5.36,Card,
ORD15384,C1143,2025-06-09,Downtown,Food,Bagel,2,8.27,Cash,
ORD15385,C1474,2025-07-30,Downtown,Espresso Drinks,Cappuccino,3,5.68,Mobile Pay,5.0
ORD15386,C1214,2025-02-07,Riverside,Tea,Green Tea,1,4.62,Card,4.0
ORD15387,C1331,2025-05-29,Riverside,Espresso Drinks,Cappuccino,2,4.6,Card,2.0
ORD15388,C1278,2025-08-22,Downtown,Espresso Drinks,Americano,2,4.98,Card,
ORD15389,C1007,2025-10-23,Downtown,Tea,Chai Latte,1,3.75,Gift Card,
ORD15390,C1384,2025-12-08,Downtown,Tea,Green Tea,2,4.4,Gift Card,
ORD15391,C1179,2025-05-04,Riverside,Espresso Drinks,Flat White,2,4.72,Card,
ORD15392,C1444,2025-05-23,Riverside,Food,Bagel,1,6.15,Card,
ORD15393,C1187,2025-11-15,Downtown,Espresso Drinks,Espresso Shot,1,4.36,Card,
ORD15394,C1147,2025-09-10,Downtown,Pastries,Cinnamon Roll,2,3.25,Mobile Pay,3.0
ORD15395,C1042,2025-04-10,University Ave,Espresso Drinks,Espresso Shot,2,5.69,Mobile Pay,3.0
ORD15396,C1257,2025-09-07,Downtown,Espresso Drinks,Americano,2,3.95,Mobile Pay,
ORD15397,C1227,2025-02-27,University Ave,Espresso Drinks,Americano,1,4.11,Mobile Pay,3.0
ORD15398,C1611,2025-06-13,Downtown,Espresso Drinks,Cappuccino,3,5.55,Card,
ORD15399,C1159,2025-04-22,Downtown,Pastries,Muffin,2,3.03,Card,5.0
ORD15400,C1208,2025-12-28,University Ave,Brewed Coffee,Cold Brew,1,3.24,Card,3.0
ORD15401,C1260,2025-01-13,University Ave,Pastries,Scone,1,4.05,Mobile Pay,5.0
ORD15402,C1649,2025-11-08,Downtown,Espresso Drinks,Flat White,3,3.93,Card,
ORD15403,C1298,2025-04-13,University Ave,Brewed Coffee,Pour Over,2,3.61,Card,
ORD15404,C1273,2025-01-14,Downtown,Tea,Chai Latte,1,4.44,Card,
ORD15405,C1116,2025-08-29,Downtown,Pastries,Croissant,3,2.59,Mobile Pay,
ORD15406,C1213,2025-09-04,Downtown,Espresso Drinks,Cappuccino,2,5.07,Card,3.0
ORD15407,C1433,2025-02-21,University Ave,Espresso Drinks,Latte,2,5.43,Mobile Pay,
ORD15408,C1339,2025-01-14,Riverside,Brewed Coffee,Drip Coffee,1,2.78,Card,
ORD15409,C1051,2025-02-10,University Ave,Espresso Drinks,Americano,2,5.04,Mobile Pay,4.0
ORD15410,C1555,2025-05-29,University Ave,Pastries,Croissant,2,3.9,Card,
ORD15411,C1550,2025-02-18,Riverside,Espresso Drinks,Americano,3,4.97,Card,
ORD15412,C1349,2025-09-13,University Ave,Tea,Herbal Tea,1,3.72,Card,3.0
ORD15413,C1375,2025-01-29, University Ave ,Pastries,Scone,1,4.28,Card,
ORD15414,C1305,2025-10-15,Downtown,Espresso Drinks,Americano,1,5.54,Cash,
ORD15415,C1238,2025-11-15,Riverside,Espresso Drinks,Flat White,1,5.45,Mobile Pay,
ORD15416,C1100,2025-09-18,Downtown,Espresso Drinks,Flat White,1,4.36,Mobile Pay,
ORD15417,C1168,2025-12-10,Downtown,Tea,Herbal Tea,2,4.11,Cash,
ORD15418,C1606,2025-12-08,Riverside,Brewed Coffee,Cold Brew,1,3.18,Mobile Pay,3.0
ORD15419,C1553,2025-01-17,Downtown,Pastries,Scone,3,4.26,Mobile Pay,3.0
ORD15420,C1347,2025-05-05,downtown,Tea,Green Tea,3,3.98,Card,
ORD15421,C1222,2025-10-04,downtown,Espresso Drinks,Latte,3,4.22,Card,
ORD15422,C1292,2025-05-04,University Ave,Espresso Drinks,Espresso Shot,1,5.29,Card,
ORD15423,C1608,2025-09-26,Downtown,Pastries,Scone,2,2.79,Card,2.0
ORD15424,C1197,2025-10-09,Riverside,Tea,Herbal Tea,1,3.53,Card,
ORD15425,C1468,2025-12-29,Riverside,Tea,Green Tea,1,4.28,Card,3.0
ORD15426,C1177,2025-05-01,University Ave,Espresso Drinks,Flat White,1,5.33,Card,
ORD15427,C1215,2025-05-07,Downtown,Brewed Coffee,Drip Coffee,1,2.99,Gift Card,
ORD15428,C1364,2025-01-09,Riverside,Brewed Coffee,Drip Coffee,2,3.47,Card,
ORD15429,C1622,2025-04-14,University Ave,Food,Bagel,1,7.8,Card,
ORD15430,C1147,2025-04-13,Riverside,Brewed Coffee,Drip Coffee,1,3.74,Card,
ORD15431,C1636,2025-06-14,Riverside,Pastries,Muffin,2,2.62,Card,
ORD15432,C1191,2025-06-03,Downtown,Food,Bagel,1,7.49,Cash,4.0
ORD15433,C1244,2025-11-08,Riverside,Pastries,Cinnamon Roll,2,3.38,Card,
ORD15434,C1469,2025-10-09,University Ave,Brewed Coffee,Cold Brew,1,3.48,Card,
ORD15435,C1643,2025-09-23,Downtown,Brewed Coffee,Pour Over,1,3.48,Card,
ORD15436,C1542,2025-01-02,Riverside,Pastries,Muffin,2,4.05,Card,5.0
ORD15437,C1260,2025-06-21,Downtown,Espresso Drinks,Espresso Shot,1,4.72,Gift Card,3.0
ORD15438,C1438,2025-09-23,University Ave,Food,Avocado Toast,1,7.14,Card,3.0
ORD15439,C1450,2025-03-31,University Ave,Espresso Drinks,Cappuccino,3,5.54,Mobile Pay,
ORD15440,C1431,2025-06-04,University Ave,Espresso Drinks,Americano,1,5.56,Mobile Pay,5.0
ORD15441,C1236,2025-09-22,Riverside,Food,Avocado Toast,1,6.27,Cash,
ORD15442,C1476,2025-10-17,University Ave,Pastries,Cinnamon Roll,1,3.03,Mobile Pay,
ORD15443,C1446,2025-11-08,University Ave,Pastries,Croissant,2,3.64,Card,
ORD15444,C1425,2025-06-06,University Ave,Pastries,Muffin,1,2.88,Card,
ORD15445,C1513,2025-05-26,Downtown,Espresso Drinks,Flat White,1,3.89,Card,
ORD15446,C1012,2025-05-20,Riverside,Pastries,Scone,1,3.77,Card,
ORD15447,C1184,2025-09-01,Riverside,Food,Bagel,3,6.25,Card,
ORD15448,C1248,2025-06-02,University Ave,Espresso Drinks,Americano,1,3.76,Card,4.0
ORD15449,C1016,2025-05-26,Downtown,Pastries,Croissant,2,3.55,Card,3.0
ORD15450,C1561,2025-03-03,Downtown,Espresso Drinks,Latte,1,4.05,Gift Card,3.0
ORD15451,C1141,2025-06-24,Riverside,Espresso Drinks,Latte,3,4.45,Card,
ORD15452,C1396,2025-03-28,Riverside,Espresso Drinks,Espresso Shot,1,4.57,Mobile Pay,
ORD15453,C1557,2025-07-11,Riverside,Brewed Coffee,Drip Coffee,2,3.24,Card,4.0
ORD15454,C1346,2025-11-20,Downtown,Pastries,Cinnamon Roll,1,4.39,Gift Card,
ORD15455,C1017,2025-10-10,Downtown,Tea,Green Tea,2,3.25,Card,
ORD15456,C1129,2025-06-24,Riverside,Espresso Drinks,Espresso Shot,1,5.12,Card,
ORD15457,C1174,2025-12-22,Downtown,Brewed Coffee,Drip Coffee,2,2.99,Mobile Pay,5.0
ORD15458,C1355,2025-12-23,Downtown,Food,Bagel,1,8.31,Card,
ORD15459,C1098,2025-06-11,University Ave,Tea,Green Tea,3,4.07,Card,
ORD15460,C1393,2025-10-05,Riverside,Espresso Drinks,Latte,1,5.52,Mobile Pay,
ORD15461,C1063,2025-05-05,University Ave,Food,Breakfast Sandwich,2,5.88,Card,4.0
ORD15462,C1280,2025-11-16,University Ave,Pastries,Scone,1,3.88,Card,3.0
ORD15463,C1529,2025-05-16,Downtown,Pastries,Cinnamon Roll,2,3.73,Cash,4.0
ORD15464,C1036,2025-04-05,Riverside,Espresso Drinks,Flat White,1,5.16,Mobile Pay,
ORD15465,C1338,2025-02-18,Riverside,Brewed Coffee,Pour Over,2,4.11,Cash,4.0
ORD15466,C1616,2025-11-03,Riverside,Espresso Drinks,Flat White,3,3.89,Card,
ORD15467,C1103,2025-04-19,Riverside,Brewed Coffee,Drip Coffee,2,3.88,Cash,
ORD15468,C1349,2025-10-24,Downtown,Brewed Coffee,Pour Over,1,4.06,Card,
ORD15469,C1394,2025-02-01,Downtown,Pastries,Muffin,3,4.07,Card,
ORD15470,C1492,2025-07-02,downtown,Pastries,Croissant,1,2.92,Card,3.0
ORD15471,C1185,2025-06-05,Riverside,Tea,Green Tea,1,3.36,Cash,4.0
ORD15472,C1637,2025-06-09,Downtown,Pastries,Scone,1,3.93,Card,5.0
ORD15473,C1141,2025-03-02,Riverside,Espresso Drinks,Americano,3,4.91,Card,3.0
ORD15474,C1114,2025-01-27,University Ave,Food,Avocado Toast,3,7.47,Mobile Pay,4.0
ORD15475,C1396,2025-05-07,Downtown,Tea,Herbal Tea,3,4.24,Mobile Pay,
ORD15476,C1610,2025-06-21, Riverside ,Brewed Coffee,Drip Coffee,1,2.9,Mobile Pay,3.0
ORD15477,C1371,2025-10-16, Downtown ,Food,Avocado Toast,1,8.47,Mobile Pay,5.0
ORD15478,C1367,2025-06-18,Riverside,Espresso Drinks,Cappuccino,2,4.5,Cash,5.0
ORD15479,C1379,2025-03-31,Downtown,Food,Bagel,1,6.08,Mobile Pay,
ORD15480,C1308,2025-04-06,downtown,Espresso Drinks,Espresso Shot,2,4.09,Card,4.0
ORD15481,C1178,2025-08-11,Downtown,Pastries,Scone,2,4.18,Mobile Pay,3.0
ORD15482,C1649,2025-06-08,University Ave,Pastries,Muffin,1,3.08,Mobile Pay,4.0
ORD15483,C1435,2025-11-25,Downtown,Espresso Drinks,Flat White,2,4.47,Cash,2.0
ORD15484,C1507,2025-06-10,Downtown,Espresso Drinks,Americano,2,5.35,Card,4.0
ORD15485,C1012,2025-07-26,University Ave,Brewed Coffee,Pour Over,3,2.92,Card,5.0
ORD15486,C1580,2025-01-24,Downtown,Espresso Drinks,Flat White,1,5.34,Mobile Pay,4.0
ORD15487,C1348,2025-03-12,Riverside,Brewed Coffee,Drip Coffee,2,3.99,Card,
ORD15488,C1320,2025-11-06,University Ave,Tea,Green Tea,1,3.86,Cash,
ORD15489,C1473,2025-05-06,Riverside,Brewed Coffee,Drip Coffee,1,4.16,Card,4.0
ORD15490,C1299,2025-06-03,Downtown,Brewed Coffee,Pour Over,2,3.31,Mobile Pay,
ORD15491,C1403,2025-08-03,Riverside,Espresso Drinks,Americano,1,4.5,Card,3.0
ORD15492,C1083,2025-01-22,University Ave,Brewed Coffee,Cold Brew,2,2.86,Card,
ORD15493,C1524,2025-07-04,Riverside,Espresso Drinks,Espresso Shot,2,5.03,Card,4.0
ORD15494,C1510,2025-05-07,Downtown,Espresso Drinks,Latte,1,3.83,Cash,
ORD15495,C1310,2025-02-24,Downtown,Espresso Drinks,Espresso Shot,2,4.02,Card,
ORD15496,C1062,2025-06-02,Riverside,Espresso Drinks,Flat White,1,4.86,Card,
ORD15497,C1542,2025-06-12,Riverside,Pastries,Muffin,2,2.73,Card,
ORD15498,C1573,2025-03-09,Riverside,Brewed Coffee,Drip Coffee,1,4.14,Card,
ORD15499,C1599,2025-07-17,Riverside,Tea,Herbal Tea,1,3.4,Cash,
ORD15500,C1408,2025-09-29,University Ave,Pastries,Croissant,1,3.77,Cash,
ORD15501,C1340,2025-04-08,Riverside,Espresso Drinks,Latte,1,4.88,Cash,2.0
ORD15502,C1161,2025-12-18,University Ave,Espresso Drinks,Espresso Shot,1,5.6,Cash,
ORD15503,C1473,2025-08-11,Downtown,Espresso Drinks,Flat White,2,3.97,Mobile Pay,
ORD15504,C1352,2025-10-09,Riverside,Food,Bagel,3,6.7,Gift Card,
ORD15505,C1640,2025-01-26,Downtown,Espresso Drinks,Latte,2,5.61,Gift Card,
ORD15506,C1246,2025-10-07,Riverside,Espresso Drinks,Latte,1,4.16,Card,3.0
ORD15507,C1466,2025-05-03,Downtown,Espresso Drinks,Latte,2,4.76,Card,4.0
ORD15508,C1047,2025-09-16,University Ave,Pastries,Cinnamon Roll,3,3.54,Card,
ORD15509,C1285,2025-10-20,Downtown,Espresso Drinks,Flat White,2,5.31,Card,
ORD15510,C1107,2025-04-02,University Ave,Espresso Drinks,Americano,3,4.05,Mobile Pay,3.0
ORD15511,C1170,2025-04-05,University Ave,Food,Avocado Toast,1,6.8,Cash,4.0
ORD15512,C1636,2025-01-22,Downtown,Pastries,Muffin,3,4.09,Mobile Pay,
ORD15513,C1043,2025-08-09,Riverside,Pastries,Muffin,1,3.3,Mobile Pay,
ORD15514,C1232,2025-10-09,Downtown,Pastries,Cinnamon Roll,1,4.29,Mobile Pay,4.0
ORD15515,C1343,2025-05-30,Downtown,Espresso Drinks,Cappuccino,2,4.82,Card,5.0
ORD15516,C1376,2025-02-28,Downtown,Espresso Drinks,Americano,2,4.35,Card,3.0
ORD15517,C1391,2025-04-26,Riverside,Espresso Drinks,Flat White,2,4.3,Card,
ORD15518,C1268,2025-05-27,Riverside,Pastries,Cinnamon Roll,1,3.37,Card,
ORD15519,C1352,2025-11-30,Downtown,Pastries,Cinnamon Roll,2,2.65,Card,
ORD15520,C1077,2025-02-15,Riverside,Tea,Green Tea,2,3.9,Card,
ORD15521,C1435,2025-05-05,Downtown,Pastries,Muffin,3,3.14,Mobile Pay,3.0
ORD15522,C1499,2025-08-21,Riverside,Brewed Coffee,Cold Brew,2,3.26,Mobile Pay,
ORD15523,C1423,2025-03-28,University Ave,Espresso Drinks,Americano,2,4.59,Cash,4.0
ORD15524,C1009,2025-11-19,Downtown,Espresso Drinks,Latte,2,4.9,Card,4.0
ORD15525,C1444,2025-11-27,University Ave,Pastries,Scone,1,4.04,Card,4.0
ORD15526,C1416,2025-05-19,Riverside,Brewed Coffee,Drip Coffee,1,3.21,Cash,4.0
ORD15527,C1645,2025-09-29,University Ave,Brewed Coffee,Pour Over,2,2.87,Mobile Pay,4.0
ORD15528,C1406,2025-10-03,University Ave,Pastries,Croissant,1,3.47,Gift Card,
ORD15529,C1190,2025-09-06,riverside,Food,Breakfast Sandwich,1,6.45,Mobile Pay,
ORD15530,C1271,2025-03-09,riverside,Tea,Chai Latte,1,3.82,Mobile Pay,
ORD15531,C1362,2025-01-19,Downtown,Brewed Coffee,Drip Coffee,3,3.39,Card,
ORD15532,C1303,2025-05-07,University Ave,Espresso Drinks,Cappuccino,1,4.48,Card,4.0
ORD15533,C1114,2025-02-17,Downtown,Pastries,Muffin,2,3.05,Mobile Pay,4.0
ORD15534,C1568,2025-04-17,Downtown,Brewed Coffee,Drip Coffee,1,3.21,Cash,
ORD15535,C1472,2025-08-21,Riverside,Brewed Coffee,Pour Over,2,3.34,Card,5.0
ORD15536,C1342,2025-08-03,Downtown,Espresso Drinks,Cappuccino,2,3.87,Mobile Pay,
ORD15537,C1612,2025-03-18,Downtown,Pastries,Scone,2,4.36,Card,
ORD15538,C1580,2025-01-07,riverside,Tea,Green Tea,2,3.87,Mobile Pay,
ORD15539,C1406,2025-03-24,Riverside,Espresso Drinks,Cappuccino,3,3.86,Gift Card,
ORD15540,C1074,2025-06-15,Downtown,Food,Bagel,3,6.41,Card,4.0
ORD15541,C1414,2025-10-11, University Ave ,Tea,Green Tea,1,4.49,Card,
ORD15542,C1098,2025-05-13,Downtown,Brewed Coffee,Cold Brew,1,3.76,Gift Card,
ORD15543,C1008,2025-04-15,Riverside,Espresso Drinks,Americano,3,4.7,Card,
ORD15544,C1632,2025-07-20,university ave,Brewed Coffee,Drip Coffee,2,4.02,Cash,
ORD15545,C1064,2025-01-27,Downtown,Food,Avocado Toast,1,7.9,Cash,3.0
ORD15546,C1574,2025-03-24,Downtown,Pastries,Croissant,1,4.13,Card,
ORD15547,C1132,2025-01-14,University Ave,Espresso Drinks,Espresso Shot,1,4.45,Mobile Pay,
ORD15548,C1410,2025-07-11,Downtown,Pastries,Muffin,1,4.39,Card,
ORD15549,C1038,2025-06-11,Riverside,Brewed Coffee,Pour Over,3,3.52,Card,1.0
ORD15550,C1297,2025-08-01,University Ave,Food,Breakfast Sandwich,1,7.33,Mobile Pay,
ORD15551,C1173,2025-08-13,downtown,Pastries,Croissant,3,3.45,Card,5.0
ORD15552,C1545,2025-05-24,University Ave,Food,Bagel,1,5.95,Card,3.0
ORD15553,C1089,2025-11-13,Downtown,Espresso Drinks,Latte,2,5.36,Mobile Pay,3.0
ORD15554,C1565,2025-12-01, Downtown ,Pastries,Muffin,2,2.89,Mobile Pay,
ORD15555,C1255,2025-02-10,Riverside,Espresso Drinks,Cappuccino,1,4.61,Card,4.0
ORD15556,C1519,2025-12-01,Riverside,Tea,Herbal Tea,1,3.4,Mobile Pay,5.0
ORD15557,C1214,2025-03-13,Riverside,Espresso Drinks,Americano,2,4.46,Gift Card,
ORD15558,C1383,2025-04-01,Downtown,Brewed Coffee,Cold Brew,2,3.23,Card,
ORD15559,C1498,2025-07-12,Riverside,Espresso Drinks,Cappuccino,2,4.91,Cash,
ORD15560,C1182,2025-01-11,University Ave,Brewed Coffee,Drip Coffee,1,4.1,Card,
ORD15561,C1527,2025-05-13,Riverside,Brewed Coffee,Drip Coffee,1,3.6,Card,
ORD15562,C1572,2025-03-12,Downtown,Tea,Herbal Tea,2,3.72,Card,3.0
ORD15563,C1059,2025-06-25,University Ave,Espresso Drinks,Latte,1,4.68,Card,3.0
ORD15564,C1021,2025-10-24,Riverside,Pastries,Scone,1,4.24,Cash,4.0
ORD15565,C1552,2025-12-03,Downtown,Tea,Chai Latte,2,3.29,Mobile Pay,
ORD15566,C1376,2025-03-19,University Ave,Pastries,Croissant,1,3.38,Card,5.0
ORD15567,C1561,2025-07-18,Riverside,Tea,Green Tea,2,3.32,Mobile Pay,
ORD15568,C1098,2025-06-22,Riverside,Food,Avocado Toast,1,6.85,Mobile Pay,4.0
ORD15569,C1618,2025-06-01,Downtown,Espresso Drinks,Flat White,2,4.67,Mobile Pay,5.0
ORD15570,C1470,2025-08-19, Riverside ,Pastries,Croissant,2,3.15,Cash,4.0
ORD15571,C1411,2025-12-27,University Ave,Food,Bagel,3,6.26,Cash,4.0
ORD15572,C1203,2025-05-28,University Ave,Tea,Green Tea,2,4.45,Card,3.0
ORD15573,C1373,2025-01-24,University Ave,Pastries,Croissant,2,4.24,Card,5.0
ORD15574,C1213,2025-11-30,Riverside,Brewed Coffee,Drip Coffee,2,3.75,Card,5.0
ORD15575,C1625,2025-12-06,Riverside,Food,Breakfast Sandwich,2,5.81,Card,
ORD15576,C1603,2025-04-28,downtown,Espresso Drinks,Americano,1,4.08,Card,
ORD15577,C1312,2025-07-02,Riverside,Espresso Drinks,Cappuccino,1,4.67,Mobile Pay,
ORD15578,C1320,2025-11-10,Downtown,Pastries,Croissant,1,2.88,Mobile Pay,
ORD15579,C1618,2025-07-03,Downtown,Espresso Drinks,Cappuccino,1,4.88,Card,
ORD15580,C1257,2025-06-25,Riverside,Brewed Coffee,Pour Over,1,4.04,Card,
ORD15581,C1108,2025-12-02,Downtown,Pastries,Croissant,3,2.96,Card,
ORD15582,C1351,2025-10-29,Downtown,Food,Breakfast Sandwich,2,7.66,Card,
ORD15583,C1340,2025-07-04,Downtown,Pastries,Muffin,1,4.4,Mobile Pay,
ORD15584,C1081,2025-02-28,Downtown,Espresso Drinks,Americano,2,4.18,Card,4.0
ORD15585,C1470,2025-06-09,Riverside,Espresso Drinks,Flat White,1,4.64,Card,
ORD15586,C1585,2025-09-04,Downtown,Espresso Drinks,Americano,2,5.08,Mobile Pay,
ORD15587,C1344,2025-04-10,University Ave,Pastries,Croissant,3,3.12,Cash,5.0
ORD15588,C1083,2025-07-15,Downtown,Brewed Coffee,Drip Coffee,1,3.16,Card,4.0
ORD15589,C1610,2025-08-28,Downtown,Pastries,Croissant,3,3.57,Card,5.0
ORD15590,C1293,2025-01-31,Downtown,Tea,Green Tea,3,3.36,Mobile Pay,3.0
ORD15591,C1431,2025-07-27,Riverside,Brewed Coffee,Drip Coffee,2,3.17,Mobile Pay,3.0
ORD15592,C1009,2025-09-26,Downtown,Espresso Drinks,Cappuccino,1,4.16,Card,
ORD15593,C1322,2025-03-20,Downtown,Espresso Drinks,Americano,3,4.89,Card,
ORD15594,C1331,2025-07-19,University Ave,Brewed Coffee,Drip Coffee,2,2.96,Card,
ORD15595,C1502,2025-09-16,Riverside,Tea,Green Tea,2,4.09,Cash,2.0
ORD15596,C1402,2025-01-17,Downtown,Pastries,Scone,1,3.17,Card,
ORD15597,C1331,2025-08-23,Downtown,Tea,Chai Latte,2,3.32,Mobile Pay,
ORD15598,C1623,2025-04-05,Riverside,Espresso Drinks,Americano,3,4.62,Mobile Pay,4.0
ORD15599,C1153,2025-05-25,Riverside,Espresso Drinks,Espresso Shot,1,5.21,Card,
ORD15600,C1244,2025-08-24,Downtown,Espresso Drinks,Espresso Shot,3,5.21,Card,
ORD15601,C1079,2025-01-02,University Ave,Food,Breakfast Sandwich,2,6.7,Card,5.0
ORD15602,C1266,2025-01-07,Downtown,Tea,Herbal Tea,2,3.4,Card,5.0
ORD15603,C1562,2025-06-12,Riverside,Food,Avocado Toast,1,7.89,Mobile Pay,5.0
ORD15604,C1376,2025-12-12,Riverside,Espresso Drinks,Espresso Shot,3,4.62,Mobile Pay,4.0
ORD15605,C1395,2025-01-03,Downtown,Brewed Coffee,Drip Coffee,2,3.53,Card,
ORD15606,C1178,2025-10-15,Downtown,Pastries,Scone,1,4.41,Mobile Pay,
ORD15607,C1603,2025-01-28,University Ave,Food,Avocado Toast,1,7.0,Mobile Pay,4.0
ORD15608,C1201,2025-06-27,Riverside,Pastries,Cinnamon Roll,1,2.83,Card,3.0
ORD15609,C1362,2025-06-06,University Ave,Tea,Chai Latte,3,3.36,Mobile Pay,
ORD15610,C1300,2025-06-20,Downtown,Pastries,Croissant,2,3.54,Mobile Pay,4.0
ORD15611,C1152,2025-01-30,Downtown,Brewed Coffee,Cold Brew,2,3.29,Card,5.0
ORD15612,C1443,2025-10-02,University Ave,Food,Breakfast Sandwich,1,6.97,Card,3.0
ORD15613,C1543,2025-04-11,University Ave,Espresso Drinks,Espresso Shot,1,5.24,Gift Card,5.0
ORD15614,C1643,2025-10-08, Riverside ,Espresso Drinks,Espresso Shot,2,5.15,Gift Card,4.0
ORD15615,C1584,2025-08-27,University Ave,Brewed Coffee,Cold Brew,1,3.33,Card,
ORD15616,C1200,2025-07-20,University Ave,Food,Avocado Toast,2,5.79,Card,
ORD15617,C1168,2025-04-23,Downtown,Espresso Drinks,Espresso Shot,2,5.53,Card,
ORD15618,C1186,2025-08-26,University Ave,Espresso Drinks,Espresso Shot,3,4.21,Card,5.0
ORD15619,C1045,2025-12-30,University Ave,Tea,Green Tea,3,4.27,Mobile Pay,
ORD15620,C1167,2025-12-03,Downtown,Food,Bagel,3,5.69,Card,
ORD15621,C1538,2025-11-30,Downtown,Food,Breakfast Sandwich,3,8.37,Mobile Pay,1.0
ORD15622,C1155,2025-03-21,Downtown,Pastries,Croissant,1,4.07,Cash,4.0
ORD15623,C1210,2025-08-02,University Ave,Espresso Drinks,Americano,2,5.08,Card,3.0
ORD15624,C1419,2025-05-25, Downtown ,Tea,Chai Latte,1,3.48,Card,
ORD15625,C1239,2025-12-18, Downtown ,Espresso Drinks,Espresso Shot,1,3.77,Cash,5.0
ORD15626,C1424,2025-12-12,Downtown,Food,Avocado Toast,2,7.08,Cash,
ORD15627,C1037,2025-11-12,Downtown,Food,Avocado Toast,1,6.29,Cash,
ORD15628,C1140,2025-03-01,University Ave,Espresso Drinks,Cappuccino,1,4.23,Card,
ORD15629,C1092,2025-04-27,Downtown,Tea,Green Tea,2,3.73,Mobile Pay,
ORD15630,C1600,2025-09-16,Riverside,Espresso Drinks,Flat White,2,4.6,Mobile Pay,3.0
ORD15631,C1511,2025-09-30,University Ave,Pastries,Scone,3,3.45,Card,
ORD15632,C1244,2025-05-08,Downtown,Brewed Coffee,Pour Over,2,3.25,Card,3.0
ORD15633,C1114,2025-02-19,University Ave,Brewed Coffee,Cold Brew,1,3.68,Mobile Pay,3.0
ORD15634,C1118,2025-02-19,Downtown,Espresso Drinks,Espresso Shot,1,4.73,Card,4.0
ORD15635,C1077,2025-09-07,Downtown,Espresso Drinks,Latte,1,5.74,Gift Card,2.0
ORD15636,C1165,2025-06-15,University Ave,Espresso Drinks,Latte,1,4.05,Cash,4.0
ORD15637,C1402,2025-06-28,University Ave,Pastries,Muffin,1,3.42,Mobile Pay,
ORD15638,C1648,2025-10-24,Downtown,Tea,Chai Latte,1,4.74,Mobile Pay,
ORD15639,C1636,2025-01-07,Downtown,Espresso Drinks,Flat White,1,4.31,Card,
ORD15640,C1479,2025-10-02,Riverside,Espresso Drinks,Americano,2,4.95,Cash,
ORD15641,C1639,2025-04-10,University Ave,Food,Avocado Toast,1,7.11,Gift Card,5.0
ORD15642,C1488,2025-12-05,Riverside,Brewed Coffee,Drip Coffee,2,2.94,Mobile Pay,4.0
ORD15643,C1186,2025-12-14,Downtown,Brewed Coffee,Pour Over,1,2.97,Card,5.0
ORD15644,C1164,2025-07-02,Riverside,Pastries,Muffin,1,3.86,Mobile Pay,
ORD15645,C1600,2025-04-25,University Ave,Brewed Coffee,Cold Brew,1,3.71,Card,4.0
ORD15646,C1337,2025-03-26,Downtown,Food,Breakfast Sandwich,1,6.34,Card,5.0
ORD15647,C1239,2025-03-08,Riverside,Espresso Drinks,Cappuccino,3,5.37,Mobile Pay,4.0
ORD15648,C1012,2025-12-30,Downtown,Espresso Drinks,Americano,1,4.5,Card,
ORD15649,C1431,2025-03-10,Riverside,Pastries,Croissant,1,3.67,Cash,4.0
ORD15650,C1380,2025-06-12,Downtown,Pastries,Croissant,1,2.74,Mobile Pay,
ORD15651,C1431,2025-06-24,University Ave,Espresso Drinks,Cappuccino,3,5.53,Card,
ORD15652,C1243,2025-09-05,Downtown,Espresso Drinks,Espresso Shot,1,4.76,Mobile Pay,
ORD15653,C1335,2025-11-03,Downtown,Food,Breakfast Sandwich,1,8.34,Card,4.0
ORD15654,C1533,2025-07-23,Downtown,Pastries,Croissant,3,4.25,Cash,
ORD15655,C1409,2025-10-03,Riverside,Tea,Chai Latte,3,3.92,Gift Card,4.0
ORD15656,C1545,2025-07-26,Downtown,Espresso Drinks,Latte,1,5.14,Mobile Pay,
ORD15657,C1074,2025-06-09,University Ave,Food,Bagel,2,6.36,Card,
ORD15658,C1421,2025-02-27,Downtown,Espresso Drinks,Cappuccino,1,5.67,Card,5.0
ORD15659,C1398,2025-03-17,Downtown,Espresso Drinks,Cappuccino,2,5.1,Mobile Pay,
ORD15660,C1419,2025-06-07,Riverside,Tea,Herbal Tea,1,4.14,Card,4.0
ORD15661,C1115,2025-01-17,Downtown,Food,Bagel,2,8.0,Mobile Pay,
ORD15662,C1513,2025-04-26,Riverside,Pastries,Scone,1,4.1,Mobile Pay,3.0
ORD15663,C1292,2025-06-18,Riverside,Espresso Drinks,Espresso Shot,2,3.98,Mobile Pay,5.0
ORD15664,C1044,2025-06-22,University Ave,Espresso Drinks,Espresso Shot,1,4.23,Mobile Pay,4.0
ORD15665,C1039,2025-10-24,Downtown,Pastries,Scone,1,3.67,Card,
ORD15666,C1513,2025-12-19,University Ave,Pastries,Croissant,2,4.08,Card,4.0
ORD15667,C1162,2025-09-23,University Ave,Espresso Drinks,Espresso Shot,2,5.43,Card,5.0
ORD15668,C1263,2025-01-29,University Ave,Espresso Drinks,Latte,2,4.51,Cash,
ORD15669,C1048,2025-05-29,university ave,Brewed Coffee,Pour Over,2,3.04,Cash,
ORD15670,C1440,2025-09-23,Downtown,Pastries,Muffin,2,3.59,Gift Card,
ORD15671,C1081,2025-08-05,University Ave,Brewed Coffee,Pour Over,2,4.22,Card,5.0
ORD15672,C1421,2025-06-16,Riverside,Brewed Coffee,Pour Over,1,4.12,Card,
ORD15673,C1491,2025-06-08,Downtown,Espresso Drinks,Flat White,2,5.4,Gift Card,5.0
ORD15674,C1002,2025-05-28,Downtown,Pastries,Cinnamon Roll,2,3.39,Cash,
ORD15675,C1138,2025-07-30,University Ave,Pastries,Croissant,1,3.98,Mobile Pay,
ORD15676,C1126,2025-03-07,Riverside,Pastries,Scone,2,2.67,Card,5.0
ORD15677,C1320,2025-07-08,Downtown,Food,Avocado Toast,1,6.29,Card,4.0
ORD15678,C1409,2025-03-16,University Ave,Brewed Coffee,Pour Over,2,3.08,Mobile Pay,
ORD15679,C1598,2025-09-05,Riverside,Espresso Drinks,Espresso Shot,3,3.96,Cash,4.0
ORD15680,C1165,2025-11-11,Downtown,Espresso Drinks,Americano,3,4.55,Mobile Pay,
ORD15681,C1442,2025-07-04,Downtown,Brewed Coffee,Drip Coffee,1,3.24,Card,2.0
ORD15682,C1479,2025-05-22,Riverside,Tea,Green Tea,3,4.02,Cash,5.0
ORD15683,C1565,2025-12-09,Riverside,Espresso Drinks,Americano,1,4.32,Card,5.0
ORD15684,C1365,2025-08-29,Downtown,Espresso Drinks,Americano,1,5.24,Mobile Pay,
ORD15685,C1046,2025-06-05,Downtown,Tea,Green Tea,3,3.48,Card,
ORD15686,C1283,2025-01-11,University Ave,Brewed Coffee,Cold Brew,3,3.5,Gift Card,5.0
ORD15687,C1454,2025-01-06,University Ave,Espresso Drinks,Americano,2,5.62,Mobile Pay,5.0
ORD15688,C1614,2025-03-22,Downtown,Brewed Coffee,Drip Coffee,1,3.79,Gift Card,4.0
ORD15689,C1142,2025-03-28,Riverside,Pastries,Croissant,2,3.13,Mobile Pay,1.0
ORD15690,C1317,2025-09-20,University Ave,Brewed Coffee,Drip Coffee,1,3.41,Cash,
ORD15691,C1354,2025-07-02,Downtown,Food,Bagel,2,8.17,Card,4.0
ORD15692,C1262,2025-12-30,Downtown,Espresso Drinks,Americano,2,5.68,Mobile Pay,4.0
ORD15693,C1082,2025-07-16,Downtown,Espresso Drinks,Espresso Shot,1,5.13,Cash,
ORD15694,C1609,2025-11-25,Downtown,Pastries,Muffin,2,2.77,Card,
ORD15695,C1098,2025-07-21,Downtown,Brewed Coffee,Drip Coffee,1,3.71,Cash,
ORD15696,C1336,2025-05-11,Downtown,Pastries,Croissant,2,2.79,Card,
ORD15697,C1209,2025-09-18,University Ave,Pastries,Croissant,3,4.16,Card,4.0
ORD15698,C1433,2025-06-13,Downtown,Tea,Chai Latte,3,3.71,Card,5.0
ORD15699,C1156,2025-04-10,Downtown,Pastries,Croissant,3,4.35,Card,5.0
ORD15700,C1278,2025-06-22,Riverside,Espresso Drinks,Cappuccino,3,4.45,Cash,
ORD15701,C1013,2025-08-31,Downtown,Pastries,Scone,2,3.48,Cash,3.0
ORD15702,C1487,2025-05-17,Downtown,Food,Bagel,2,7.29,Cash,4.0
ORD15703,C1566,2025-09-14,University Ave,Brewed Coffee,Cold Brew,2,3.93,Mobile Pay,
ORD15704,C1292,2025-12-23,Riverside,Espresso Drinks,Americano,2,5.48,Mobile Pay,4.0
ORD15705,C1117,2025-05-30,Riverside,Brewed Coffee,Pour Over,2,3.48,Cash,4.0
ORD15706,C1135,2025-04-18,University Ave,Espresso Drinks,Flat White,1,3.83,Mobile Pay,
ORD15707,C1374,2025-05-27,University Ave,Tea,Herbal Tea,2,4.0,Mobile Pay,3.0
ORD15708,C1028,2025-11-02,Downtown,Espresso Drinks,Latte,1,5.55,Card,
ORD15709,C1567,2025-03-07,Riverside,Espresso Drinks,Americano,1,4.76,Mobile Pay,
ORD15710,C1133,2025-12-21,Riverside,Pastries,Scone,2,4.39,Gift Card,4.0
ORD15711,C1254,2025-05-31,Downtown,Pastries,Muffin,3,2.95,Card,3.0
ORD15712,C1119,2025-11-03,University Ave,Espresso Drinks,Cappuccino,1,4.75,Mobile Pay,4.0
ORD15713,C1078,2025-10-14,University Ave,Tea,Chai Latte,1,4.67,Cash,5.0
ORD15714,C1312,2025-10-13,Downtown,Espresso Drinks,Latte,2,5.47,Card,
ORD15715,C1336,2025-11-27,University Ave,Pastries,Scone,3,2.66,Card,
ORD15716,C1614,2025-03-09,Downtown,Brewed Coffee,Pour Over,1,3.0,Card,
ORD15717,C1190,2025-08-05,Riverside,Espresso Drinks,Flat White,1,5.07,Cash,1.0
ORD15718,C1293,2025-02-06,Riverside,Brewed Coffee,Pour Over,1,3.35,Card,4.0
ORD15719,C1632,2025-04-19,University Ave,Tea,Herbal Tea,3,4.14,Mobile Pay,4.0
ORD15720,C1446,2025-01-15,Downtown,Espresso Drinks,Flat White,2,5.23,Card,
ORD15721,C1600,2025-09-06,Downtown,Food,Breakfast Sandwich,1,6.19,Mobile Pay,
ORD15722,C1584,2025-08-10,University Ave,Espresso Drinks,Flat White,3,3.89,Card,4.0
ORD15723,C1073,2025-09-27,University Ave,Espresso Drinks,Flat White,3,4.23,Card,
ORD15724,C1227,2025-03-06,University Ave,Pastries,Croissant,3,3.23,Card,3.0
ORD15725,C1285,2025-05-01,Downtown,Espresso Drinks,Espresso Shot,2,5.2,Mobile Pay,
ORD15726,C1398,2025-09-04,University Ave,Brewed Coffee,Pour Over,2,3.73,Card,
ORD15727,C1616,2025-10-28,Downtown,Tea,Herbal Tea,1,3.93,Mobile Pay,
ORD15728,C1304,2025-11-19,University Ave,Espresso Drinks,Flat White,1,5.5,Mobile Pay,4.0
ORD15729,C1361,2025-01-27,University Ave,Food,Bagel,2,5.92,Card,4.0
ORD15730,C1479,2025-05-27,Riverside,Pastries,Cinnamon Roll,1,4.33,Mobile Pay,
ORD15731,C1177,2025-01-04,University Ave,Food,Breakfast Sandwich,2,8.39,Mobile Pay,2.0
ORD15732,C1557,2025-10-25,Riverside,Espresso Drinks,Latte,1,5.68,Card,
ORD15733,C1181,2025-02-14,Downtown,Tea,Chai Latte,1,3.28,Mobile Pay,
ORD15734,C1172,2025-10-27,Downtown,Food,Avocado Toast,1,6.64,Card,
ORD15735,C1564,2025-02-26, University Ave ,Espresso Drinks,Americano,1,4.95,Card,3.0
ORD15736,C1638,2025-01-06,Riverside,Pastries,Muffin,1,3.73,Mobile Pay,
ORD15737,C1416,2025-11-16,University Ave,Espresso Drinks,Cappuccino,2,5.62,Card,
ORD15738,C1072,2025-06-09,Downtown,Brewed Coffee,Cold Brew,2,3.74,Card,5.0
ORD15739,C1537,2025-06-04,University Ave,Pastries,Croissant,1,4.15,Card,4.0
ORD15740,C1399,2025-08-24,University Ave,Espresso Drinks,Flat White,3,5.33,Card,
ORD15741,C1218,2025-04-11,Riverside,Brewed Coffee,Pour Over,2,3.11,Card,
ORD15742,C1391,2025-09-09,University Ave,Brewed Coffee,Pour Over,2,3.49,Mobile Pay,5.0
ORD15743,C1261,2025-06-06,Riverside,Brewed Coffee,Drip Coffee,2,3.06,Mobile Pay,5.0
ORD15744,C1183,2025-04-10,Downtown,Pastries,Cinnamon Roll,2,2.68,Card,
ORD15745,C1319,2025-05-24,Downtown,Food,Breakfast Sandwich,3,6.09,Mobile Pay,
ORD15746,C1026,2025-01-03, Riverside ,Brewed Coffee,Drip Coffee,1,2.8,Card,3.0
ORD15747,C1456,2025-04-20,Riverside,Espresso Drinks,Flat White,1,4.92,Mobile Pay,
ORD15748,C1486,2025-08-04,University Ave,Espresso Drinks,Americano,1,4.79,Cash,4.0
ORD15749,C1023,2025-02-20,Riverside,Espresso Drinks,Latte,2,5.31,Mobile Pay,4.0
ORD15750,C1362,2025-02-13,Riverside,Espresso Drinks,Latte,1,4.02,Gift Card,
ORD15751,C1244,2025-08-27,Downtown,Food,Avocado Toast,1,6.32,Mobile Pay,
ORD15752,C1367,2025-06-05,University Ave,Food,Breakfast Sandwich,1,7.52,Mobile Pay,4.0
ORD15753,C1501,2025-02-19,Downtown,Brewed Coffee,Drip Coffee,2,3.37,Card,4.0
ORD15754,C1478,2025-09-30,Downtown,Tea,Herbal Tea,2,3.83,Card,
ORD15755,C1218,2025-10-10,University Ave,Food,Avocado Toast,1,5.74,Card,
ORD15756,C1283,2025-01-13,Riverside,Espresso Drinks,Latte,2,5.48,Card,
ORD15757,C1229,2025-03-15,Riverside,Brewed Coffee,Pour Over,2,2.94,Gift Card,
ORD15758,C1204,2025-05-15,Downtown,Tea,Green Tea,1,3.97,Card,
ORD15759,C1200,2025-09-24,University Ave,Tea,Herbal Tea,2,4.7,Cash,2.0
ORD15760,C1544,2025-01-27,Downtown,Espresso Drinks,Americano,1,5.09,Card,4.0
ORD15761,C1047,2025-10-21,downtown,Brewed Coffee,Pour Over,3,3.07,Card,
ORD15762,C1472,2025-04-27,Riverside,Food,Bagel,3,7.4,Card,
ORD15763,C1230,2025-02-15,Downtown,Espresso Drinks,Cappuccino,1,5.04,Cash,2.0
ORD15764,C1149,2025-11-11,Downtown,Brewed Coffee,Cold Brew,2,4.01,Cash,
ORD15765,C1501,2025-02-01,University Ave,Food,Breakfast Sandwich,2,5.97,Card,4.0
ORD15766,C1602,2025-02-17,Downtown,Espresso Drinks,Cappuccino,3,4.09,Card,5.0
ORD15767,C1068,2025-12-12,University Ave,Food,Breakfast Sandwich,1,6.18,Mobile Pay,
ORD15768,C1097,2025-07-09,University Ave,Tea,Chai Latte,1,3.93,Card,4.0
ORD15769,C1463,2025-06-18,Downtown,Espresso Drinks,Cappuccino,1,4.4,Mobile Pay,5.0
ORD15770,C1538,2025-09-08,Downtown,Food,Avocado Toast,3,8.0,Card,
ORD15771,C1532,2025-08-18,Downtown,Pastries,Scone,2,3.73,Mobile Pay,
ORD15772,C1484,2025-08-12,University Ave,Brewed Coffee,Pour Over,1,2.84,Cash,
ORD15773,C1193,2025-01-09,University Ave,Brewed Coffee,Pour Over,1,2.75,Mobile Pay,
ORD15774,C1367,2025-07-20,University Ave,Espresso Drinks,Latte,3,5.13,Mobile Pay,4.0
ORD15775,C1471,2025-04-12,University Ave,Tea,Chai Latte,2,4.05,Card,3.0
ORD15776,C1228,2025-10-21,University Ave,Brewed Coffee,Cold Brew,3,4.21,Mobile Pay,
ORD15777,C1451,2025-07-03,Downtown,Espresso Drinks,Espresso Shot,1,5.67,Gift Card,2.0
ORD15778,C1630,2025-02-15,Riverside,Brewed Coffee,Drip Coffee,2,3.63,Mobile Pay,2.0
ORD15779,C1395,2025-11-19,University Ave,Espresso Drinks,Flat White,1,5.09,Cash,
ORD15780,C1101,2025-04-14,Riverside,Brewed Coffee,Pour Over,1,3.77,Card,4.0
ORD15781,C1626,2025-04-09,University Ave,Espresso Drinks,Flat White,1,5.55,Mobile Pay,
ORD15782,C1512,2025-12-07,Downtown,Espresso Drinks,Flat White,1,4.18,Cash,
ORD15783,C1518,2025-10-10,University Ave,Brewed Coffee,Cold Brew,2,4.25,Card,3.0
ORD15784,C1088,2025-11-09,University Ave,Pastries,Cinnamon Roll,1,3.85,Mobile Pay,
ORD15785,C1045,2025-08-30,University Ave,Espresso Drinks,Espresso Shot,2,4.76,Mobile Pay,5.0
ORD15786,C1600,2025-11-28,Riverside,Pastries,Muffin,1,3.34,Card,
ORD15787,C1392,2025-02-11, Downtown ,Pastries,Cinnamon Roll,3,4.46,Card,5.0
ORD15788,C1456,2025-08-07,Downtown,Brewed Coffee,Pour Over,2,3.57,Card,3.0
ORD15789,C1380,2025-04-17,Downtown,Espresso Drinks,Latte,2,5.17,Card,
ORD15790,C1395,2025-05-26,Riverside,Brewed Coffee,Drip Coffee,1,3.66,Cash,
ORD15791,C1169,2025-03-28,Riverside,Espresso Drinks,Latte,3,5.19,Card,
ORD15792,C1300,2025-03-16,Riverside,Espresso Drinks,Americano,2,4.3,Card,4.0
ORD15793,C1276,2025-06-11,Riverside,Espresso Drinks,Latte,2,4.45,Card,
ORD15794,C1559,2025-12-01,Riverside,Pastries,Muffin,1,2.91,Card,
ORD15795,C1617,2025-08-20,Downtown,Espresso Drinks,Americano,1,5.16,Card,5.0
ORD15796,C1165,2025-05-08,Downtown,Tea,Green Tea,1,3.27,Card,5.0
ORD15797,C1222,2025-06-07,Downtown,Tea,Green Tea,2,4.09,Card,
ORD15798,C1197,2025-07-12,Riverside,Brewed Coffee,Cold Brew,2,3.54,Gift Card,
ORD15799,C1448,2025-03-31,Downtown,Food,Avocado Toast,1,7.81,Mobile Pay,
ORD15800,C1156,2025-07-09,University Ave,Pastries,Scone,1,2.99,Mobile Pay,4.0
ORD15801,C1038,2025-09-11,Riverside,Espresso Drinks,Americano,1,4.09,Card,
ORD15802,C1050,2025-03-30,Downtown,Pastries,Muffin,3,3.71,Mobile Pay,
ORD15803,C1433,2025-08-01,Riverside,Espresso Drinks,Espresso Shot,1,5.03,Gift Card,
ORD15804,C1364,2025-09-15,University Ave,Espresso Drinks,Latte,1,4.12,Cash,5.0
ORD15805,C1039,2025-07-09,Downtown,Brewed Coffee,Pour Over,3,4.25,Card,5.0
ORD15806,C1182,2025-04-17,University Ave,Espresso Drinks,Cappuccino,3,5.01,Card,4.0
ORD15807,C1233,2025-07-21,University Ave,Pastries,Cinnamon Roll,1,3.75,Cash,
ORD15808,C1360,2025-10-16,Downtown,Espresso Drinks,Espresso Shot,2,4.6,Card,
ORD15809,C1232,2025-03-22,riverside,Espresso Drinks,Espresso Shot,1,4.62,Card,
ORD15810,C1432,2025-07-29,Downtown,Brewed Coffee,Pour Over,1,3.06,Card,4.0
ORD15811,C1511,2025-09-05,Downtown,Brewed Coffee,Pour Over,1,2.88,Card,
ORD15812,C1025,2025-04-28,Riverside,Tea,Herbal Tea,1,3.66,Card,
ORD15813,C1181,2025-05-22,Downtown,Pastries,Croissant,1,4.22,Cash,4.0
ORD15814,C1440,2025-11-20,Downtown,Tea,Herbal Tea,1,4.27,Cash,
ORD15815,C1027,2025-05-13,University Ave,Espresso Drinks,Cappuccino,2,5.47,Card,
ORD15816,C1581,2025-08-06,Riverside,Espresso Drinks,Latte,1,4.97,Mobile Pay,
ORD15817,C1643,2025-02-24,Downtown,Espresso Drinks,Espresso Shot,2,5.05,Mobile Pay,3.0
ORD15818,C1269,2025-12-04,Riverside,Espresso Drinks,Cappuccino,2,4.93,Cash,4.0
ORD15819,C1621,2025-08-06,University Ave,Pastries,Muffin,3,4.46,Card,
ORD15820,C1621,2025-10-04,Downtown,Espresso Drinks,Flat White,1,5.61,Card,
ORD15821,C1582,2025-08-08,University Ave,Espresso Drinks,Flat White,2,4.42,Card,
ORD15822,C1532,2025-05-10,Downtown,Espresso Drinks,Americano,1,5.3,Card,
ORD15823,C1497,2025-05-04,Downtown,Espresso Drinks,Latte,2,3.81,Gift Card,
ORD15824,C1307,2025-09-13,Riverside,Espresso Drinks,Cappuccino,2,3.8,Card,5.0
ORD15825,C1354,2025-11-09,Downtown,Espresso Drinks,Espresso Shot,3,4.16,Mobile Pay,2.0
ORD15826,C1583,2025-02-16,Downtown,Tea,Green Tea,1,4.72,Gift Card,5.0
ORD15827,C1267,2025-11-04, University Ave ,Espresso Drinks,Espresso Shot,1,3.76,Cash,
ORD15828,C1029,2025-10-30,Downtown,Espresso Drinks,Americano,1,4.25,Mobile Pay,
ORD15829,C1252,2025-02-09,Downtown,Brewed Coffee,Pour Over,1,3.91,Card,
ORD15830,C1284,2025-02-09,Downtown,Espresso Drinks,Americano,1,5.47,Cash,3.0
ORD15831,C1004,2025-09-10,Downtown,Brewed Coffee,Drip Coffee,1,3.33,Cash,4.0
ORD15832,C1045,2025-11-03,University Ave,Tea,Chai Latte,1,4.66,Card,5.0
ORD15833,C1545,2025-05-24,University Ave,Espresso Drinks,Cappuccino,2,3.79,Mobile Pay,5.0
ORD15834,C1590,2025-08-22,Downtown,Espresso Drinks,Flat White,1,4.53,Mobile Pay,
ORD15835,C1146,2025-12-30,Downtown,Espresso Drinks,Flat White,1,5.28,Card,
ORD15836,C1036,2025-04-28,Downtown,Tea,Chai Latte,1,4.27,Card,
ORD15837,C1314,2025-03-23,downtown,Espresso Drinks,Latte,1,4.2,Card,
ORD15838,C1068,2025-12-27,University Ave,Espresso Drinks,Cappuccino,1,5.61,Gift Card,3.0
ORD15839,C1169,2025-04-13,Downtown,Pastries,Muffin,1,2.73,Mobile Pay,5.0
ORD15840,C1161,2025-06-22,University Ave,Espresso Drinks,Flat White,1,3.85,Mobile Pay,4.0
ORD15841,C1294,2025-06-10,Downtown,Food,Avocado Toast,1,7.05,Card,
ORD15842,C1276,2025-07-10,Downtown,Espresso Drinks,Flat White,1,5.47,Mobile Pay,
ORD15843,C1567,2025-04-08,Downtown,Food,Avocado Toast,1,7.79,Gift Card,3.0
ORD15844,C1630,2025-09-05,Riverside,Espresso Drinks,Americano,1,4.04,Cash,
ORD15845,C1062,2025-09-09,University Ave,Espresso Drinks,Americano,1,5.53,Card,
ORD15846,C1412,2025-03-15,Downtown,Espresso Drinks,Latte,1,5.36,Cash,
ORD15847,C1491,2025-06-25,Downtown,Espresso Drinks,Cappuccino,3,4.99,Card,
ORD15848,C1489,2025-01-21,Riverside,Espresso Drinks,Latte,1,5.56,Card,2.0
ORD15849,C1645,2025-03-22,Downtown,Pastries,Muffin,2,3.19,Card,
ORD15850,C1336,2025-12-26, University Ave ,Espresso Drinks,Espresso Shot,2,4.53,Card,4.0
ORD15851,C1643,2025-07-04,Riverside,Pastries,Croissant,3,2.77,Mobile Pay,
ORD15852,C1165,2025-08-15,Downtown,Espresso Drinks,Flat White,1,3.98,Mobile Pay,
ORD15853,C1470,2025-11-20,University Ave,Espresso Drinks,Cappuccino,1,4.09,Mobile Pay,
ORD15854,C1439,2025-09-17,Downtown,Brewed Coffee,Drip Coffee,1,3.38,Mobile Pay,4.0
ORD15855,C1143,2025-10-16,Downtown,Brewed Coffee,Pour Over,3,2.98,Mobile Pay,2.0
ORD15856,C1152,2025-09-17,Riverside,Espresso Drinks,Cappuccino,1,5.14,Mobile Pay,
ORD15857,C1535,2025-07-01,University Ave,Tea,Herbal Tea,1,4.3,Cash,
ORD15858,C1640,2025-08-19,Downtown,Pastries,Cinnamon Roll,1,2.96,Card,
ORD15859,C1201,2025-04-16,Riverside,Pastries,Scone,1,3.2,Card,5.0
ORD15860,C1549,2025-11-21,Riverside,Tea,Chai Latte,2,4.6,Card,4.0
ORD15861,C1463,2025-03-07,Riverside,Food,Bagel,1,8.18,Card,2.0
ORD15862,C1430,2025-11-18,Riverside,Brewed Coffee,Pour Over,1,4.16,Card,
ORD15863,C1303,2025-11-16,University Ave,Espresso Drinks,Cappuccino,1,5.48,Cash,5.0
ORD15864,C1376,2025-02-21,University Ave,Espresso Drinks,Cappuccino,2,5.62,Gift Card,
ORD15865,C1529,2025-09-16,university ave,Espresso Drinks,Flat White,3,5.21,Cash,4.0
ORD15866,C1254,2025-12-27,Riverside,Food,Avocado Toast,3,8.37,Mobile Pay,5.0
ORD15867,C1294,2025-07-28,Downtown,Espresso Drinks,Flat White,1,4.63,Card,
ORD15868,C1141,2025-05-04,Riverside,Food,Breakfast Sandwich,1,7.12,Card,
ORD15869,C1642,2025-11-17,University Ave,Pastries,Croissant,2,2.77,Mobile Pay,
ORD15870,C1212,2025-07-06,University Ave,Espresso Drinks,Espresso Shot,2,3.95,Card,
ORD15871,C1571,2025-02-14,University Ave,Espresso Drinks,Cappuccino,1,4.24,Mobile Pay,5.0
ORD15872,C1606,2025-04-01,University Ave,Espresso Drinks,Espresso Shot,1,5.28,Card,
ORD15873,C1320,2025-09-06,Riverside,Espresso Drinks,Cappuccino,1,4.11,Card,4.0
ORD15874,C1562,2025-06-15,Riverside,Pastries,Scone,3,2.57,Mobile Pay,
ORD15875,C1200,2025-03-20,Downtown,Espresso Drinks,Americano,1,4.03,Cash,5.0
ORD15876,C1175,2025-10-18,Downtown,Brewed Coffee,Cold Brew,3,3.24,Gift Card,2.0
ORD15877,C1408,2025-02-13,University Ave,Espresso Drinks,Flat White,1,4.13,Mobile Pay,
ORD15878,C1306,2025-03-21,Downtown,Brewed Coffee,Cold Brew,1,3.4,Cash,4.0
ORD15879,C1623,2025-06-19,Downtown,Brewed Coffee,Cold Brew,1,3.42,Card,
ORD15880,C1099,2025-01-15,Riverside,Pastries,Muffin,2,3.4,Mobile Pay,4.0
ORD15881,C1254,2025-05-22,Riverside,Pastries,Scone,2,3.55,Card,4.0
ORD15882,C1508,2025-11-28,Riverside,Brewed Coffee,Drip Coffee,2,4.09,Card,
ORD15883,C1331,2025-12-09,Downtown,Brewed Coffee,Cold Brew,1,3.93,Card,
ORD15884,C1537,2025-11-14,Riverside,Pastries,Scone,1,4.06,Cash,
ORD15885,C1353,2025-04-28,University Ave,Pastries,Cinnamon Roll,1,3.85,Card,
ORD15886,C1092,2025-01-24,University Ave,Food,Bagel,2,6.01,Mobile Pay,
ORD15887,C1419,2025-10-24, University Ave ,Food,Breakfast Sandwich,1,7.62,Cash,4.0
ORD15888,C1336,2025-05-16,University Ave,Pastries,Croissant,1,4.04,Mobile Pay,
ORD15889,C1354,2025-09-30,Downtown,Espresso Drinks,Espresso Shot,1,4.4,Card,3.0
ORD15890,C1370,2025-02-13,Riverside,Food,Avocado Toast,3,7.58,Mobile Pay,2.0
ORD15891,C1585,2025-09-01,Riverside,Tea,Green Tea,1,3.44,Mobile Pay,
ORD15892,C1026,2025-08-02,university ave,Tea,Herbal Tea,2,3.5,Card,4.0
ORD15893,C1281,2025-12-02,University Ave,Espresso Drinks,Cappuccino,2,4.22,Mobile Pay,
ORD15894,C1233,2025-02-07,Downtown,Espresso Drinks,Latte,2,5.74,Mobile Pay,
ORD15895,C1359,2025-05-29,University Ave,Tea,Herbal Tea,2,4.32,Card,
ORD15896,C1300,2025-12-27,Downtown,Tea,Herbal Tea,1,4.01,Gift Card,4.0
ORD15897,C1534,2025-05-22,Downtown,Espresso Drinks,Flat White,2,4.42,Gift Card,4.0
ORD15898,C1077,2025-08-28,Riverside,Espresso Drinks,Cappuccino,1,5.03,Mobile Pay,3.0
ORD15899,C1370,2025-02-28,Riverside,Espresso Drinks,Flat White,3,4.97,Cash,
ORD15900,C1234,2025-09-23,Downtown,Pastries,Scone,2,4.21,Gift Card,4.0
ORD15901,C1549,2025-04-11,Downtown,Espresso Drinks,Latte,3,4.26,Card,
ORD15902,C1526,2025-07-28,Downtown,Espresso Drinks,Americano,2,5.06,Card,
ORD15903,C1319,2025-11-17,University Ave,Espresso Drinks,Americano,3,4.64,Mobile Pay,
ORD15904,C1575,2025-08-29,Downtown,Pastries,Croissant,1,2.84,Card,
ORD15905,C1548,2025-06-22,University Ave,Tea,Green Tea,1,3.62,Card,
ORD15906,C1437,2025-03-11,Downtown,Pastries,Muffin,1,3.45,Card,
ORD15907,C1214,2025-05-05,Downtown,Espresso Drinks,Latte,2,5.33,Mobile Pay,
ORD15908,C1631,2025-11-06,University Ave,Espresso Drinks,Americano,2,4.41,Card,
ORD15909,C1263,2025-03-20,Downtown,Brewed Coffee,Pour Over,1,3.42,Card,
ORD15910,C1350,2025-08-27,Downtown,Food,Bagel,1,7.5,Mobile Pay,
ORD15911,C1233,2025-06-26,Riverside,Espresso Drinks,Latte,1,4.19,Mobile Pay,4.0
ORD15912,C1432,2025-04-27,Downtown,Espresso Drinks,Latte,2,4.44,Gift Card,
ORD15913,C1310,2025-09-18,Downtown,Brewed Coffee,Cold Brew,1,3.29,Cash,
ORD15914,C1568,2025-05-12,Riverside,Espresso Drinks,Americano,2,4.32,Cash,
ORD15915,C1366,2025-04-15,Riverside,Pastries,Croissant,1,2.81,Card,4.0
ORD15916,C1084,2025-07-12,Downtown,Food,Bagel,2,8.3,Mobile Pay,5.0
ORD15917,C1013,2025-10-03,Riverside,Brewed Coffee,Drip Coffee,1,3.74,Mobile Pay,
ORD15918,C1627,2025-11-11,Downtown,Espresso Drinks,Latte,3,3.82,Card,
ORD15919,C1406,2025-08-18,University Ave,Brewed Coffee,Cold Brew,3,3.08,Mobile Pay,
ORD15920,C1527,2025-08-29,university ave,Brewed Coffee,Pour Over,1,3.84,Card,
ORD15921,C1537,2025-10-14,downtown,Food,Bagel,1,6.66,Mobile Pay,5.0
ORD15922,C1403,2025-04-09,University Ave,Pastries,Cinnamon Roll,1,3.56,Card,5.0
ORD15923,C1235,2025-04-02,Riverside,Espresso Drinks,Flat White,1,4.61,Card,
ORD15924,C1150,2025-06-26,Riverside,Food,Bagel,3,5.78,Card,
ORD15925,C1422,2025-08-18,Downtown,Food,Breakfast Sandwich,2,7.16,Card,
ORD15926,C1114,2025-08-24, Riverside ,Pastries,Cinnamon Roll,1,4.5,Mobile Pay,3.0
ORD15927,C1345,2025-02-25,Downtown,Brewed Coffee,Drip Coffee,1,3.32,Card,
ORD15928,C1380,2025-10-12,university ave,Pastries,Muffin,2,2.57,Card,5.0
ORD15929,C1620,2025-05-13,Downtown,Espresso Drinks,Latte,1,3.86,Card,3.0
ORD15930,C1596,2025-11-16,Riverside,Tea,Chai Latte,1,4.42,Card,4.0
ORD15931,C1208,2025-09-21,Riverside,Brewed Coffee,Drip Coffee,2,3.59,Cash,1.0
ORD15932,C1126,2025-12-24,University Ave,Brewed Coffee,Cold Brew,1,4.2,Mobile Pay,
ORD15933,C1095,2025-08-18,Riverside,Espresso Drinks,Cappuccino,1,4.91,Card,5.0
ORD15934,C1523,2025-07-12,Downtown,Pastries,Muffin,1,4.16,Card,
ORD15935,C1055,2025-03-10,Downtown,Tea,Herbal Tea,2,4.1,Mobile Pay,5.0
ORD15936,C1162,2025-05-26,Downtown,Pastries,Muffin,1,4.05,Mobile Pay,
ORD15937,C1137,2025-11-09,Downtown,Espresso Drinks,Latte,2,5.13,Mobile Pay,3.0
ORD15938,C1229,2025-05-20,University Ave,Espresso Drinks,Latte,3,5.28,Card,5.0
ORD15939,C1123,2025-01-20,Riverside,Espresso Drinks,Flat White,3,5.75,Card,4.0
ORD15940,C1219,2025-03-31,Riverside,Espresso Drinks,Cappuccino,1,5.07,Mobile Pay,3.0
ORD15941,C1312,2025-08-05,Downtown,Espresso Drinks,Espresso Shot,2,5.23,Mobile Pay,1.0
ORD15942,C1166,2025-08-17,Riverside,Pastries,Croissant,1,3.74,Card,4.0
ORD15943,C1301,2025-12-25,University Ave,Pastries,Cinnamon Roll,2,2.87,Cash,
ORD15944,C1462,2025-12-06,Riverside,Tea,Chai Latte,3,3.75,Card,4.0
ORD15945,C1377,2025-07-13,Downtown,Brewed Coffee,Pour Over,1,3.71,Mobile Pay,
ORD15946,C1604,2025-07-21,Downtown,Brewed Coffee,Drip Coffee,1,3.0,Mobile Pay,5.0
ORD15947,C1016,2025-10-19,University Ave,Tea,Chai Latte,2,4.47,Mobile Pay,
ORD15948,C1571,2025-01-18,University Ave,Espresso Drinks,Flat White,1,5.53,Mobile Pay,5.0
ORD15949,C1338,2025-08-05,University Ave,Tea,Herbal Tea,1,4.26,Mobile Pay,
ORD15950,C1575,2025-06-22,University Ave,Food,Avocado Toast,1,6.24,Gift Card,
ORD15951,C1463,2025-10-13,Downtown,Espresso Drinks,Espresso Shot,2,5.08,Card,
ORD15952,C1478,2025-10-19,Riverside,Espresso Drinks,Latte,1,4.42,Mobile Pay,
ORD15953,C1608,2025-08-27,Downtown,Espresso Drinks,Latte,2,4.62,Mobile Pay,
ORD15954,C1251,2025-08-28,downtown,Food,Breakfast Sandwich,1,7.75,Card,
ORD15955,C1598,2025-09-09,Downtown,Brewed Coffee,Drip Coffee,3,3.63,Card,4.0
ORD15956,C1189,2025-07-31,Downtown,Pastries,Muffin,2,4.16,Card,4.0
ORD15957,C1424,2025-03-24,University Ave,Food,Avocado Toast,1,6.83,Card,
ORD15958,C1417,2025-04-14,Downtown,Pastries,Cinnamon Roll,3,2.55,Cash,
ORD15959,C1021,2025-09-28,Downtown,Espresso Drinks,Latte,1,4.13,Card,4.0
ORD15960,C1158,2025-08-14,Downtown,Espresso Drinks,Americano,1,5.24,Card,4.0
ORD15961,C1350,2025-03-28,Riverside,Espresso Drinks,Flat White,3,4.16,Mobile Pay,
ORD15962,C1391,2025-11-16,riverside,Brewed Coffee,Pour Over,1,3.22,Mobile Pay,
ORD15963,C1448,2025-12-23,University Ave,Espresso Drinks,Flat White,1,4.87,Mobile Pay,
ORD15964,C1405,2025-08-16,University Ave,Espresso Drinks,Flat White,1,4.06,Cash,
ORD15965,C1306,2025-03-24,Downtown,Espresso Drinks,Espresso Shot,3,3.96,Card,
ORD15966,C1060,2025-12-08,Riverside,Espresso Drinks,Flat White,1,5.11,Mobile Pay,
ORD15967,C1082,2025-03-28,Downtown,Food,Bagel,2,5.88,Card,
ORD15968,C1211,2025-06-07,Riverside,Pastries,Cinnamon Roll,1,4.38,Card,5.0
ORD15969,C1594,2025-11-09,Riverside,Brewed Coffee,Cold Brew,1,4.13,Card,5.0
ORD15970,C1130,2025-07-09,University Ave,Espresso Drinks,Espresso Shot,2,4.8,Card,
ORD15971,C1303,2025-03-30,Downtown,Brewed Coffee,Pour Over,3,3.6,Mobile Pay,
ORD15972,C1520,2025-01-30,University Ave,Espresso Drinks,Latte,1,4.26,Mobile Pay,
ORD15973,C1316,2025-05-12,University Ave,Espresso Drinks,Americano,1,5.01,Card,
ORD15974,C1472,2025-09-02,Riverside,Pastries,Scone,1,3.14,Card,4.0
ORD15975,C1031,2025-09-18,Downtown,Brewed Coffee,Drip Coffee,1,3.56,Mobile Pay,4.0
ORD15976,C1263,2025-03-23,Downtown,Espresso Drinks,Latte,2,4.49,Cash,3.0
ORD15977,C1487,2025-02-27,Downtown,Food,Avocado Toast,2,8.18,Card,
ORD15978,C1354,2025-09-13,University Ave,Food,Avocado Toast,0,5.51,Gift Card,4.0
ORD15979,C1075,2025-02-27,Downtown,Tea,Green Tea,3,4.66,Card,5.0
ORD15980,C1096,2025-01-24,Riverside,Espresso Drinks,Latte,1,3.87,Gift Card,
ORD15981,C1086,2025-06-27,University Ave,Tea,Herbal Tea,1,3.6,Mobile Pay,
ORD15982,C1366,2025-07-27,Riverside,Pastries,Cinnamon Roll,2,3.24,Gift Card,
ORD15983,C1295,2025-03-30,University Ave,Espresso Drinks,Flat White,3,5.34,Card,
ORD15984,C1499,2025-03-18,Downtown,Espresso Drinks,Latte,1,4.75,Card,5.0
ORD15985,C1238,2025-03-27,Downtown,Food,Bagel,1,7.23,Gift Card,
ORD15986,C1511,2025-05-05,Downtown,Tea,Chai Latte,3,3.6,Mobile Pay,
ORD15987,C1204,2025-01-04,Riverside,Brewed Coffee,Pour Over,3,2.79,Card,
ORD15988,C1084,2025-01-05,Downtown,Espresso Drinks,Espresso Shot,1,5.16,Card,
ORD15989,C1043,2025-05-15,Downtown,Espresso Drinks,Flat White,1,5.43,Cash,
ORD15990,C1019,2025-01-08,University Ave,Tea,Green Tea,2,3.69,Mobile Pay,3.0
ORD15991,C1318,2025-04-26, University Ave ,Pastries,Croissant,2,2.76,Card,5.0
ORD15992,C1004,2025-07-31,University Ave,Pastries,Croissant,1,4.46,Mobile Pay,
ORD15993,C1522,2025-01-12,Downtown,Brewed Coffee,Pour Over,1,2.85,Card,
ORD15994,C1050,2025-08-13,Downtown,Espresso Drinks,Latte,1,4.16,Card,4.0
ORD15995,C1032,2025-08-15,Downtown,Espresso Drinks,Espresso Shot,2,4.1,Card,4.0
ORD15996,C1006,2025-07-28,Riverside,Brewed Coffee,Drip Coffee,1,3.92,Card,
ORD15997,C1054,2025-08-17,Downtown,Espresso Drinks,Cappuccino,1,4.57,Mobile Pay,3.0
ORD15998,C1536,2025-10-22,Riverside,Pastries,Muffin,2,3.83,Card,5.0
ORD15999,C1150,2025-01-26,Downtown,Espresso Drinks,Espresso Shot,2,3.76,Card,
ORD14985,C1213,2025-03-05,University Ave,Espresso Drinks,Americano,1,5.72,Card,2.0
ORD14900,C1469,2025-07-07,Riverside,Pastries,Muffin,1,4.21,Cash,3.0
ORD13051,C1299,2025-10-04,University Ave,Tea,Green Tea,1,4.31,Card,5.0
ORD13628,C1234,2025-03-12,University Ave,Espresso Drinks,Cappuccino,1,5.26,Cash,
ORD10800,C1449,2025-09-11,Riverside,Food,Breakfast Sandwich,2,6.28,Card,
ORD10950,C1293,2025-06-25,University Ave,Brewed Coffee,Cold Brew,1,3.44,Card,
ORD15709,C1567,2025-03-07,Riverside,Espresso Drinks,Americano,1,4.76,Mobile Pay,
ORD13831,C1559,2025-11-06,Riverside,Brewed Coffee,Drip Coffee,2,3.98,Cash,
ORD11706,C1461,2025-12-05,Downtown,Espresso Drinks,Americano,2,4.41,Card,
ORD13438,C1599,2025-03-28,Riverside,Pastries,Muffin,1,3.27,Mobile Pay,5.0
ORD11270,C1136,2025-10-20,Downtown,Espresso Drinks,Cappuccino,3,4.4,Card,5.0
ORD11997,C1294,2025-06-20,Riverside,Espresso Drinks,Espresso Shot,1,5.12,Card,
ORD11371,C1551,2025-07-25,University Ave,Tea,Chai Latte,2,4.27,Card,5.0
ORD14745,C1267,2025-09-23,Riverside,Espresso Drinks,Cappuccino,1,4.0,Mobile Pay,2.0
ORD13649,C1525,2025-08-25,Downtown,Espresso Drinks,Americano,1,4.73,Cash,
ORD15311,C1011,2025-05-01,University Ave,Pastries,Scone,1,4.1,Card,
ORD12331,C1177,2025-01-21,Riverside,Pastries,Croissant,3,3.4,Mobile Pay,5.0
ORD13849,C1649,2025-04-24,Downtown,Brewed Coffee,Drip Coffee,2,3.56,Mobile Pay,
ORD15694,C1609,2025-11-25,Downtown,Pastries,Muffin,2,2.77,Card,
ORD13122,C1551,2025-01-02,Downtown,Pastries,Cinnamon Roll,1,4.21,Card,5.0
